:020000040800F2
:10000000000002205909000855090008254B000886
:1000100055090008550900085509000800000000AE
:10002000000000000000000000000000550900086A
:10003000550900080000000055090008A94A0008F9
:100040005509000855090008550900085509000818
:100050005509000855090008550900085509000808
:10006000550900085509000855090008B14600085F
:10007000BD460008A92F0008C9460008D54600085B
:100080009DF80008953B000855090008550900082F
:1000900055090008550900085509000855090008C8
:1000A00055090008550900085509000855090008B8
:1000B000C9EC0008D5EC0008E1EC0008C93B0008D9
:1000C00055090008D53B00085509000839E5000826
:1000D00045E50008D1F60008FDF6000831F70008F4
:1000E00055090008550900080000000055090008DE
:1000F0005509000855090008550900085509000868
:100100005509000855090008EDEC000851E5000804
:1001100065F7000899F700087532000855090008CE
:100120005D3200086932000875E50008A9E500089D
:10013000D1F80008550900085509000855090008BC
:1001400000000000000000000000000000000000AF
:10015000550900085509000855090008CDF70008A1
:10016000E13B000855090008B94A0008DD4A0008CB
:1001700055090008014B00085509000855090008F9
:10018000550900085509000801F8000835F800086D
:100190005DE5000869E500085509000855090008F3
:1001A00055090008550900085509000855090008B7
:1001B000D1430008550900085509000855090008F1
:1001C0005509000855090008550900085509000897
:1001D0005509000855090008550900085509000887
:1001E0005509000855090008550900085509000877
:1001F0005509000855090008550900085509000867
:100200005509000855090008550900085509000856
:100210005509000855090008550900085509000846
:10022000550900085509000855090008000000009C
:10023000550900085509000800000000550900088C
:100240005509000855090008550900085509000816
:100250005509000855090008550900085509000806
:1002600055090008550900085509000855090008F6
:10027000550900085509000869F800080000000049
:10028000550900085509000855090008000000003C
:08029000000000005509000800
:1002980010B5054C237833B9044B13B10448AFF3B8
:1002A80000800123237010BD880400240000000092
:1002B8003835010808B5034B1BB103490348AFF3B0
:1002C800008008BD000000008C04002438350108B7
:1002D80081F0004102E000BF83F0004330B54FEAEF
:1002E80041044FEA430594EA050F08BF90EA020F5C
:1002F8001FBF54EA000C55EA020C7FEA645C7FEAEF
:10030800655C00F0E2804FEA5454D4EB5555B8BF11
:100318006D420CDD2C4480EA020281EA030382EA82
:10032800000083EA010180EA020281EA0303362D14
:1003380088BF30BD11F0004F4FEA01314FF4801CE7
:100348004CEA113102D0404261EB410113F0004FF9
:100358004FEA03334CEA133302D0524263EB4303B0
:1003680094EA050F00F0A780A4F10104D5F1200E4E
:100378000DDB02FA0EFC22FA05F2801841F10001A9
:1003880003FA0EF2801843FA05F359410EE0A5F17D
:1003980020050EF1200E012A03FA0EFC28BF4CF0AE
:1003A800020C43FA05F3C01851EBE37101F0004564
:1003B80007D54FF0000EDCF1000C7EEB00006EEB71
:1003C8000101B1F5801F1BD3B1F5001F0CD34908FB
:1003D8005FEA30004FEA3C0C04F101044FEA445252
:1003E80012F5800F80F09A80BCF1004F08BF5FEAD9
:1003F800500C50F1000041EB045141EA050130BDB9
:100408005FEA4C0C404141EB0101013C28BFB1F5CA
:10041800801FE9D291F0000F04BF01460020B1FA15
:1004280081F308BF2033A3F10B03B3F120020CDAE8
:100438000C3208DD02F1140CC2F10C0201FA0CF0C6
:1004480021FA02F10CE002F11402D8BFC2F1200C2B
:1004580001FA02F120FA0CFCDCBF41EA0C019040E1
:10046800E41AA2BF01EB0451294330BD6FEA04042A
:100478001F3C1CDA0C340EDC04F11404C4F1200215
:1004880020FA04F001FA02F340EA030021FA04F327
:1004980045EA030130BDC4F10C04C4F1200220FA7E
:1004A80002F001FA04F340EA0300294630BD21FABC
:1004B80004F0294630BD94F0000F83F4801306BF82
:1004C80081F480110134013D4EE77FEA645C18BF76
:1004D8007FEA655C29D094EA050F08BF90EA020F0D
:1004E80005D054EA000C04BF1946104630BD91EA05
:1004F800030F1EBF0021002030BD5FEA545C05D108
:100508004000494128BF41F0004130BD14F5800446
:100518003CBF01F5801130BD01F0004545F0FE41BA
:1005280041F470014FF0000030BD7FEA645C1ABFEF
:10053800194610467FEA655C1CBF0B46024650EA26
:10054800013406BF52EA033591EA030F41F4002152
:1005580030BD00BF90F0000F04BF0021704730B5D8
:100568004FF4806404F132044FF000054FF00001AD
:1005780050E700BF90F0000F04BF0021704730B56E
:100588004FF4806404F1320410F0004548BF404243
:100598004FF000013EE700BF42004FEAE2014FEA98
:1005A80031014FEA02701FBF12F07F4393F07F4F73
:1005B80081F06051704732F07F4208BF704793F076
:1005C8007F4F04BF41F40021704730B54FF4607489
:1005D80001F0004521F000411CE700BF50EA01028C
:1005E80008BF704730B54FF000050AE050EA010235
:1005F80008BF704730B511F0004502D5404261EBA5
:1006080041014FF4806404F132045FEA915C3FF4E5
:10061800D8AE4FF003025FEADC0C18BF03325FEA82
:10062800DC0C18BF033202EBDC02C2F1200300FA33
:1006380003FC20FA02F001FA03FE40EA0E0021FA58
:1006480002F11444BDE600BF53B94AB9002908BFF6
:1006580000281CBF4FF0FF314FF0FF3000F074B995
:10066800ADF1080C6DE904CE00F006F8DDF804E001
:10067800DDE9022304B070472DE9F047089D0446E0
:100688008E46002B4DD18A42944669D9B2FA82F23D
:1006980052B101FA02F3C2F1200120FA01F10CFA79
:1006A80002FC41EA030E94404FEA1C48210CBEFBB1
:1006B800F8F61FFA8CF708FB16E341EA034306FB3A
:1006C80007F199420AD91CEB030306F1FF3080F0C9
:1006D8001F81994240F21C81023E63445B1AA4B216
:1006E800B3FBF8F008FB103344EA034400FB07F7B8
:1006F800A7420AD91CEB040400F1FF3380F00A81F9
:10070800A74240F207816444023840EA0640E41BED
:1007180000261DB1D4400023C5E900433146BDE899
:10072800F0878B4209D9002D00F0EF800026C5E93B
:10073800000130463146BDE8F087B3FA83F6002E53
:100748004AD18B4202D3824200F2F980841A61EBCB
:10075800030301209E46002DE0D0C5E9004EDDE7E9
:1007680002B9FFDEB2FA82F2002A40F09280A1EBD1
:100778000C014FEA1C471FFA8CFE0126200CB1FB26
:10078800F7F307FB131140EA01410EFB03F088421F
:1007980008D91CEB010103F1FF3802D2884200F2AC
:1007A800CB804346091AA4B2B1FBF7F007FB10113E
:1007B80044EA01440EFB00FEA64508D91CEB0404DC
:1007C80000F1FF3102D2A64500F2BB800846A4EB37
:1007D8000E0440EA03409CE7C6F12007B34022FA22
:1007E80007FC4CEA030C20FA07F401FA06F31C4351
:1007F800F9404FEA1C4900FA06F3B1FBF9F8200C5E
:100808001FFA8CFE09FB181140EA014108FB0EF0A3
:10081800884202FA06F20BD91CEB010108F1FF3AF3
:1008280080F08880884240F28580A8F102086144FF
:10083800091AA4B2B1FBF9F009FB101144EA01410D
:1008480000FB0EFE8E4508D91CEB010100F1FF34B8
:100858006CD28E456AD90238614440EA0840A0FB50
:100868000294A1EB0E01A142C846A64656D353D026
:100878005DB1B3EB080261EB0E0101FA07F722FA4A
:1008880006F3F1401F43C5E9007100263146BDE873
:10089800F087C2F12003D8400CFA02FC21FA03F3D6
:1008A800914001434FEA1C471FFA8CFEB3FBF7F057
:1008B80007FB10360B0C43EA064300FB0EF69E427C
:1008C80004FA02F408D91CEB030300F1FF382FD215
:1008D8009E422DD9023863449B1B89B2B3FBF7F6BD
:1008E80007FB163341EA034106FB0EF38B4208D996
:1008F8001CEB010106F1FF3816D28B4214D9023ED7
:100908006144C91A46EA004638E72E46284605E7F4
:100918000646E3E61846F8E64B45A9D2B9EB0208C5
:1009280064EB0C0E0138A3E74646EAE7204694E755
:100938004046D1E7D0467BE7023B614432E7304688
:1009480009E76444023842E7704700BFFEE700BF8A
:100958000B480C4A904203D0121A0B4912F0D8FAED
:100968000A480B4A904203D0121A002112F0DEFA0C
:1009780004F02EFB12F0A8FA00F00EFBFEE700BF11
:1009880000000024840400246C3501088804002435
:100998006C350024704700BF704700BF10B5D0ED1C
:1009A800077A04469FEDAF7A2DED068B90ED069AF7
:1009B80069EE277AF4EEC77AF1EE10FA00F1438176
:1009C800C0ED067AD4ED098AD4ED0A7A9FEDA57AAE
:1009D80068EEA77AF4EEC77AF1EE10FA00F13681E4
:1009E800C4ED097A94ED0C7AD4ED0D7ADFED9D6AA9
:1009F80067EE277AF4EEE67AF1EE10FA00F1298133
:100A0800C4ED0C7AD4ED0F9AD4ED107ADFED956A27
:100A180069EEA77AF4EEE67AF1EE10FA00F11C819D
:100A2800C4ED0F7ADFED900AB0EE000A94ED028A69
:100A380067EE200A11F000FEF2EE047A28EE000AB2
:100A480094ED007AB4EEE70AF1EE10FA00F10781AE
:100A5800DFED867A67EE277AF4EE407AF1EE10FA47
:100A680048BFB0EE670AC0EE077AD4ED016A9FED81
:100A780080AAB7EE007AB6EE006AB7EE008AB0EE4A
:100A8800480A77EEA67AF1EE006AF4EEC77AF1EE3C
:100A980010FAA8BF77EEC77A9FED767AC4ED017A8F
:100AA80077EEC67AF0EEE77AA7EEE60A20EE070AB6
:100AB80011F056FFF0EE407ADFED6F0AB0EE490A0A
:100AC800B0EE679A11F0B8FDD4ED1D6AB0EE002AB9
:100AD80094ED197AD4ED187A26EE877A94ED1E5A99
:100AE800D4ED1A3A6549A9EEA77AD4F89C30644A3D
:100AF800FFEE007A94ED1F4A01FB0322D4ED1B2A76
:100B0800C4ED1E6A530A94ED156AA3EE857A94ED36
:100B1800205A43F07E53D4ED1C3A79EEC64AD4ED00
:100B2800125A06EE903A94ED163AC4ED1D9A76EEF6
:100B3800C86AD4ED039AA2EEC47ADFED522AA3EE76
:100B4800246A94ED133AE6EE827ADFED4F6ADFED20
:100B58004F4A29EE8AAA9FED4E2AC4F89C20A3EE9C
:100B6800C57ADFED4C3A89EE245A84ED156A84ED96
:100B7800204A67EE266A84ED1F7A77EEE57AF3EE6F
:100B8800084AB0EE667AE3EE275ADFED437AB6EE0E
:100B9800083AA6EE027A69EEA44A65EEA77AC4ED91
:100BA800125A25EE000AA9EEA48AE7EE227AB0EEE0
:100BB800489A67EEA88A68EE838AE0EE238AB0EE48
:100BC8004A0AA8EE880A11F0CBFEB0EE408AB0EED1
:100BD8004A0A11F0C5FEF0EE407AB0EE490A38EE46
:100BE800678A11F0BDFEDFED2D7AF7EE006A94ED0D
:100BF800227AB4EEE70AD4ED235AD4ED247A94EDA0
:100C0800256AF1EE10FAC8BF88EE008A94ED040A4E
:100C180029EE888A76EEE99AD4ED266AA8EEA98AA2
:100C280038EE478AA5EE887ABDEC068B77EE677AB0
:100C380084ED227A84ED247AE6EE867A27EE800A1D
:100C4800C4ED257A10BD00238361BBE600236362EF
:100C5800C8E600232363D5E60023E363E2E6B0EEAB
:100C6800670A00E7BD3786353333D33FCDCCCC3E5A
:100C78000AD7A33DCDCCEC3F6666263F0D6619002A
:100C88005FF36E3C6666663F5C8FC23EA0A5733F0D
:100C980052B81E3F3333733FAE47613E17B7D13862
:100CA8002DE9F04F0546AB48164688462DED048BD6
:100CB80083B000F0F1FCA74800F0FAFCA64801F068
:100CC800B3FEA64801F0B0FE0021A24800F0F2FCF5
:100CD8000121F0EE408A9F4800F0ECFC02219D487B
:100CE800B0EE409A00F0E6FC03219A48B0EE408A44
:100CF80000F0E0FCF5EEC08AF0EE409AF1EE10FA52
:100D080000F12181F7EE007AF4EE678AF1EE10FA2D
:100D180077FEA88AF0EE680A9FED910A11F08CFC24
:100D2800B5EEC09ADFED8F7A8F4C20EE270AF1EEF0
:100D380010FA84ED020A00F1DA80F7EE000AB4EE48
:100D4800E09AF1EE10FA00F3D480B3EE000AF0EE68
:100D5800490A11F071FCDFED857A9FED857A60EE26
:100D6800277AF4EEC77AF1EE10FA40F1CB80F0EE74
:100D7800477A94ED050AFFEE008A27EE800A88EE8E
:100D8800800A11F0E7FBD4ED087A9FED7A7A84EDBA
:100D9800070A27EE870A88EE800A11F0DBFBD4EDFC
:100DA8000B7A9FED757A84ED0A0A27EE870A88EE9A
:100DB800800A11F0CFFBD4ED0E7A9FED707A84EDA6
:100DC8000D0A27EE870A88EE800A11F0C3FB84ED2E
:100DD800100AB5EEC08AF1EE10FA00F1B780F7EE0E
:100DE800007AB4EE678AF1EE10FA37FE888AB7EE19
:100DF800040A594B624F1A7969EE809A397884ED62
:100E0800038AC4ED049A002A00F085809B7A7F2B20
:100E180040F0818081F001033B704E4800F050FCA7
:100E28004E4B04214B489B7A019300F043FC554AF2
:100E38001378002B72D0DFED4D7AB4EEE70AF1EEAD
:100E480010FA54BF012300231370002E4AD0002447
:100E5800DFF83C91DFF83CA199ED007A0020DAED4B
:100E6800007A4FEA840BDFED486A67EE277AD5E906
:100E78000013F4EEE67A03EB840301EB84010134FA
:100E8800F1EE10FAD3ED008A019B91ED008A4CBF78
:100E9800C9F80000C9ED007AFF2B334809D1F6EEF6
:100EA800086AF7EE007AE7EE667A28EE278A68EE97
:100EB800A78AFFF773FD3978DFED347A0029D8F86F
:100EC8000430D8F8002000FE270A30EE088A30EEF9
:100ED800280A02EB0B015B44A64281ED008A83EDF0
:100EE800000AB9D103B0BDEC048BBDE8F08FDFED8B
:100EF800270AB3EE000A11F09FFBDFED1C7A60EEC3
:100F0800277A36E7B2EE047AF4EE477AF1EE10FA71
:100F180077FE277A2DE781F001017EE7F5EE007A6A
:100F2800B4EEE70AF1EE10FA8EDD4FF07E530021A1
:100F3800DFF85C90A36163622363E363C9F8003060
:100F48000123616080E7DFED118AE3E69FED0F8AF8
:100F58004DE700BFB8040024A4040024AC06002414
:100F680003050040CDCC024208000024CDCCCC3D86
:100F780017B7D1384260653C295C0F3DE02D903AA7
:100F8800A8060024BC060024BD37863500000000F2
:100F9800B40400240400002430B59348012400253B
:100FA8002DED088B83B09FED918A00F0C3F90421E1
:100FB8008D48BFEE00AA00F00FFB03218A48F7EE28
:100FC800009A00F033FB884800F05AFB0823864853
:100FD800F0EE408A8DF8013009EE105A8DF8004085
:100FE80000F052FB0099824801F004FD09237E4875
:100FF8008DF805308DF8044000F046FB01997D48D6
:1010080001F0F8FC28EE880A7B4C8AEE000AC4ED51
:10101800058AC4ED008A656011F09CFA94ED007AA7
:10102800DFED767A84ED070A67EE277A84ED087A91
:10103800A5618AEE270A11F08DFA94ED007ADFEDAA
:10104800707A84ED0A0A84ED0B7A67EE277A656276
:101058008AEE270A11F07EFA94ED007ADFED697ABC
:1010680084ED0D0A84ED0E7A67EE277A25638AEE01
:10107800270A11F06FFA94ED007ADFED636A9FEDAD
:10108800636A84ED100A67EE087A84ED117AE563E5
:10109800A564F4EEE67AF1EE10FA58BFF0EE667A3F
:1010A80067EE867A87EE870A11F054FA94ED007A93
:1010B8009FED576ADFED555A84ED147A67EE087A8A
:1010C800656539EEC00AF4EEC67A84ED130AF1EECE
:1010D80010FA58BFF0EE467A67EEA57A87EE870ACF
:1010E80011F038FA94ED00AADFED4A7A9FED4A7ABA
:1010F80084ED17AA2AEE088AC4F8805039EEC00A8F
:10110800E567A567B4EEE78A656784ED160AF1EE30
:1011180010FA48BFF0EE487A67EE877A87EE8ABA07
:10112800B0EE4B0A11F078FCF0EE40AAB0EE4B0A94
:1011380011F0E2F89FED396ADFED397AF8EE006ACE
:101148008AEE867A9FED316A84ED21AAC4F8885028
:10115800B4EEE78A60EE266AF1EE10FA58BFB0EEF8
:10116800678A28EE068A77EE297AB1EE476A79EE21
:10117800C79AC7EE274AC6EE275A89EE275A86EE3F
:10118800A76AC4ED184A89EEA77AC4ED1A5A88EE00
:101198000A0A84ED195A84ED1B6A84ED1C7A11F051
:1011A800D9F9B7EE007ADFED1F7AFFEE006A012267
:1011B800C4F8905068EEA78AC4F8945077EE407A45
:1011C800C4F89C2086EEA80AC4ED237A11F0C2F96F
:1011D800154B054883ED000A00F05AFA13490248F6
:1011E80000F0F6F9FEE700BFB80400246666E63EA4
:1011F800A4040024AC060024080000244260653CD6
:10120800295C0F3DE02D903A0020CB45DB0FC9C08B
:1012180000D0044600009645DB0FC9409A99D93F93
:1012280000C05A46713D0A3E04000024A90C00087B
:1012380008B5104800234FF60B710F4A036283620A
:10124800C0E96C13C0E97213C0E90333C0E96E3317
:10125800C0E97433094911F047F80949064A0948B1
:1012680011F042F8044A06490748BDE8084011F061
:101278003BB800BFB804002400000024A1090008FE
:101288009D090008A4040024AC06002400294ED0BF
:10129800274BF0B5D0E90024481E03F10C0E951C2D
:1012A80003F1100C4E00AC4218BF052802EB4105B3
:1012B8008CBF01200020624538BFAE452CBF0127F6
:1012C8000027384227D02644644538BFB64522D384
:1012D8009D890026D8894FEA510E65F30F06A4466A
:1012E80002EB8E0E65F31F46002560F30F0560F3D1
:1012F8001F45104640F8046B70454CF8045BF9D163
:1013080021F00100C90705D5998922F81010DB8959
:1013180024F81030F0BD023A023C023D998922F8C7
:10132800021FAA42D98924F8021FF7D1F0BD7047DD
:10133800C00600242DE9F04340F20113964A012724
:1013480006462DED028BDDB0C0F8EC21ADF81C305F
:10135800002306978DF81E3003F0F0FD044603F0D5
:1013680051FC06A90546002840F00081002C00F039
:10137800FD8030468DF81E7003F066FD072C0DF1D8
:1013880098080DD0854906F10C00854B854ACDE9B2
:101398002613012341462892ADF8A43002F090FEAE
:1013A800032201234FF000091CA904A806F1100527
:1013B800CDF870904446CDF810905CAFCDE920236D
:1013C80000220123CDE92223774B01221D9303F14B
:1013D800007303F540731E934FF44173ADF87C30EE
:1013E8000023CDE9242303F0EBF901230CA905A878
:1013F8000C930E931023CDF814908DF840306B4B5E
:10140800CDF83C900D9302F0EDFB059906F1200014
:1014180000F06EF94FF07E533020049A0A9308A921
:101428000B930323CDE90803284601F053F9284616
:1014380001F09AF92846B0EE408A01F083F9D0ED20
:10144800007A0DF1580CDFF884E1F8EE677A65460A
:10145800BEE80F0088EE277AACE80F009EE803008C
:101468008CE8030086ED7A7A35F8023B2046123480
:101478000222ADF80C30039901F004FBA742F3D126
:1014880006F1140704230C224146384606F13005BC
:1014980000249FED478A01F009FB09E001F02AFDCD
:1014A80096ED7A0A01462846013401F00BFA2035F8
:1014B800072CE1B23846F1D9E1B2013401F01AFD46
:1014C80000230146F0EE480A28461A4696ED7A0AA5
:1014D80001F0C6F90C2CEAD13046364B40F82C3FC7
:1014E80002F016F9344B012206F5D870196801F09C
:1014F8006FFA324B012206F5E470196801F068FAB8
:101508002F4B06F5F070C6F8E03102F001F92D4BCB
:1015180006F5F270C6F8E43102F0FAF80123D6F8BD
:10152800EC0111A9CDE913330223103012930023E3
:1015380015934BF68033119301F030FF384601F0D4
:10154800C3FCD6F8EC41237D04F11005FBB928460D
:101558001D4D2368D4E90112009501F09DFF012378
:1015680023755DB0BDEC028BBDE8F083304603F017
:101578006BFC25B106F1080000F0BCF9FEE6002C72
:101588007FF4FCAE06F1080000F0B4F9F6E6284650
:1015980001F0B8FFDBE700BFC00600240508050915
:1015A80005070506050A060604020404010A010BDC
:1015B8006F12033B02070100942F0108902F0108C6
:1015C800020E0100020D010095120008442F0108C7
:1015D800103001F011B900BFF8B500F11007054649
:1015E80000F1300400F5D87638462DED028B01F075
:1015F800ADF8384601F0B8F83846B0EE408A01F048
:10160800A1F8D0ED007AF8EE677A88EE270A85ED22
:101618007A0A01E095ED7A0A2046203401F0ACF907
:10162800B442F7D1BDEC028BF8BD00BFF8B500F1AC
:101638001007054600F1300400F5D87638462DED40
:10164800028B01F095F8384601F08EF83846B0EE76
:10165800408A01F077F8D0ED007AF8EE677A88EEE4
:10166800270A85ED7A0A01E095ED7A0A20462034AA
:1016780001F082F9B442F7D1BDEC028BF8BD00BF8E
:10168800103001F071B800BF90ED7A0A704700BFC2
:10169800143001F019BC00BF38B500F1300400F572
:1016A800D8752046203401F043F9AC42F9D138BD51
:1016B800704700BF00EB411191ED0F0A704700BF62
:1016C8002C3002F00FB900BF07490022074B01F187
:1016D800600010B4302459601A611C601A755DF8F6
:1016E800044BC3E90202704700000030C006002422
:1016F800F0B58C2387B00160002203710124FA261B
:10170800194605AB8DF81420029640220093234613
:101718000194054602F0FCFA002840F09B809DF8F1
:1017280014300DF117074022284603F07F03009775
:10173800CDE901468DF814308DF817302346297904
:1017480002F00CFB002840F08580042003F058FAD2
:1017580005AB4022284600932346CDE90146297966
:1017680002F0D6FA002875D19DF81430402200976F
:10177800284603F0BF03CDE901468DF814308DF8F3
:1017880017302346297902F0E9FA002862D10420AB
:1017980003F036FA0DF11503432228460093234639
:1017A800CDE90146297902F0B3FA002852D10DF1AA
:1017B80016034822284600932346CDE90146297995
:1017C80002F0A6FA002845D19DF81530432200976B
:1017D800284643F001038DF815308DF817309DF831
:1017E800163043F00103CDE901468DF81630234643
:1017F800297902F0B3FA68BB9DF8163048220097A1
:1018080028468DF817302346CDE90146297902F09C
:10181800A5FAF8B905AB4022284600932346CDE93E
:101828000146297902F074FAA0B99DF814202346DC
:101838000194284602F0CF040296009740222979A5
:101848008DF814408DF8174002F088FA003818BF58
:10185800012000E0012007B0F0BD00BFF0B5102363
:1018680087B0234C012200250126002702A9204623
:101878000195CDE902234FF48052CDE904670AF0BF
:10188800BBFC642003F000FE02A94FF480522046FE
:10189800CDE9046702261027CDE902670AF0ACFCFF
:1018A8000322102302A92046CDE9022300230422A3
:1018B800CDE904234FF480520AF09EFC40F2322313
:1018C800042202A9019310232046CDE90223019A9C
:1018D800012305924FF4805204930AF08DFC40F6E0
:1018E800060120460AF0A8FC284607B0F0BD00BF54
:1018F800E00600241C4B00221C494FF0400C30B578
:10190800054689B00220596007219A601A620124AD
:10191800DA620A224FF4006EDC6006922022CDE9DA
:10192800000104200821CDE9020103201021CDE99E
:10193800040108206946C3E904024FF4C072181D67
:10194800C3E906C24FF48052C3E909E20AF02AFC4F
:1019580038B92846FFF782FF003818BF012009B0C0
:1019680030BD204609B030BDDC060024404100529D
:10197800614A0021D0B513688EB00A91002B40F05F
:10198800B9805E4B01214FF683700C24116002214F
:10199800D3F8D4200026032742F48052C3F8D42079
:1019A800D3F8D42002F480520092009AD3F8E020B1
:1019B80042F01002C3F8E020D3F8E02002F0100251
:1019C8000192019AD3F8E02042F04002C3F8E020E7
:1019D800D3F8E02002F040020292029AD3F8E02005
:1019E80042F00802C3F8E020D3F8E02002F0080231
:1019F8000392039AD3F8E02042F48072C3F8E020FF
:101A0800D3F8E02002F480720492049AD3F8E0201C
:101A180042F08002C3F8E020D3F8E02002F0800210
:101A28000592059AD3F8E02042F02002C3F8E0209E
:101A3800D3F8E02002F020020692069AD3F8E020BC
:101A480042F00402C3F8E020D3F8E0300C9403F02D
:101A5800040307930323079A0B93CDE9080108A908
:101A6800274805F07DFE48F23712022308A92548C9
:101A78000C94CDE90823CDE90A6705F071FE4CF214
:101A88000372022308A920480C94CDE90823CDE964
:101A98000A6705F065FE40F2FF62022308A91B48A9
:101AA8000C94CDE90823CDE90A6705F059FE4FF6F5
:101AB8000C72022308A916480C94CDE90823CDE935
:101AC8000A6705F04DFE4FF63F02022308A91148A8
:101AD8000C94CDE90823CDE90A6705F041FE2022E0
:101AE800022308A90A480C94CDE90A67CDE908231E
:101AF80005F036FE0EB0D0BDD806002400440258CA
:101B08000010025800180258000C02580020025811
:101B1800001C0258001402582DE9F04FDFF8108419
:101B280006460D46144608F118002DED028B89B0C3
:101B380000AF02F03DFFD8F8183073B3D8F81C3066
:101B4800D8F80490002B43690BBF4FF0080A4FF0F8
:101B5800100A4FF0020B4FF0040BB9F1000F2AD016
:101B6800A200EA46012B02F1070222F00702ADEBC0
:101B7800020D6846ADEB020D694600F03F81022B6D
:101B880000F0D680002B6FD02246C847D5462437B0
:101B9800BD46BDEC028BBDE8F08FD8F81C30002B99
:101BA800F5D0D8F804904FF0080A4FF0020B4369BB
:101BB800B9F1000FD4D1FB61D8F80030BB61002B1C
:101BC800E5D0D54802F066FF6B46BBF1020F78619D
:101BD80008EE103AFB6900F083816A465146A2EB91
:101BE800C40295466200EA46B2FBFBF2AAEBC400C7
:101BF80085460AEB8200EE46F861ADEB010DF86907
:101C08000EEB820CC7F810C0EC46ADEB010D00EBF3
:101C18008201CCF80400CCF8081001EB8201386985
:101C2800E946CCF80C1000EB8201CCF800A001EBDF
:101C38008202C9E900E0C9E90212012B00F06483BD
:101C4800022B00F06C82002B00F08081620849466C
:101C58006046BB69984718EE103A24379D46BD4642
:101C6800BDEC028BBDE8F08F002C8DD01A46D8ED64
:101C78000C6A9FEDB27A8446331D36F922E00CF1E6
:101C8800080C07EE90EA33F922E00232F8EEE77A20
:101C9800944267EE877A67EEA67A4CED027A07EEF1
:101CA80090EAF8EEE77A67EE877A67EEA67A4CED67
:101CB800017AE2D8F9612246C847984ED8ED0D6AF4
:101CC8000020F9692B1D9FED9E7A9FED9E6ADFED3E
:101CD8009E5A22E0F4EEC67AF1EE10FAC0F2C884F9
:101CE80047F6FE72D1ED017A45F8202066EEA77A14
:101CF800F4EEC77AF1EE10FA40F2F080F4EEC67A0C
:101D0800F1EE10FAC0F2D58447F6FE7243F82020AF
:101D18000230083184427FF639AFD1ED007A66EEA1
:101D2800A77AF4EEC77AF1EE10FAD3D83246D9E79B
:101D3800002C3FF429AFD8ED0C6A84469FED787AE1
:101D48000022331D8E4656F822100CF1080C07EEBF
:101D5800901A53F822100232F8EEE77A944267EEAE
:101D6800877A67EEA67A4CED027A07EE901AF8EEBB
:101D7800E77A67EE877A67EEA67A4CED017AE2D8C1
:101D880071462246C7F81CE0C847664ED8ED0D6A72
:101D98000020F9692B1D9FED6A7A9FED6A6ADFF8CA
:101DA80094C120E0F4EEC67AF1EE10FAC0F279841C
:101DB8003246D1ED017A45F8202066EEA77AF4EE96
:101DC800C77AF1EE10FA40F28780F4EEC67AF1EEA7
:101DD80010FAC0F25E84324643F8202002300831FF
:101DE80084427FF6D3AED1ED007A66EEA77AF4EEA0
:101DF800C77AF1EE10FAD5D86246DAE7002C3FF43C
:101E0800C3AED8ED0C6A86469FED477A4FF0000CBA
:101E1800331D56F82C200EF1080E82F40002A2F5AC
:101E2800000207EE902A53F82C200CF1020CF8EE71
:101E3800E77A82F400026445A2F5000267EE877A29
:101E480067EEA67A4EED027A07EE902AF8EEE77A68
:101E580067EE877A67EEA67A4EED017AD9D8F961EE
:101E68002246C847314ED8ED0D6A0020F9692B1D6E
:101E78009FED337A9FED336ADFF8BCC01FE0F4EEC4
:101E8800C67AF1EE10FAC0F2FC833246D1ED017A3F
:101E980045F8202066EEA77AF4EEC77AF1EE10FA3C
:101EA80018D9F4EEC67AF1EE10FAC0F2DA833246A7
:101EB80043F820200230083184427FF667AED1ED26
:101EC800007A66EEA77AF4EEC77AF1EE10FAD6D861
:101ED8006246DBE76246EBE762467DE7324615E796
:101EE800A100D6466208073121F00701ADEB010DCC
:101EF800EA46ADEB010D6946ADEB0E0D0AEB82002B
:101F0800EC46ADEB0E0D01EB8202F861E946CCE937
:101F180000A0C9E9001290E6300700240280FFFF04
:101F2800000000300082FF7F0000003482FF7F0045
:101F380014070024007E00807E0080FF0000003827
:101F480004FF7FBF04FF7F3F00FEFF46002C00F028
:101F5800C982BBF1020FD8F8242000F0FA8279690F
:101F6800C7F8049002EB810E5FED0C5A8A00DCF88A
:101F780008100EF104007A611A46DCF80C303B6157
:101F8800331DD7F810903D61FD69C7E902CB8C4637
:101F9800834636F92210D8ED0C7A06EE101A33F97A
:101FA800221006EE901A3EF92210B8EEC66A07EE25
:101FB800101AF8EEE66A3BF92210B8EEC77A26EE58
:101FC800256A66EEA56A27EE257A26EE276A66EE6A
:101FD800A76A27EE277A07EE901A51080232F8EE20
:101FE800E77A0AEB8100944280ED006A05EB8100F4
:101FF80067EEA57AC0ED006A0CEB810009EB810160
:1020080080ED007A98ED0C7A67EE877AC1ED007A58
:10201800BFD8D7F804903D69D7E902CB604662087B
:10202800BB6949469847D8F82C307A69D8ED0D6ACB
:102038001A441FED3D7A1FED3D6A2B1D904602F1B3
:10204800040A5FED3F5A0022A84ED9E900EC51E09E
:10205800F4EEC67AF1EE10FAC0F2C78247F6FE70C7
:1020680045F822000CEB0100D0ED007A66EEA77A65
:10207800F4EEC77AF1EE10FA4BD9F4EEC67AF1EE27
:1020880010FAC0F2BA8247F6FE70BBF1020F43F8AD
:1020980022002BD0D9F808000844D0ED007A66EE6B
:1020A800A77AF4EEC77AF1EE10FA36D9F4EEC67ACA
:1020B800F1EE10FAC0F2CD8247F6FE7048F8220021
:1020C800D9F80C000144D1ED007A66EEA77AF4EE57
:1020D800C77AF1EE10FA1ED9F4EEC67AF1EE10FACC
:1020E800C0F2AF8247F6FE714AF8221002329442DB
:1020F8007FF6B1AD51080EEB81008900D0ED007A72
:1021080066EEA77AF4EEC77AF1EE10FAA0D8304658
:10211800A6E73046B9E73146E6E73046CEE7002C79
:1021280000F0E081BBF1020FD8F8243000F0E18123
:102138007A69DCF8081003EB820EC7F80490930064
:10214800DFED6B5A0EF1040000227B61DCF80C30E5
:102158003B61331DD7F810903D61FD69C7E902CB9B
:102168008C46834656F82210D8ED0C7A07EE101AE2
:1021780053F82210B8EEC76A07EE101A5EF822105C
:10218800F8EEC76A07EE101A26EE256A5BF82210E9
:10219800B8EEC77A66EEA56A26EE276A27EE257A94
:1021A80066EEA76A27EE277A07EE901A51080232E0
:1021B800F8EEE77A0AEB8100944280ED006A05EBBD
:1021C800810067EEA57AC0ED006A0CEB810009EB8F
:1021D800810180ED007A98ED0C7A67EE877AC1ED7F
:1021E800007ABFD8D7F804903D69D7E902CB60469A
:1021F8006208BB6949469847D8F82C307A69D8ED07
:102208000D6A1A449FED3E7A9FED3E6A131D924671
:10221800DFF8E4C00022FB612B1D364ED9E9008EA1
:102228004EE0F4EEC67AF1EE10FAC0F2FC813046C8
:1022380045F822000EEB0100D0ED007A66EEA77A91
:10224800F4EEC77AF1EE10FA49D9F4EEC67AF1EE57
:1022580010FAC0F2EF813046BBF1020F43F82200BA
:102268002AD0D9F808000844D0ED007A66EEA77A9B
:10227800F4EEC77AF1EE10FA35D9F4EEC67AF1EE3B
:1022880010FAC0F2C98130464AF82200D9F80C0089
:102298000144D1ED007A66EEA77AF4EEC77AF1EE42
:1022A80010FA1ED9F4EEC67AF1EE10FAC0F2AD813A
:1022B8003146F86940F82210023294427FF6CBACDE
:1022C800510808EB81008900D0ED007A66EEA77A04
:1022D800F4EEC77AF1EE10FAA3D86046A8E7604694
:1022E800BAE76146E5E76046CEE700BF0280FFFF38
:1022F800000000300082FF7F007E00800000003474
:1023080004FF7FBF04FF7F3F002C00F0EB807A6959
:102318000021D8F82430C7F8109003EB820ED7F8C4
:102328001C909300FD610EF104021FED0C6A7B61A5
:10233800331D154656F821204808D8ED0C6ABBF124
:10234800020F82F40002A2F5000207EE902A53F869
:10235800212082F40002B8EEE77AA2F5000227EE07
:10236800067A07EE902A0AEB8002F8EEE77A27EE63
:10237800267A67EE867A82ED007A09EB80024FEAC8
:10238800800067EEA67AC2ED007A27D05EF8212099
:1023980082F40002A2F5000207EE902A55F82120E7
:1023A80082F40002B8EEE77AA2F5000227EE067A78
:1023B80007EE902ADCF80820F8EEE77A024427EEC8
:1023C800267A67EE867A82ED007A98ED0C7ADCF848
:1023D8000C2067EE877A0244C2ED007A02318C4203
:1023E800A8D8D7F8109060466208BB694946FD69CD
:1023F8009847D8F82C307A69D8ED0D6A1A441FED41
:10240800407A1FED406A131D9246DFF8C4C20022CD
:10241800FB612B1DAB4ED9E9008E4EE0F4EEC67A77
:10242800F1EE10FAC0F2C580304645F822000EEBF6
:102438000100D0ED007A66EEA77AF4EEC77AF1EEE5
:1024480010FA49D9F4EEC67AF1EE10FAC0F2BF805C
:102458003046BBF1020F43F822002AD0D9F8080011
:102468000844D0ED007A66EEA77AF4EEC77AF1EE6A
:1024780010FA35D9F4EEC67AF1EE10FAC0F2AE8051
:1024880030464AF82200D9F80C000144D1ED007A10
:1024980066EEA77AF4EEC77AF1EE10FA1ED9F4EEDA
:1024A800C67AF1EE10FAC0F28B803146F86940F82E
:1024B8002210023294427FF6CEAB510808EB81001D
:1024C8008900D0ED007A66EEA77AF4EEC77AF1EECD
:1024D80010FAA3D86046A8E76046BAE76146E5E780
:1024E8006046CEE7224649466046BB699847FFF7F3
:1024F800B2BBC7F810B0002298ED0C6A331DDFEDAF
:10250800726AD7F81CB0786956F8221007EE901A4C
:1025180053F82210B8EEE77A07EE901A5108023203
:10252800F8EEE77A27EE267A0AEB810E94420BEB57
:10253800810167EEA67A27EE067A67EE867A8EED37
:10254800007AC1ED007ADFD88300D7F810B07B613C
:102558004DE61A46C7F810B098ED0C6A331DDFED4A
:102568005B6AD7F81CB0786936F9221007EE101AA2
:1025780033F9221007EE901AB8EEC77A51080232E2
:10258800F8EEE77A27EE267A0AEB810E94420BEBF7
:10259800810167EEA67A27EE067A67EE867A8EEDD7
:1025A800007AC1ED007ADFD88300D7F810B07B61DC
:1025B80034E5F0EE675AFEEEE45A15EE900A34E779
:1025C800F0EE675AFEEEE45A15EE901A6EE7F0EE5A
:1025D800675AFEEEE45A15EE900A3AE7F0EE675AAB
:1025E800FEEEE45A15EE900A4BE767EEA57AFDEE8B
:1025F800E77A17EE900A00B232E567EEA57AFDEEAB
:10260800E77A17EE900A00B23FE5F0EE675AFEEE61
:10261800E05A15EE901A4CE6F0EE675AFEEEE05AD4
:1026280015EE900A30E6F0EE675AFEEEE05A15EE27
:10263800900AFDE5F0EE675AFEEEE05A15EE900AB4
:102648000AE667EEA57AFDEEE77A17EE901A09B268
:102658004AE567EEA57AFDEEE77A17EE900A00B232
:102668002CE5F0EE675AFEEEE45A15EE902A1FE4C8
:1026780067EEA57AFDEEE77A17EE902A12B2FFF719
:1026880031BBF0EE675AFEEEE45A15EE902AFFF7DA
:10269800FDBBF0EE675AFEEEE05A15EE902AFFF702
:1026A8009BBBF0EE675AFEEEE05A15EE902AFFF754
:1026B80080BB67EEA57AFDEEE77A17EE902A12B294
:1026C800FFF724BB82FF7F000000003000000038C5
:1026D8007E0080FF30B5184C154685B0046004F1C3
:1026E800080EEC460FC98EE80F00D4ED047AF5EE1B
:1026F800C07A8CE80F00F1EE10FA1ADDB7EE006A26
:1027080094ED057A27EE277AC6EE276A84ED0D7ACE
:10271800C4ED0C6A6DB1204640F8185F02F048F924
:10272800064903690020064A2162A262E36005B0F7
:1027380030BD012005B030BD14070024C020003092
:10274800C000003000680830704700BFB1F5807FD6
:1027580003680A4628BF4FF48072B1F5807F9A60FB
:1027680094BF0020012070470068183002F080B93B
:1027780070B504688AB0A369E160CBB104F11805AB
:10278800284602F015F98446EE46E668BCE80F00D4
:10279800AEE80F00BCE80F00AEE80F009CE80300AD
:1027A8008EE8030069462846049602F009F8F8B94D
:1027B800E069D8B104F11C05284602F0F9F884460E
:1027C800EE46E468BCE80F00AEE80F00BCE80F0076
:1027D800AEE80F009CE803008EE80300694628462F
:1027E800049401F0EDFF003818BF01200AB070BD55
:1027F80001200AB070BD00BF30B5046883B00D4633
:10280800E3694BB1A3680020E26A616A9B0000900B
:1028180004F11C0002F0CEF8A3680748A26A9B00E6
:10282800216A009004F1180002F0C4F80020C4E9FD
:10283800005003B030BD00BF211B000810B4074B87
:102848004FF07E5130240022032019619C60D8602B
:102858005DF8044B5961C3E9062270471407002448
:10286800F6EE007A9FED166A20EE207A0160F7EE08
:10287800006A80ED036A80ED020A27EE277AC6EE29
:10288800877AF4EEE67AF1EE10FA11DDF0EE667A68
:102898004FF07E514FF0000C02760022C0ED017A15
:1028A800C0F814C0016143768276C0ED070A70470C
:1028B800F4EEC67AF1EE10FAEAD5F0EE467AE7E7DA
:1028C80000000000DFED187AB6EE007AF7EE006A35
:1028D8009FED166A60EE277A016080ED036A80ED4D
:1028E800020A67EE877A86EEA77AB4EEE67AF1EE08
:1028F80010FA10DDB0EE667A4FF0804C4FF07C5144
:102908004FF48072012380ED017AC0F810C0416154
:10291800028383767047B4EEC67AF1EE10FAEBD5EF
:10292800B0EE467AE8E700BF6F12033B00000000F4
:102938000268037E128807EE902AFBEEC87A1BB164
:10294800B7EE007A77EE677AD0ED056A90ED047AF3
:1029580077EEE67A437E67EE877A0BB1F1EE677A17
:1029680090ED030A90ED017A77EEC07AA7EE270A78
:1029780080ED030A704700BF837E80ED020AABB981
:10298800D0ED077A27EE800AF6EE007AB7EE007AE5
:1029980020EE270AC7EE007AF4EEC77AF1EE10FAB5
:1029A80007DDF0EE477AC0ED017A7047DFED067A71
:1029B800E8E7F5EEC07AF1EE10FAF4D5DFED037A28
:1029C800C0ED017A704700BF6F12033B00000000A2
:1029D80070B584B0002504461646ADF80C102B4699
:1029E8002A460399009500F0ADFDA582A67504B0AE
:1029F80070BD00BF70B5044682B0C1F30726CDB2E2
:102A0800ADF8041002F0FAF84FF480724FF0012389
:102A18002060A01DA571A280E671A36002B0BDE888
:102A2800704000F075BE00BF38B5044602F0E6F805
:102A3800002223682271834210D00122A57AE37A0A
:102A4800954020602271A01D6DB243B900F03CFF93
:102A580040B22843C0B27F28A0720AD038BD00F027
:102A680033FFB0FA80F040092843C0B27F28A07233
:102A7800F4D102F0C3F807EE900AF8EE677AC4EDD5
:102A8800037A38BD00B583B04FF0000E4FF0030C49
:102A98004274ADF80410BDF8043080F810E0A0F8D6
:102AA80002C0038003B05DF804FB00BF2DE9F04FBE
:102AB800DFF81C8300258DB0C04C037008F140037B
:102AC8004260074601920E46202229464046C4F835
:102AD8006831C4F86481CDE90255CDE90455CDE9E2
:102AE8000655CDE90855CDE90A5510F01FFA202200
:102AF800294604F5A170C4F83151C4F83551C4F819
:102B08003951C4F83D5110F011FA019B84F848522C
:102B180084F830317A68002A6AD02B4604F5987117
:102B2800454606F1100A9E46F01856F803B0E2181A
:102B38000EF1010ED0F80CC0D0F80490D0F808803F
:102B480044F803B0C2F80CC04FF0000CC2F804906F
:102B5800C2F80880008A25F802CB10821AF80320F0
:102B680001F8012F002A70D07A684FF00100123363
:102B7800724584F84802D7D84FF4802290489DF8CF
:102B8800043008214FF000084FF00009C4F88431E0
:102B98000023C4E95B020122C4F8743184F880314F
:102BA800C4E95E2194F84812C4E96489A9B3C4F859
:102BB8009821002284F8813184F888313B78C4E96F
:102BC8006722002B38D0012200200121013B84F824
:102BD800A421C4E96C01082B30D8DFE813F0BD004C
:102BE800C200C700CC00D100D600DB00E100E8003D
:102BF8009DF804300121C4F87421C4F884314FF4DD
:102C0800802384F880216E4AC4E95B2308230022CC
:102C1800C4E95E130023C4E964230123002284F875
:102C28008131002384F888310323C4F898313B7834
:102C3800C4E96722002BC6D184F8A431614803F0A7
:102C48005BF8034638B1FFBEFEE77A681233724577
:102C58003FF66AAF90E702A95A48029303F0AAF92F
:102C68008246002876D1042240F2FF710A90CDE90D
:102C7800081294F83021002A00F0F3804FF006087B
:102C88000AEBCA034FEACA0904EB43035B7C072B30
:102C980007D8DFE803F0595C5653504D4A04072320
:102CA80007930FFA8AF6D14406EBC60604EB4909E6
:102CB80004EB46077500384600F02AFD99F81030F5
:102CC800042B00F3AA80022B00F3BD8000F0B9802A
:102CD80004EB0A03002283F8202114F81630002B95
:102CE80078D0022B00F08A80012B40F0B2807B78EC
:102CF800012B00F0B080002B334B18BF002305A92F
:102D08003048CDE9053802F023FC002840F0AC80BB
:102D18000AF1010A94F830315FFA8AFA534540F211
:102D2800A0802A4B53F82A80AAE706230793B8E71E
:102D380005230793B5E704230793B2E70323079313
:102D4800AFE702230793ACE700230793A9E7012322
:102D58000793A6E7FFBEFEE703224023C4E96A23E0
:102D68006CE707226023C4E96A2367E70F22802300
:102D7800C4E96A2362E71F22A023C4E96A235DE746
:102D88003F22C023C4E96A2358E77F22E023C4E92D
:102D98006A2353E7FF224FF48073C4E96A234DE79F
:102DA80040F2FF124FF49073C4E96A2346E740F2F9
:102DB800FF324FF4A073C4E96A233FE750070024A9
:102DC80000200240BC0800240002B025982F01080A
:102DD800C04000307B78062B37D0072B3DD0022B24
:102DE8004AD0032B4AD0002B4CD0012B48D0042BBF
:102DF8004AD0052B254B18BF002380E77B78042B8E
:102E080025D0052B2BD08BB3012B31D0022B31D001
:102E1800032B1F4B18BF002371E70323043504EB72
:102E28000A0B4FF0000925448BF82031284609F198
:102E3800010900F06DFC9BF8203104354B45F5DCA9
:102E48004BE70123EAE70223E8E7124B57E7124B67
:102E580055E7002353E7114B51E7114B4FE7114B4F
:102E68004DE70DB0BDE8F08FFFBEFEE70E4B46E71D
:102E78000E4B44E70E4B42E70E4B40E70E4B3EE746
:102E88000E4B3CE70E4B3AE70E4B38E70000B84FC5
:102E9800002090360800900C1000C0102000F0149C
:102EA8008000501D000180210004002A0008302EF7
:102EB800001060320040C03A0080F03E00005247E7
:102EC800000021430000844B38B5094C40F2FF72E2
:102ED8004FF0011104F5B675284603F019F894F877
:102EE8003021D4F864112846BDE8384002F084BD8A
:102EF80050070024034B0F29D3F8640198BF00EB57
:102F08004100704750070024214B02689A4200D0C4
:102F18007047204A00232048D2F8D81030B51F4CFB
:102F280041F0200183B0C4F8D001092004F5E87508
:102F3800C4E975034FF48060C2F8D810D2F8D820DD
:102F48004FF40061C4E9773094F8480202F0200297
:102F5800C4F8E4114FF40051984201922846C4F88D
:102F6800E811C4E97C33019B14BF00234FF480733C
:102F7800C4F8EC3103F01CFC08B1FFBEFEE704F511
:102F8800B673C4F8B851C4F8083203B030BD00BFF6
:102F9800002002400044025840000240500700242C
:102FA800014804F08BB800BF2009002402682DE90D
:102FB800F84F4B4B9A4201D0BDE8F88F494D95F830
:102FC8004832002BF8D095F83031002B77D0002408
:102FD80005F10C0905F5A17605F59877A04613E0EB
:102FE80003F0010117F811BCA9F1080000F07AFC00
:102FF800BBF1010F25D895F83031013409F11209D8
:103008000236A2B293422BD917F8012F002AF4D026
:10301800D5F864310021327833F81400D5F86831D6
:1030280003EB041323F81200338801339BB2338077
:103038005FFA83FA3A789A42D2D88A46A6F800808C
:10304800D0E7CAF34001A9F1040000F04BFCBBF142
:10305800020FCAF38001CED0484600F043FCCAE70D
:10306800002395F84802204909229842C5F8D8312A
:103078004FF48060C5F8D011C5F8D4214FF4006131
:103088004FF40052C5F8DC3108BF4FF48073C5F81F
:10309800E821C5E9780100221448C5E97B32C5F862
:1030A800F42103F085FB08B1FFBEFEE795F8302157
:1030B800D5F864110E48BDE8F84F02F09DBC0A49E6
:1030C80009224FF48060C5F8D831C5E974124FF46D
:1030D80000614FF40052C5E97730C5E97912DAE7A3
:1030E800002002405007002440000240200900242C
:1030F800BC080024704700BF4F4B02689A4200D0BA
:1031080070474E4BD3F8E81030B541F000514C4CA5
:1031180085B0D4F84821C3F8E810D3F8E81001F0D6
:10312800005101910199D3F8E01041F00101C3F871
:10313800E010D3F8E03003F001030293029B32F071
:1031480002033DD0013A012A6BD9D4F84C31012B46
:103158000AD000223620114602F0A0FF362005B022
:10316800BDE8304002F0D8BFD4F8483133F002024D
:1031780034D0013B012BECD8442240233149324D55
:10318800C4F88C1000212846C4F8B010C4E92423E0
:1031980000224FF48063C4E926234FF400624FF401
:1031A8000053C4E928234FF480724FF48033C4E9F4
:1031B8002A2303F0FDFA80B9E560C4F8C440C8E7E3
:1031C8004FF48062032303A8ADF80C208DF80E306D
:1031D80000F09EFAD4F84821B4E7FEE71B4BA2633F
:1031E8004322636140231A4DC4E9062300224FF4A9
:1031F80080632846C4E908234FF400624FF4005363
:10320800C4E90A234FF480724FF48033C4E90C23D5
:1032180003F0CEFA20B9D4F84831A560E464A8E7F1
:10322800FEE74FF4A062032303A8ADF80C208DF845
:103238000E3000F06DFA88E7007400400044025830
:10324800A0090024280402402C0A0024100402408B
:10325800B4090024014803F031BF00BFB4090024B9
:10326800014803F02BBF00BF2C0A002410B5054C01
:10327800204603F0CDF804F58270BDE8104009F04F
:1032880089B900BFA0090024164BD3F84821D3F808
:103298005811022A4FEA510130B583B00CD088B2D8
:1032A800D3F85C21D3F8644102EB400300930CB1DE
:1032B8006846A04703B030BDD3F86021002AF9D092
:1032C80088B2D3F85C41D3F8645104EB400402EBB4
:1032D8004002CDE90042002DECD06846A84703B073
:1032E80030BD00BFA0090024134BD3F84821022A9F
:1032F80010B582B00CD0D3F85C11D3F864210091DA
:1033080022B1D3F8581168464908904702B010BD59
:10331800D3F86021002AF9D0D3F85C11D3F86441BE
:10332800CDE90012002CF1D0D3F8581168464908AD
:10333800A04702B010BD00BFA0090024094BD3F874
:103348004821022A0DD000B5D3E9581283B0019163
:1033580022B1D3F8581101A84908904703B05DF885
:1033680004FB7047A00900240B4BD3F84821022A1C
:1033780010D0D3F8581110B5D3E95824C1F34F032E
:1033880082B0490802EB430301930CB101A8A0479E
:1033980002B010BD704700BFA009002430B58C46AC
:1033A8003A4C3B4D8DB0046004F5A27EBCE80F009A
:1033B800AEE80F00DCF8003020462560CEF800307B
:1033C80002F038FF0023D4F84C510393C5B11622FC
:1033D800012D049217D00022D4F85411D4F84831A2
:1033E8009142CDE9062218BF0222059233F002026B
:1033F80035D0013B012B3CD9002528460DB030BD06
:1034080002230493E7E7234A0093C4F80C31C4F875
:103418001431C4F80421C4F81C31CDE9013301F09A
:103428008BFDD4F844314BF68032C4F80851002B98
:1034380008BF1346B0FBF3F304F58270C4F81031EB
:1034480008F012FF0028D8D120230290694604F51D
:103458008270009309F056F90028BCD0CDE703A983
:103468000A4803F009F878B9D4F84831013B012B30
:10347800C2D8102203A9054802F0FEFF051E18BF96
:10348800012528460DB030BD0125B6E7A009002466
:10349800007400400010004070B504681D4682B0FA
:1034A8001046D4F84C31012B03D0D4F84831022B04
:1034B80024D1D4F85031069A002BC4F85C11C4F812
:1034C80064212B460CBF08260026C4F860010A4672
:1034D800C4F8585100212046009602F0C1FED4F8E5
:1034E80060212B4610212046009602F0B9FE04F513
:1034F800827008F059FF002002B070BD012002B0B0
:1035080070BD00BF10B50468D4F84C31012B09D147
:10351800D4F8483133F0020106D0013B012B0BD916
:10352800002010BD012010BD204602F025FFD4F870
:103538004831013B012BF3D81021204602F01CFF33
:10354800002010BD10B592B0ADF804100180C9B2CA
:10355800149C0B29C460C0E901233FD090F801C036
:10356800BCF10F0F3AD8022A3FD0032A02D0012A11
:1035780000D000220E92012B02D0022B18BF00238C
:10358800022C0F932CD0032C2AD0012C28D00023F6
:103598000A29109327D85C4A02EB812202610A2982
:1035A80014D8DFE801F0A39587796B5D4F41332587
:1035B8000600564BD3F8E01041F48061C3F8E010E0
:1035C800D3F8E03003F480630C930C9B01230DA91E
:1035D800104603FA0CF30D9304F0C2F812B010BDB4
:1035E8000A291094D7D90022D8E711220E92C2E7EF
:1035F800464BD3F8E01041F40071C3F8E010D3F85B
:10360800E03003F400730B930B9BDFE73F4BD3F8D9
:10361800E01041F48071C3F8E010D3F8E03003F40F
:1036280080730A930A9BD1E7384BD3F8E01041F036
:103638008001C3F8E010D3F8E03003F08003099369
:10364800099BC3E7314BD3F8E01041F04001C3F8C0
:10365800E010D3F8E03003F040030893089BB5E787
:103668002A4BD3F8E01041F02001C3F8E010D3F85A
:10367800E03003F020030793079BA7E7234BD3F819
:10368800E01041F01001C3F8E010D3F8E03003F087
:1036980010030693069B99E71C4BD3F8E01041F002
:1036A8000801C3F8E010D3F8E03003F008030593ED
:1036B800059B8BE7154BD3F8E01041F00401C3F8E4
:1036C800E010D3F8E03003F004030493049B7DE793
:1036D8000E4BD3F8E01041F00201C3F8E010D3F824
:1036E800E03003F002030393039B6FE7074BD3F823
:1036F800E01041F00101C3F8E010D3F8E03003F026
:1037080001030293029B61E700000258004402583B
:103718008378022B30B504468FB037D0032B33D0D3
:10372800012B31D000230A93E378012B2AD0022BF6
:1037380028D000230B93002320460C9301F082FD30
:103748000546204601F086FD23780990082B13D8FA
:10375800DFE803F01F3245586B7E91A40500594BF2
:10376800D3F8E02042F48072C3F8E020D3F8E030C8
:1037780003F480730893089B09A9284603F0F0FF17
:103788000FB030BD0B93D6E70A93CDE711230A9308
:10379800CAE74C4B09A92846D3F8E02042F00102B9
:1037A800C3F8E020D3F8E03003F001030093009B56
:1037B80003F0D6FF0FB030BD424B09A92846D3F815
:1037C800E02042F00202C3F8E020D3F8E03003F032
:1037D80002030193019B03F0C3FF0FB030BD394BC7
:1037E80009A92846D3F8E02042F00402C3F8E020F3
:1037F800D3F8E03003F004030293029B03F0B0FF18
:103808000FB030BD2F4B09A92846D3F8E02042F06D
:103818000802C3F8E020D3F8E03003F0080303936C
:10382800039B03F09DFF0FB030BD264B09A9284626
:10383800D3F8E02042F01002C3F8E020D3F8E030DB
:1038480003F010030493049B03F08AFF0FB030BD0C
:103858001C4B09A92846D3F8E02042F02002C3F8FF
:10386800E020D3F8E03003F020030593059B03F034
:1038780077FF0FB030BD134B09A92846D3F8E020D5
:1038880042F04002C3F8E020D3F8E03003F04003F0
:103898000693069B03F064FF0FB030BD094B09A9DE
:1038A8002846D3F8E02042F08002C3F8E020D3F89D
:1038B800E03003F080030793079B03F051FF0FB03C
:1038C80030BD00BF0044025838B5054601F0BAFCC7
:1038D8000446284601F0BEFC01462046BDE83840B3
:1038E80004F046B970B506460D4601F0ABFC044637
:1038F800304601F0AFFC2A1E0146204618BF0122BF
:10390800BDE8704004F03AB90023122270B586B0C1
:10391800CDE9022304930368032B01D804230593FC
:10392800061D841D304601F08DFC0546304601F029
:1039380091FC034601A92846019303F011FF204694
:1039480001F080FC034620461C4601F083FC01A9D7
:1039580003462046019303F003FF06B070BD00BF85
:10396800634A0368934210B58CB028D0614A9342E9
:1039780058D0614A934200F09480604A934201D043
:103988000CB010BD5E4C5F48D4F8E03043F0020341
:10399800C4F8E030D4F8E03003F002030A930A9B3D
:1039A800FFF7B2FFD4F8F43043F08003C4F8F430E2
:1039B800D4F8F43003F080030B930B9BE0E7504CF2
:1039C8005148D4F8E03043F00203C4F8E030D4F8AA
:1039D800E03003F002030193019BFFF795FFD4F851
:1039E800E83000221F2043F400131146C4F8E830E1
:1039F800D4F8E83003F400130293029BD4F8D830CB
:103A080043F00103C4F8D830D4F8D83003F00103E8
:103A18000393039B02F042FB1F200CB0BDE810404B
:103A280002F07ABB364C3948D4F8E03043F08003D2
:103A3800C4F8E030D4F8E03003F080030493049B2A
:103A4800D4F8E03043F00203C4F8E030D4F8E030B2
:103A580003F002030593059BFFF756FFD4F8E830FF
:103A68000022212043F480031146C4F8E830D4F83A
:103A7800E83003F480030693069BD4F8D83043F06B
:103A88000103C4F8D830D4F8D83003F00103079301
:103A9800079B02F003FB21200CB0BDE8104002F0A8
:103AA8003BBB1B48FFF730FF154B00224820D3F8DB
:103AB800E840114644F40004C3F8E840D3F8E8406D
:103AC80004F400040894089CD3F8D84044F0010496
:103AD800C3F8D840D3F8D83003F001030993099B01
:103AE80002F0DCFA48200CB0BDE8104002F014BB2C
:103AF8000054004000580040005C0040001C005882
:103B080000440258940D00240C0B0024E40B0024FC
:103B1800BC0C00242DE9F0431A4B87B000254FF068
:103B280010099E46EC46184BFF22E04667461A707D
:103B38000EF118060EF13004CDE90055CDE9025515
:103B4800ADF80090BCE80F00CDE90455AEE80F00D1
:103B58009CE803000095ADF800908EE80300B8E8F3
:103B68000F000FC69CE803000095ADF8009086E8AA
:103B780003000FCF0FC49CE8030084E8030007B0DC
:103B8800BDE8F083A8000024080B002410B5EFF36B
:103B9800108472B6084B1A78120602D504B962B6B8
:103BA80010BD1B78D82205485BB202FB0300143015
:103BB80003F084FAF2E700BF080B00240C0B002482
:103BC800014804F033BF00BF980B0024014804F0FB
:103BD8002DBF00BF700C0024014804F027BF00BFB0
:103BE800480D00242DE9F0430F68D8243F4D85B0D7
:103BF80007FB04F4032F05EB0403036040DCCB68E8
:103C08000E46012B3CD84DD04FF0D808B646DFF809
:103C1800FC9008FB0758BEE80F00C446ACE80F004C
:103C2800DEF800300DF1100ECCF80030D8F808C0DE
:103C380099E80F000EE90F000EEB8703BCF1010FA6
:103C480053F8103CC8F88C3031D0BCF1020F42D088
:103C5800BCF1000F35D0317C8C34D82300220120F0
:103C68002C4403FB07534900C3E92602C3F8941008
:103C78002046C3E92822C3E92A2204F009FC18B126
:103C8800012005B0BDE8F0830146204604F0DAFEC5
:103C98000028F5D10146204604F0FEFE003818BF82
:103CA8000120EEE70B7C103B672BADD9E8E701F06C
:103CB80041F90F4B98420CBF0E4B0F4BC8F8903090
:103CC800C9E701F037F90A4B98420CBF0B4B0C4B74
:103CD800C8F89030BFE701F02DF9054B98420CBFAA
:103CE800084B094BC8F89030B5E700BF0C0B00240F
:103CF800000E27072D0FB0303211D0205F4390609F
:103D08008A62E030200BA0101A0980105C2F01088D
:103D18002DE9F041046884B01E46E368BDF82C80A4
:103D2800C3B90D4617468C34204604F087FE202878
:103D3800FAD120460C9C33463A462946CDE90184FF
:103D48000A9C009404F024FD003818BF012004B038
:103D5800BDE8F081012004B0BDE8F0812DE9F04113
:103D6800046884B01E46E368BDF82C80C3B90D46CC
:103D780017468C34204604F061FE2028FAD12046EC
:103D88000C9C33463A462946CDE901840A9C0094A6
:103D980004F0D4FB003818BF012004B0BDE8F0815E
:103DA800012004B0BDE8F081044B10221A7483F896
:103DB800E82083F8C02183F8982270470C0B002470
:103DC80030B5002395B04FF48071062204460B935A
:103DD80006921393CDE90C13CDE90E33CDE91133D7
:103DE80001F0ACF807282BD004F1100541F2883215
:103DF80006A9284605F062FC28B10123184684F874
:103E08005C3015B030BD0222022306A92846CDE950
:103E1800002310220123CDE9022300224FF480035E
:103E2800CDE9042305224FF0807306926A460F936A
:103E380041F2883305F0AEFD0028DED115B030BD63
:103E48000323012084F85C3015B030BD0000000069
:103E580070B50023A4B04FF080724FF4807504460B
:103E6800ADF806300D93CDE910320122CDE90E539D
:103E7800CDE91223CDE91433002943D0F02300F112
:103E8800100508AEADF80630C02341F2883231463D
:103E98002846089305F012FC28B10123184684F837
:103EA8005C3024B070BD41F288320DF1060128461D
:103EB80005F06EFC03460028EFD105224FF480710F
:103EC8001E93284616924FF080721B9321931F92DF
:103ED80002AA9FED1F7BCDE91C13CDE922338DED9E
:103EE800027B9FED1D7B41F2883316A98DED047B83
:103EF8009FED1B7B8DED067B05F04CFD0028CCD19A
:103F080024B070BD00F1100508AE612341F288327B
:103F180031462846089305F0D1FB0028BDD141F26F
:103F280088320DF10601284605F0B0FC0028B4D10E
:103F3800BDF80630204623F0780343F04003ADF87F
:103F48000630FFF73DFF00289ED0A6E7AFF30080BC
:103F58000000000001000000100000000100000047
:103F680000000000000040002DE9F04F00234FF44E
:103F7800807501264FF0807804462DED028BABB09A
:103F88008DF8073013932193299314950E96CDF845
:103F98005C80CDE91533CDE91863CDE91A33CDE955
:103FA8002253CDE92433CDE9273306231C9300F0AF
:103FB800C5FF072808D004F1100741F288321CA970
:103FC800384605F07BFB40B10123184684F85C3085
:103FD8002BB0BDEC028BBDE8F08F4FF0020A4FF01A
:103FE800020B4FF0050941F2883308AA1CA938468C
:103FF800CDF89480CDF870909FED2D8BCDE908AB6E
:104008004FF0000A4FF4800B8DED0A8BCDE90CAB15
:1040180005F0C0FC0028D7D141F2883238460EA9F5
:1040280005F04CFB0028CFD1402341F288320DF136
:10403800070138468DF8073005F0AAFB0028C3D1E0
:1040480041F288330EA902AA3846CDF83890CDF847
:104058005C809FED197B8DED048BCDE906AB8DED72
:10406800027B05F097FC03460028ADD1CDF870908F
:104078004FF00109CDF894804FF00008219308AA69
:1040880029931CA938462295CDE92333CDE9273356
:1040980041F288338DED0A8BCDE90CABCDE9088967
:1040A80005F078FC002893D0304684F85C608FE7F0
:1040B8001000000001000000400000004000000067
:1040C8002DE9F043624CA3B00D46046000F036FFC2
:1040D800072800F0A980286823466968AA6807C3EA
:1040E8001E46AB8926F8043B3046257B677B05F0E6
:1040F800C7FAE0B9574B012D4FF00108E061236181
:1041080014BF4FF480134FF40003C4E9058893FAF1
:10411800A3F3B3FA83F34FF48079013BC4F82490F6
:10412800C4E90B003046236205F03EFA38B101229B
:10413800134684F85C20184623B0BDE8F083662354
:104148000B90139041F2883206A90693CDE90C90A2
:10415800CDE90E00CDE91100304605F0AFFA002890
:10416800E5D1992341F2883206A93046069305F035
:10417800A5FA0028DBD105231C9019906A461493F0
:104188004FF08073219014A91D9341F288339FED5D
:104198002A7BCDE91A90CDE91F008DED007B9FEDBC
:1041A800287B30468DED027B9FED277B8DED047BD0
:1041B80005F0F0FB0028BAD129462046FFF748FE53
:1041C8000028B4D12046FFF7CFFE03460028AED121
:1041D800002FB0D1189330460027002606AA14A94C
:1041E800CDF86890CDE91F33EB2314934FF4406367
:1041F8001B934FF4005317934FF440431C93A02391
:104208001693062319934FF0805321934FF0407370
:10421800CDE906671D9305F035FC034600288AD0D2
:10422800434684F85C8086E701230322184684F815
:104238005C2023B0BDE8F08300000000010000000E
:104248001000000001000000000000000000400015
:104258006C0E0024005000522DE9F04F8FB0414BF6
:104268000024026800AF9A427C63C7E90944C7E9A1
:104278000B4403D03C37BD46BDE8F08F3A4B40F6BF
:1042880009213A48EB46D3F8D42007F11C0607F178
:10429800220A4FF0020942F480424FF00308C3F8A3
:1042A800D420D3F8D42002F48042BA60BA68D3F894
:1042B800E02042F04002C3F8E020D3F8E02002F00A
:1042C8004002FA60FA68D3F8E02042F02002C3F80E
:1042D800E020D3F8E02002F020023A613A69D3F8EE
:1042E800E02042F01002C3F8E020D3F8E02002F00A
:1042F80010027A617A69D3F8E02042F00202C3F82A
:10430800E020D3F8E030F86103F002033984BB61A0
:10431800174B7B60BB697B6853F8040F7B6000F028
:1043280091FF7B680546186800F094FF16F8013B7A
:10433800786207F124012846C7F830807B63C7E913
:104348000A9403F00DFA5645E5D100225C20114687
:1043580001F0A4FE5C2001F0DFFE3C37DD46BD46DF
:10436800BDE8F08F00500052004402580A0A0909BB
:10437800C80E0024114B02689A4200D07047104AB8
:1043880070B5D2F8D4300F4C23F4804304F11806EA
:10439800C2F8D43054F8040F00F054FF05462068E2
:1043A80000F058FF0146284603F01AFBB442F1D149
:1043B8005C20BDE8704001F0BDBE00BF0050005257
:1043C80000440258C80E0024014805F0E7BB00BFAE
:1043D8007C0E0024084B1A1D981D03F1080110B427
:1043E8009C1C9A6603F10A02C3E91834C3E91B014D
:1043F8005DF8044B5A6770476C0E002438B50368A3
:1044080071B9026A00F1280500F5AC74012A0CBFE5
:10441800002140218BBB1D4B5722C0F858310DE0BD
:10442800426A00F1C00500F5E874012A0CBF0021BA
:104438004021EBB1164B5A22C0F8D0310023204658
:10444800C4E901214FF480524FF4806163626261D4
:104458004FF48042C4E903314FF48073C4E9062362
:104468004FF40033236202F0A3F958B1FFBEFEE710
:10447800084B5822C0F8D031E0E7074B5922C0F862
:104488005831DBE7C5E92044A56338BD1000024078
:104498007000024028000240580002402DE9F04315
:1044A800821D05468BB0031D05F10A010830CDE9D0
:1044B800052305F10C02AB69CDE907010992002B30
:1044C8003DD0EB69B3FA83F84FEA5818012302226A
:1044D80005AE0AAF4FF006090393CDE9012356F85C
:1044E800044B2B792278934216D02B68F3B1012B19
:1044F80002D1F2B10A230493204600F0ABFE034632
:104508002046009300F09EFE694603F029F9BE425A
:10451800E5D10BB0BDE8F083697963789942E4D1BD
:10452800B8F1000FF3D02B68002BE0D1CDF8109034
:10453800E2E76378022B14BF0A230823DBE74FF076
:104548000108C3E7534A0368934230B505468BB068
:1045580055D02032934252D04F4A934204D0203251
:10456800934201D00BB030BD4C4C4D48D4F8E030EC
:1045780043F00103C4F8E030D4F8E03003F001035D
:104588000593059BD4F8E03043F00803C4F8E03005
:10459800D4F8E03003F008030693069BD4F8E03023
:1045A80043F04003C4F8E030D4F8E03003F04003AF
:1045B8000793079BD4F8F03043F40003C4F8F030B5
:1045C800D4F8F03003F400030893089BFFF766FF64
:1045D800D4F8D830296843F001032F4A3048C4F88A
:1045E800D830891AD4F8D83018BF012103F0010354
:1045F8000993099B0BB0BDE83040FFF7FFBE274C7D
:104608002848D4F8E03043F00103C4F8E030D4F887
:10461800E03003F001030093009BD4F8E03043F04E
:104628001003C4F8E030D4F8E03003F0100301932D
:10463800019BD4F8E03043F04003C4F8E030D4F8EC
:10464800E03003F040030293029BD4F8F03043F4C7
:104658008003C4F8F030D4F8F03003F480030393F7
:10466800039BFFF71BFFD4F8D830296843F00103F8
:10467800084A0C48C4F8D830891AD4F8D83018BF7A
:10468800012103F001030493049B0BB0BDE8304003
:10469800FFF7B4BE04580140045C014000440258CE
:1046A80040110024E40E0024014802F007BD00BFB9
:1046B8003C100024014802F001BD00BFB4100024E2
:1046C800014802F0FBBC00BF98120024014802F028
:1046D800F5BC00BF101300241A4A0368934210B4B3
:1046E8000BD02032934208D0174A934216D020327A
:1046F800934213D05DF8044B7047144B0022D3F853
:104708005442C3F85822002CF4D0D3F84802D3E915
:10471800931223465DF8044B520818470B4B0022AE
:10472800D3F8B044C3F8B424002CE3D0D3F8AC24B5
:10473800D3F8A814D3F8A404520823465DF8044B10
:10474800184700BF04580140045C0140E40E0024EF
:10475800184A0368934210B40BD02032934208D011
:10476800154A934217D02032934214D05DF8044B77
:104778007047124BD3E994245208C3F85822002CEE
:10478800F4D0D3E99201234601EB820100EB8200C9
:104798005DF8044B1847094BD3F8AC24D3F8B04460
:1047A8005208C3F8B424002CE0D0D3F8A814D3F8E6
:1047B800A404E8E704580140045C0140E40E002426
:1047C8002DE9F04F0C684FF41776754F87B004FB4E
:1047D80006F6012C07EB060AC0F800A000F3A0803B
:1047E8000D468E464FF00008D44669A3D3E900234E
:1047F80069A1D1E90001CDE9022306ABCAF85082CC
:1048080003EB8403CDE9040153F810BC53F8083CCA
:10481800CAE992880193BEE80F00ACE80F00BEE831
:104828000F00ACE80F00019B9EE80300CAF828B00F
:10483800CAF8C0308CE803002B69042B0CD8DFE8D9
:1048480003F0737D879103004FF41773554A03FBF8
:1048580004739A64C3F8E020AA692B6A002A43D03B
:10486800002B4FF4177308BF022203FB047318BF11
:104878000322DA6201221A63EA696B6A002A40D1CC
:10488800191E4FF4177318BF012103FB0473C3E902
:1048980031126B69022B05D8434A12F80380434A48
:1048A80052F823904FF4177306F128004246494600
:1048B80003FB04740023384463646363E365C4F84A
:1048C800DC30C4F8CC30C4F8F430C4E90F33C4E9A0
:1048D8001533C4E93533C4E93B33022307F000FA42
:1048E800002849D0FFBEFEE7191E4FF4177318BF02
:1048F800012103FB0473C3E90B12EA696B6A002AFE
:10490800BED0002B4FF4177308BF022203FB0473B9
:1049180018BF0322C3F8C4200122C3F8C820B8E78F
:10492800012007B0BDE8F08F4FF417734FF4FA5227
:1049380003FB04739A64C3F8E0208DE74FF4177300
:104948004FF47A5203FB04739A64C3F8E02083E7B8
:104958004FF417734FF4FA4203FB04739A64C3F8D5
:10496800E02079E74FF417734BF6803203FB0473AA
:104978009A64C3F8E0206FE706F1C00002234246BC
:104988004946384407F0ACF90028CAD0FFBEFEE714
:1049980004580140045C014024580140245C014053
:1049A800E40E002400770100D82F0108DC2F01084D
:1049B8000068704770B5046882B015460E46C4F8A2
:1049C8005032C4E99212069AC4F85422A269012A04
:1049D80026D0626A012A9AB211D0294604F1C00091
:1049E800019207F039FA236A019A012B10D029465F
:1049F80004F1280007F030FA002002B070BD04F17D
:104A0800C000019207F0BAFA236A019A012BEED18D
:104A1800314604F1280007F0B1FA002002B070BD59
:104A2800226A012A9AB211D0294604F1280001927B
:104A380007F012FA636A019A012B10D0294604F193
:104A4800C00007F009FA002002B070BD04F1280088
:104A5800019207F093FA636A019A012BEED131466D
:104A680004F1C00007F08AFA002002B070BD00BF50
:104A780003681B69042B05D8044A02EB830393EDF2
:104A8800000A70479FED020A704700BFE82F01082F
:104A980000803B470368D3F858027047704700BF4F
:104AA80008B500F0DFFCBDE8084001F0BFBB00BF5F
:104AB800064808B503680BB103F064F804480368B6
:104AC8001BB1BDE8084004F013B808BDA8170024BE
:104AD800A0130024064808B503680BB103F052F888
:104AE800044803681BB1BDE8084004F001B808BDDC
:104AF800A8170024A0130024064808B503680BB1C2
:104B080003F040F8044803681BB1BDE8084003F00F
:104B1800EFBF08BDA8170024A0130024364BDA6A9B
:104B2800520062D59A6A9A6A9A6A9B6A180600D5F0
:104B380000BE314B9B6A990600D500BE2E4B9B6A7E
:104B4800DA0600D500BE2C4B9B6A1B0700D500BEB9
:104B5800294B9B6A980700D500BE274B9B6AD9074B
:104B680000D500BE244B9B6A1A0400D500BE224B18
:104B78009B6A9B0400D500BE1F4B9B6AD80400D5D6
:104B880000BE1D4B9B6A190500D500BE1A4B9B6AD7
:104B98005A0500D500BE184B9B6A9B0500D500BE80
:104BA800154B9B6AD80500D500BE134B9B6A99012B
:104BB80000D500BE104B9B6ADA0100D500BE0E4B33
:104BC8009B6A1B0300D500BE0B4B9B6A580300D59C
:104BD80000BE094B9B6A990300D500BE064B9B6A31
:104BE800DA0306D400BE00BEFEE7DB6A9B07FAD5EF
:104BF800F8E700BEF6E700BF00ED00E000F03EBCBD
:104C080000F042BC0A4B9B6803F17843B3F5003FC0
:104C18000BD3084B986848B19868012806D0986863
:104C2800022803D09B68032070470120704700BF0B
:104C380000ED00E0000080382DE9F041CEB00446D8
:104C48004C2200210AA80EF071F92022002102A8A6
:104C58000EF06CF9BC2200211EA80EF067F90220A4
:104C680004F0BAFB2368012B4FF0000354D0534AD9
:104C780002250193C820D16A514B21F00101D1626C
:104C8800D26A02F0010201929A6942F440429A61A2
:104C98009B6903F440430193019B494A93699B0430
:104CA800FCD548490224002201268B6A04274FF0CC
:104CB800080823F0030323438B62052316900AA8F0
:104CC80018934FF480331096179419941597CDF8CC
:104CD8006880CDE91B222122CDE91344CDE90A23BE
:104CE80005F064F800B1FEE73F220323294602A835
:104CF800CDE9022300220823CDE9042340224023E2
:104D0800CDE9062340234FF48062CDE9082305F05E
:104D18007BFB0346B8B1FEE7294A04250093F0203F
:104D28009169264B41F440419161926902F44042F5
:104D38000092DA6A42F00102DA62DB6A03F00103E8
:104D48000093009BA9E720224FF4805125934FF44C
:104D580040152B9280222D931EA8309326913591D1
:104D68004FF48071249234920C223394439140F290
:104D7800271120921022CDF884802A971F96CDE91A
:104D88002E34CDE93B334FF48033CDE922463193BD
:104D9800002446930623CDE93E4527934FF48063CC
:104DA800094C2C931E94CDE9281205F089FD00B119
:104DB800FEE704F037FB4EB0BDE8F0810004005870
:104DC80000480258004402580F130F0370B584B00E
:104DD800012401F0D9F94FF480764FF04052194B75
:104DE80068460025ADF800400396CDE9012301F09F
:104DF800E9F919224FF0404368468DF808200193DD
:104E08008DF80F40ADF80D608DF801408DF80A500F
:104E180001F0D8F902230B2268468DF80F508DF85F
:104E280001304FF062538DF808200193ADF80D4022
:104E38008DF80A4001F0C6F9042001F0B3F904B076
:104E480070BD00BF0E00010330B50D46044685B0A5
:104E5800D1E9000184E8030000F0D4FAAB79A3B3E8
:104E68000AF0B2FEFEF756FE09F022FB0AF0AEFB8E
:104E78002B798BBB6B799BB1BFF34F8FBFF36F8FD0
:104E88002A4B0022C3F85022BFF34F8FBFF36F8F16
:104E98005A6942F400325A61BFF34F8FBFF36F8FE4
:104EA8004FF0FF3200230024002569462048029273
:104EB8008DF80C30CDE9004509F01AFF1C4809F0BF
:104EC8007FFF08F025FF05B030BD2046FFF7B4FE90
:104ED8002046FFF77BFFC3E7144C0023C4F8843057
:104EE800BFF34F8FD4F8801043F6E07EC1F34E3CF9
:104EF800C1F3C9014FEA4C1C0CEA0E000B4640EA0C
:104F08008372013BC4F860225A1CF8D1ACF1200C22
:104F18001CF1200FF0D1BFF34F8F636943F4803346
:104F28006361BFF34F8FBFF36F8FA3E700ED00E01E
:104F38009C13002405F098BB05F0B2BB1C4B9B6882
:104F480003F17842B2F5003F25D3B3F5803F20D373
:104F580003F16042B2F5003F1FD303F15C42B2F5A2
:104F6800002F1CD303F17042B2F5902F19D303F12F
:104F78004842B2F5803F16D303F18042B2F1806F08
:104F880013D303F1E043B3F5000F2CBF082007202B
:104F980070470120704700207047022070470320A7
:104FA800704704207047052070470620704700BFEF
:104FB80000ED00E003480023034A044903600DF0B4
:104FC80093B900BF9C13002400000024A54A0008E0
:104FD80010B4204C0022204B83B0D4F888101F480E
:104FE80041F47001C4F8881019681D4C41F00101A2
:104FF80019601A61196808401A4918609A61DA61DB
:105008001A629A62DA621A635A639A63DA631A64F2
:105018005A64186820F4802018601A66D3F8DC20D7
:1050280042F06042C3F8DC20D3F8DC300193019BE6
:1050380023681940B1F1005F03D20B4B0122C3F87A
:105048000821044B4FF000629A6003B05DF8044BEE
:10505800704700BF00ED00E0004402587FEDF6EA1B
:105068000010005C0000FFFF0080005100F5717126
:10507800D0F8040408F034BAC1EBC10300EB830391
:10508800D0F80404D3F8082208F058BAC1EBC103D9
:1050980000EB8303D0F804049A6C08F08DBA00BFC3
:1050A800D0F8040408F02CBBC16810B5044619B147
:1050B800022900D0FEE70121D4F8040408F00AFB15
:1050C800D4F80404BDE8104008F0DCBA10B5044672
:1050D800D0F8040408F002FB2268D2F8003E43F03E
:1050E8000103C2F8003E236A23B1034A136943F05F
:1050F8000603136110BD00BF00ED00E0D0F8040402
:1051080008F0F6BAD0F8040408F00ABBD0F8040492
:1051180008F004BBD0F8040408F004BBD0F8040479
:1051280008F002BB9446D0F898021A4608B56346C0
:1051380004F042F8032802D8024B185C08BD02208C
:1051480008BD00BF0C300108D0F8980208B504F07B
:10515800C1F8032802D8024B185C08BD022008BD1C
:105168000C300108D0F8980208B504F0F7F80328C5
:1051780002D8024B185C08BD022008BD0C3001089B
:105188000A06D0F8983206D4C1EBC10103EB8101BD
:1051980091F8FE01704701F07F01C1EBC10103EBFB
:1051A800810191F83E007047D0F8980208B503F0E5
:1051B800EDFF032802D8024B185C08BD022008BD89
:1051C8000C300108D0F8980208B504F05BF8032801
:1051D80002D8024B185C08BD022008BD0C3001083B
:1051E800D0F8980208B504F025F8032802D8024B35
:1051F800185C08BD022008BD0C300108D0F8C002B8
:1052080008F040BDD0F8C00208F054BDD0F8C00284
:1052180008F05CBD704700BFD0F8C00208F042BD7E
:10522800D0F8C00208F042BDD0F8D00308B503F0AA
:1052380069F8032802D8024B185C08BD022008BD93
:1052480010300108024B027853F82200704700BF63
:1052580034300108024B427833F81200704700BF1F
:10526800143001088CB00A2814D8DFE800F01523A0
:10527800313F4D5B6977859306004D4BD3F8E020AD
:1052880042F48062C3F8E020D3F8E03003F480638E
:105298000B930B9B0CB07047454BD3F8E02042F0C2
:1052A8000102C3F8E020D3F8E03003F001030193D2
:1052B800019BEFE73E4BD3F8E02042F00202C3F82F
:1052C800E020D3F8E03003F002030293029BE1E709
:1052D800374BD3F8E02042F00402C3F8E020D3F8BB
:1052E800E03003F004030393039BD3E7304BD3F878
:1052F800E02042F00802C3F8E020D3F8E03003F0E1
:1053080008030493049BC5E7294BD3F8E02042F037
:105318001002C3F8E020D3F8E03003F0100305933F
:10532800059BB7E7224BD3F8E02042F02002C3F8F0
:10533800E020D3F8E03003F020030693069BA9E7AA
:105348001B4BD3F8E02042F04002C3F8E020D3F82A
:10535800E03003F040030793079B9BE7144BD3F817
:10536800E02042F08002C3F8E020D3F8E03003F0F8
:1053780080030893089B8DE70D4BD3F8E02042F497
:105388008072C3F8E020D3F8E03003F48073099307
:10539800099B7FE7064BD3F8E02042F40072C3F87C
:1053A800E020D3F8E03003F400730A930A9B71E716
:1053B80000440258704700BF0F4B1B780BB90120FF
:1053C800704710B504464FF47A700C4AB0FBF3F3FB
:1053D8001068B0FBF3F000F0C1FE0F2C00D808B144
:1053E800012010BD002221464FF0FF3000F056FE8C
:1053F800034B00201C6010BDF8000024F0000024BE
:10540800FC00002438B50320124D00F035FE124C84
:1054180004F05AFF114A12499369C3F30323CB5C82
:1054280003F01F0320FA03F30E202B60926902F0A9
:105438000F028A5C02F01F02D3402360FFF7BCFF13
:1054480010B10124204638BD0446FFF7B3FF2046BB
:1054580038BD00BFF0000024F400002400440258C6
:10546800FC2F0108034A044B11681B780B44136096
:10547800704700BF6C1A0024F8000024014B18681C
:10548800704700BF6C1A002438B50446FFF7F6FFD2
:105498000546631C02D0044B1B781C44FFF7EEFF43
:1054A800431BA342FAD338BDF8000024014B186807
:1054B800000C70470010005C704700BF806B08B597
:1054C800FFF7FAFF08BD00BF836B5A6D12F0500F4B
:1054D8005A6D10B51DD1196842F400725A650A68F0
:1054E80012F0080FCA681BD012F4406F0DD1CA68B9
:1054F80094040AD45A6D22F480725A655A6DD10404
:1055080003D45A6D42F001025A651846FDF74EFD64
:1055180010BDD2060AD4DB6CBDE81040DB6C18471E
:105528009007E7D01846FDF741FDF1E71846FDF76B
:10553800E1FD10BD806B08B5436D43F04003436542
:10554800836D43F004038365FDF7D4FD08BD00BFF8
:10555800F0B5002283B0019290F85020012A00F0A3
:105568001C81034601201A6883F850009468640778
:1055780000F18A800C68C4F31305002D40F08F8079
:10558800C4F38464A0404D684FF01F0ED6694FEAFB
:10559800951C30430CF00C0CD06105F01F0002F193
:1055A800300584400EFA00FE5CF8050020EA0E0083
:1055B80004434CF80540906840076ED4956815F090
:1055C800080547D10C68072002F11406B94F4FEAC5
:1055D800D45CC4F304540CF0040C00FA04FE88688C
:1055E80000FA04F45CF8060020EA0E0020434CF8A8
:1055F8000600386800F07040B0F1805F00F0C580A8
:10560800D068D668C70600F1E880C6F38206486904
:10561800760000FA06F60F69042F00F0C18002F147
:105628006004086854F827C000F0F8400CF0004CFB
:1056380040EA0C00304344F82700487E0E690128F0
:1056480054F8260008BF4FF0004520F000400543FD
:1056580044F826509068C40714D4CE68086806F049
:105668001807954CD2F8C050FC40C0F3130704400B
:1056780025EA07052C43C2F8C040904CA64246D004
:10568800002816DB002003E05A6D42F020025A651C
:10569800002283F8502003B0F0BD9068DAE794FA4E
:1056A800A4F5B5FA85F5C4F3846405F01F05A84090
:1056B80069E783498A4200F0B68001F580718A4221
:1056C80000F0B1807F4D804CA968A46801F0E076B5
:1056D800E44304F00104002C00F0B4807B4CA042A9
:1056E80000F0FC807A4CA04200F01A81794CA0426C
:1056F800C8D14902C6D474498A42C3D1AA680020D5
:1057080022F0E072324342F48002AA60C0E7002F20
:105718006AD090FAA0F4B4FA84F4013404F01F04B7
:10572800092C00F2A48090FAA0F4B4FA84F490FA58
:10573800A0F5B5FA85F5013401260135A40605F072
:105748001F0504F0F84406FA05F52C4390FAA0F07A
:10575800B0FA80F0304400F01F0000EB4000000574
:105768002043C60D02F11405C0F30450072406F0C7
:10577800040604FA00F7745924EA07048F6807FA44
:1057880000F02043705108687AE7D6684869C6F384
:105798008206760000FA06F63DE7022003B0F0BD67
:1057A800106E0C6800F0F840A506B0EB846F30D09E
:1057B800506E00F0F840854226D0906E00F0F84018
:1057C80085422BD0D06E00F0F84085427FF442AF7E
:1057D800D06E20F00040D0663CE77608486906F0B5
:1057E800080600FA06F616E7800E441C04F01F06A9
:1057F800092E2DD8A406012004F0F844B040044333
:1058080006EB46000005ABE7506E20F000405066FE
:10581800D3E7106E20F000401066C9E7906E20F0C4
:1058280000409066CEE7264C2B4D04F58074A9689D
:1058380054F8F86CA468344301F0E076E44304F0CB
:10584800010448E75A6D012042F020025A651FE71B
:1058580006EB4600A50601241E3805F0F84504FAB3
:1058680006F60005354340F00070284379E790FAC2
:10587800A0F5B5FA85F590FAA0F4B4FA84F40135E8
:1058880001260134AD0604F01F0405F0F84506FAB8
:1058980004F4254390FAA0F4B4FA84F4344404F0F0
:1058A8001F0404EB4404A4F11E00000540F000703E
:1058B800DBE700BF0010005CFFFF0F000000FF47A0
:1058C800002002400063025800600258000084CBA8
:1058D800000052C70000B8CF0023024008023FF57D
:1058E800D1AE17498A427FF4CDAE164AA96812682C
:1058F800154821F0E07192093143A0FB020241F4FE
:1059080000019209A96052000192019A002A3FF40D
:10591800B9AE019A013A0192019A002AF9D1B1E689
:1059280011F080707FF4AEAE05498A427FF4AAAECA
:10593800AA6822F0E072324342F08072AA60A7E6B9
:1059480000600258F0000024632D3E0503689A6841
:10595800D20701D5002070479968214A114270B5D5
:10596800044608D0636D012043F010036365A36DFE
:105978000343A36570BD99681A4A0A4042F00102C0
:105988009A60FFF77BFD2368174A054693421ED0AD
:1059980002F5807293421AD0144A9268114E0AE0B6
:1059A8009A68324042F001029A60FFF767FD401B97
:1059B8000228D7D823681A68D2070FD49A68D10763
:1059C800EED5FFF75BFD401B0228F3D9CAE7084A6A
:1059D8009268D006E2D0074A9342DFD1002070BD1A
:1059E8003F000080C0FFFF7F002002400063025894
:1059F80000230240002102402DE9F0413A4D0446BF
:105A080000680F461646A84219D0384B984216D05F
:105A1800374DAB688068420716D494F85020012AA5
:105A280012D003F01F080122B8F1090F84F85020A2
:105A38000DD90023012084F85030BDE8F0812D4DA8
:105A4800AB6880684207E8D50220BDE8F08140F2E3
:105A5800212323FA08F3DB4313EA0205E9D12046A0
:105A6800FFF774FF002839D1626D234B216813407A
:105A780043F480736365B8F1000F02D01B4B994261
:105A880003D0636D23F480136365636D13F480534F
:105A980028D0A36D23F00603A365E06C3346174DA9
:105AA8003A464031C563164D0564164DC5641C253C
:105AB80041F8405C002584F8505051F83C5C45F0B2
:105AC800100541F83C5C01F031F822680E4B9168F2
:105AD8000B4043F004039360BDE8F08184F8505014
:105AE800BDE8F081A365D8E700200240002102400C
:105AF8000063025800230240FEF0FFFFD154000863
:105B0800C55400083D550008C0FFFF7F38B503683D
:105B18009A68910702D59B68002038BD9A68D20719
:105B280023D59A68044602F00D02012A08D0636D55
:105B3800012043F010036365A36D0343A36538BDDB
:105B4800986803210A4A024042F002029A601960EA
:105B5800FFF794FC054604E0FFF790FC401B022881
:105B6800E5D823689B68DB07F6D4002038BD00BF62
:105B7800C0FFFF7F38B5574A04460368934226D0D2
:105B880002F58072934222D0534B9B6813F4403F36
:105B980022D004F053FD63680546B3F5003F00F0DA
:105BA8008880B3F5403F70D0B3F5803F00F0818026
:105BB800FFF77CFC41F2030398422DD8474B9D42E6
:105BC8005DD92268936843F48073936038BD444B71
:105BD8009B6813F4403FDCD14FF4002005F0FAFD38
:105BE80063680546B3F5101F6DD008D8B3F5E01FFC
:105BF80055D01AD9B3F5001FDAD14509D8E7B3F55E
:105C0800201F4AD0B3F5301FD2D1FFF74FFC41F225
:105C18000303984233D92D0A324B9D421DD822687E
:105C2800936823F44073936038BDB3F5801F06D0A2
:105C38000AD9B3F5A01F02D0B3F5C01FB8D19B0C89
:105C48005B00B5FBF3F5B3E7B3F5002FF7D023F40A
:105C58000022B2F5802FF2D0AAE7234B234A2B4427
:105C680093421ED9224B234A2B44934222689368BD
:105C78002BD823F4407343F40073936038BD226833
:105C8800936823F48073936038BD8508FFF70EFC92
:105C980041F203039842BFD890E7C50988E7050990
:105CA80086E72268936823F4407343F48073936013
:105CB80038BD1B0CB5FBF3F5FFF7F8FB41F2030306
:105CC8009842A9D87AE7850972E743F4407393604C
:105CD80038BD00BF0020024000630258002D31018A
:105CE80000230240105E5F00EFA1A0FF0F5E5F007F
:105CF800DF4341FF1FBCBE0030B5002383B00193D2
:105D0800002800F0D080456D0446002D00F0BA80D0
:105D1800226893689B0003D59168714B0B40936090
:105D28009368DD0015D46F4B90686F491B6801407C
:105D38006E489B0941F08051A0FB030391609B09C9
:105D48000193019B2BB1019B013B0193019B002B0C
:105D5800F9D19368D80024D4636D012543F010036A
:105D68006365A36D2B43A365936813F0040F636DFC
:105D78001DD1D9061BD4636D23F4817343F002034C
:105D880063659368DB0728D4594B9A4217D003F50B
:105D980080739A4213D0574B9B68D9071DD4564A33
:105DA80015E09368002513F0040F636DE1D0636D6F
:105DB800012543F010032846636503B030BD4C4A03
:105DC8004E4B92689B681343D80706D44C4A936895
:105DD800616823F47C130B439360FFF767FB41F280
:105DE8000303A1689842237F52D894F815C01A0477
:105DF800206B42EA4C3202430A43012B03D1236A47
:105E0800013B42EA4342636A23B103F47873A16A0F
:105E18000B431A4323683B49D86801400A43DA60B8
:105E28009A6812F0040F9A681CD112071AD4D8681D
:105E3800354A217D024042EA8132E16A0A43DA604A
:105E480094F83820012A3AD01A6922F001021A611E
:105E58001A692046616B22F070420A431A61FFF703
:105E680089FE2368E268012A21D01A6B22F00F020A
:105E78001A63636D284623F0030343F00103636547
:105E880003B030BDFDF740F8A56584F850503FE7F2
:105E98001029AAD1617D1A0442EA4132216B0A43D2
:105EA80042F01C02A9E70125284603B030BD196B52
:105EB800A26921F00F01013A0A431A63D9E7D4E92C
:105EC800102118690A43114901400A43A16C0A4389
:105ED800E16B42EA014242F001021A61B8E700BFF1
:105EE800C0FFFF5FF0000024C0FFFF6F632D3E0579
:105EF800002002400060025800630258002102405E
:105F08000023024003C0F0FFFCBFFFFF1EF800FCA7
:105F1800F0B5002383B0019390F85030012B40D0A6
:105F2800012304460E46154680F85030FFF7EEFD73
:105F3800E8B9676D05F080421B4B06F480311B4DB4
:105F48003B401B4F43F00203636523689E6835405E
:105F580015430D4345F000459D609A68002A0FDB04
:105F6800636D23F0030343F00103636503E0636D8E
:105F780043F010036365002384F8503003B0F0BD8C
:105F8800019A01320192019ABA42E6D9636D002260
:105F9800012023F0120384F8502043F010036365B6
:105FA800ECE7022003B0F0BDFDEEFFFFC0FFFE3FAF
:105FB800FF955A55F0B490F850200E68012A49D040
:105FC8000346294A01201C6883F85000944208D0EF
:105FD8005A6D002142F0200283F850105A65F0BC37
:105FE8007047224DAA6852070AD5A2685A6D012047
:105FF80042F020025A65002283F85020F0BC704716
:10600800A06810F00400F1D1C6B1DFF868C04F688D
:10601800DCF8082022F440423A43CCF80820A4686F
:10602800AA682243D40713D48A68DCF808101643F8
:106038000F4A0A401643CCF80860DCE70D498A6825
:1060480022F440428A60A068AA680243D00704D5B7
:106058000020D0E70220F0BC70478C683046044A24
:1060680022408A60C7E700BF0020024000210240AA
:10607800E0F0FFFF0023024006494FF6FF0C000244
:10608800054BCA6800F4E06002EA0C0210430343BF
:10609800CB60704700ED00E00000FA051B4BDB68A1
:1060A800C3F3022300B5C3F1070E03F1040CBEF1DC
:1060B800040F28BF4FF0040EBCF1060F1AD9033B9A
:1060C8004FF0FF3C0CFA03FC22EA0C024FF0FF3CB5
:1060D80000280CFA0EFC21EA0C0101FA03F141EA4E
:1060E80002010ADB09010A4BC9B2034483F8001311
:1060F8005DF804FB00221346E8E700F00F000901F1
:10610800044BC9B2034419765DF804FB00ED00E0C6
:1061180000E100E0FCEC00E0002807DB00F01F01D4
:1061280001234009024A8B4042F82030704700BFE3
:1061380000E100E000280DDB4309012200F01F0008
:106148000549203302FA00F041F82300BFF34F8FCE
:10615800BFF36F8F704700BF00E100E0431EB3F14B
:10616800807F0CD24FF0E022002006494FF0F00C5F
:106178005361072381F823C09061136170470120A0
:10618800704700BF00ED00E0BFF35F8F044B0021B4
:106198005A6A22F480325A62C3F89410704700BFDA
:1061A80000ED00E0064B40F00100C3F894005A6A85
:1061B80042F480325A62BFF34F8FBFF36F8F70473C
:1061C80000ED00E0174A4378C2F89830017821B30F
:1061D800436800B5C2F89C30C37A90F80CC01B061F
:1061E80090F80FE043EA0C7390F80AC00B43817BE8
:1061F80043EACC4390F80DC043EA8C4390F809C0B9
:1062080043EA4143017A43EA0E4343EA0C2343EA53
:106218004103C2F8A0305DF804FBC2F89C10C2F834
:10622800A010704700ED00E0704700BF08B5FFF709
:10623800FBFF08BD88B110B50379044603F0FF02DF
:106248003BB10023022101222171184623612271EA
:1062580010BD4271FCF750FFF3E70120704700BF03
:10626800F8B504464079069F012853D00D461146DB
:10627800012226686271022222713DBBA068042FA8
:10628800374ADFF8E4C0C2633268C0F840C042F45D
:106298008052DFF8D8C0C0F84CC0326042D0082F16
:1062A8003DD0002F38D02A46376847F4005737606A
:1062B80000F03CFC0023637138BB236805F0100133
:1062C80001251A688D4015431D60F8BDE068042F4C
:1062D800244ADFF89CC0C2633268C0F840C042F06C
:1062E8008052DFF890C0C0F84CC032602FD0082F21
:1062F80024D0D7B13768002247F00057376000F044
:1063080015FC002363710028D7D0236943F00403E8
:106318002361F8BD0220F8BD06F10802C4E706F1C2
:106328001002C1E706F10C02BEE7376806F1140255
:1063380047F00057376000F0F9FBE2E7376806F1ED
:106348001C0247F00057376000F0F0FBD9E73768C8
:1063580006F1180247F00057376000F0E7FBD0E776
:10636800DD630008B9650008ED630008FD630008F7
:10637800C9650008D565000838B54FF4805C036826
:1063880001F0100E04461D6801200CFA0EFC00FAFC
:106398000EF025EA0C051D601A6822EA00021A6050
:1063A80071B9A06800F0E2FC2268136823F4005376
:1063B800136010B10423237138BD0123237138BD44
:1063C800E06800F0D3FC2268136823F000531360E0
:1063D800EFE700BF10B5846B2046FCF755FF01239B
:1063E800237110BD806B08B5FCF77EFF08BD00BFA8
:1063F800704700BF10B5846B2369204643F004033F
:106408002361FFF7F5FF0123237110BD704700BF1B
:1064180003681A68910410B5044602D55A6B9204B1
:1064280018D41A68910002D55A6B920000D410BD96
:1064380004224FF0005120462271226942F00202E4
:10644800226159631A6822F08052BDE810401A6030
:1064580000F0ACB804224FF400510271026942F016
:106468000102026159631A6822F480521A60FFF728
:10647800CDFF2368D5E700BF2DE9F04143790E46EB
:106488000968012B00F08A80012304290446154677
:1064980043714FF0020303713AD002F010002368F1
:1064A8003269012A2AD0D6E902252A4307250A4358
:1064B800716805FA00F6DD6B8240814025EA060521
:1064C8002A434FF48045DA6385401A6822EA0502B8
:1064D80040F6FE751A6085401A6822EA0502012511
:1064E8001143C022196082401868002120EA020086
:1064F8001860084625716171BDE8F0811F259A6B07
:10650800854022EA0505726982402A439A63CAE7F0
:10651800D2B9FEF7B3FFDFF88C80074604E0FEF738
:10652800ADFFC01B012830D823685B6B13EA080F46
:10653800F5D10120FEF7A8FF2368B2691A640DE0BF
:10654800FEF79CFF012820D823685B6B002BF7DB44
:106558000120FEF799FF2368B2695A6405F010001C
:1065680040F2FF319A6C814022EA0102F1698140D0
:106578000A43FF219A648140DA6C22EA0102316AF7
:1065880081400A433168DA648AE72369032243F0C9
:106598000803104623612271BDE8F0810220BDE89E
:1065A800F08100BF00800020704700BF704700BF27
:1065B80010B5846B2046FCF7D7FE0123237110BD6C
:1065C800806B08B5FCF7BAFE08BD00BF10B5846B38
:1065D8002369204643F004032361FFF7E5FF012305
:1065E800237110BD0268344B344930B4344D354CF6
:1065F800AA4218BF9A420CBF012300238A4208BF4F
:1066080043F001033031A24208BF43F001033034A4
:106618008A4208BF43F001033031A24208BF43F069
:10662800010330348A4208BF43F0010301F55C716D
:10663800A24208BF43F0010304F55C748A4208BF14
:1066480043F001033031A24208BF43F00103303464
:106658008A4208BF43F001033031A24208BF43F029
:10666800010330348A4208BF43F001033031A242AB
:1066780008BF43F001038A4208BF43F0010313B97E
:10668800114B9A4213D1D3B21049114C103BA1FBC4
:1066980003515F2B0F4BC1F3021103EA0203615C44
:1066A80088BF0433C1658365184630BC704722F043
:1066B800FF038365F8E700BF100002404000024076
:1066C8002800024058000240B8040240ABAAAAAA17
:1066D8006430010800FCFFFF0368294A294930B4E7
:1066E800294D2A4CAB4218BF93420CBF012200220D
:1066F8008B4208BF42F001022831A34208BF42F092
:10670800010228348B4208BF42F001022831A3421B
:1067180008BF42F001028B4208BF42F0010212B9E1
:106728001B4A934213D1DBB21A4C1B4A0121083B86
:106738001A4DA4FB0343456602EB1312C3F304137B
:10674800920001FA03F30266836630BC7047DAB23E
:106758001349144C1944103AA829A4FB02234FEA00
:10676800131300D80833104A03F01F0501210F4CFA
:106778001A44A9404466920081660266E5E700BFB4
:1067880008540258305402581C54025844540258B1
:1067980094540258CDCCCCCC0096001680580258A0
:1067A800F0FBFDBFABAAAAAA008200108008024035
:1067B80070B50446FEF762FE002C00F0C680236820
:1067C8000546954A934248D01832934245D0303214
:1067D80092498B4218BF934201F130010CBF01224C
:1067E80000228B4208BF42F0010218318B4208BFD9
:1067F80042F0010218318B4208BF42F00102183101
:106808008B4208BF42F0010201F556718B4208BF66
:1068180042F0010218318B4208BF42F001021831E0
:106828008B4208BF42F0010218318B4208BF42F088
:10683800010218318B4208BF42F0010218318B4225
:1068480008BF42F0010218318B4208BF42F0010232
:106858001AB9734A934240F0F5800222002184F865
:10686800352084F834101A6822F001021A6005E015
:10687800FEF704FE431B052B40D823681A68D1078E
:10688800F6D4D4E9022521692A43A0691D680A4380
:1068980061690A43E16902430A4362492940256A5A
:1068A8002A430A43616A04292FD01A605A6922F0E0
:1068B8000702114359612046FFF794FEE26D3F231A
:1068C80002F01F02934083602046FFF705FFA3688C
:1068D800802B3CD06368A06EDAB2013BD4E9185132
:1068E800072B2A60486026D90023C4E91B33636755
:1068F80000200123606584F8353070BD2022032311
:106908000120626584F8353070BDD4E90B51294304
:106918000A431A605969A26A21F00701114341F03C
:106928000401002DC6D000284FD1012A6ED032F0C4
:106938000202BFD151E0501E072810D9626FD4E976
:106948001B31002018604A60D2E7012070BD002387
:10695800A16ED4E91802636003605160C4E721683E
:10696800314B324DA94218BF994205F114050CBFAD
:1069780001230023A94208BF43F001031435A942AB
:1069880008BF43F001031435A94208BF43F00103CF
:106998001435A94208BF43F001031435A94208BFC2
:1069A80043F001033BB9224B994204D0214B2249C1
:1069B80013449B0003E0214B214913449B0001220F
:1069C8008240C4E91B316267BBE7B0F5005F0ED0B7
:1069D800022A05D9032A7FF46DAFEA017FF56AAF71
:1069E800012340221846626584F8353070BD032AB9
:1069F8003FF660AF01A050F822F000BFE969000837
:106A0800E3690008E9690008156A0008B5F1C07F64
:106A18007FF450AFE4E700BF10000240400002409E
:106A2800B80402403F8010FE085402581C54025813
:106A3800945402583F820010400902403F960016C5
:106A480040590258324A33483349834218BF934267
:106A580000F128000CBF012200228B4208BF42F03F
:106A680001022831834208BF42F0010228308B42DC
:106A780008BF42F001022831834208BF42F00102F8
:106A88008B4208BF42F0010212B9244A934238D11E
:106A980002220021224D84F8341084F835201A6827
:106AA8001540A268402A2AD0802A0CBF4FF48040A3
:106AB8000846266AD4E90312D20842EAD10261697B
:106AC80042EAD102A16942EAD102E16942EAD1026D
:106AD800144942EA161219442A4302431248A0FBF9
:106AE800010120461A600B099B00E365FFF77AFD58
:106AF800E26D012302F01F0293404360E4E6102098
:106B0800D7E7402203230120626584F8353070BD41
:106B1800085402581C5402583054025894540258CD
:106B28000F00FEFFF8ABFDA7CDCCCCCC002800F0C1
:106B3800BC80844690F83400012800F0B880012019
:106B48002DE9F0419CF835408CF83400844208D097
:106B580000224FF400638CF83420CCF85430BDE8A0
:106B6800F0810220DCF800507A4C8CF835000020C7
:106B7800794ECCF854007948854218BFA54200F1F7
:106B880018000CBF01240024854208BF44F001040A
:106B98001830854208BF44F001041830854208BF08
:106BA80044F001041830854208BF44F0010400F5A0
:106BB8005670854208BF44F001041830854208BF6A
:106BC80044F001041830854208BF44F0010418302D
:106BD800854208BF44F001041830854208BF44F0DC
:106BE80001041830854208BF44F00104183085427A
:106BF80008BF44F001041830854208BF44F001047E
:106C0800A0F59560B54218BF8542DCF86C600CBFF2
:106C18000120002054EA0008286820F001002860BC
:106C2800DCF86400DCF86840DCF85870446040D058
:106C380016B1DCE91C044460DCF85C004FF03F0E40
:106C480000F01F000EFA00F0B860286820F48020D9
:106C580028606B60DCF80830402B23D0A960EA601C
:106C68002B6823F01E0343F016032B60DCF840303A
:106C78001BB12B6843F008032B60DCF860301A68FE
:106C8800D20303D51A6842F480721A601EB13368C1
:106C980043F4807333602B68002043F001032B60BA
:106CA800BDE8F081AA60E960DAE7012070470220B8
:106CB800704716B1DCE91C0444602948DFF8A8E0F5
:106CC800754518BF85420EF1140E0CBF0120002037
:106CD800754508BF40F001000EF1140E754508BF58
:106CE80040F001000EF1140E754508BF40F0010098
:106CF8000EF1140E754508BF40F001000EF1140E98
:106D0800754508BF40F0010010B9164885420ED1FC
:106D1800DCF85C0000F01F0E012000FA0EF078602D
:106D28006B60DCF80830402B10D0A960EA602B6853
:106D380023F00E0343F00A032B60DCF84030002BED
:106D48009BD02B6843F004032B6096E7AA60E960A8
:106D5800EDE700BF40000240280002405800024012
:106D680008540258945402581C54025870B50546E9
:106D7800FEF784FB002D00F0ED8095F83530022BEE
:106D880040F0D7802C6806467A4B7B4A944218BF5D
:106D98009C4202F118020CBF01230023944208BF51
:106DA80043F001031832944208BF43F0010318323C
:106DB800944208BF43F001031832944208BF43F0DD
:106DC800010302F55672944208BF43F001031832DA
:106DD800944208BF43F001031832944208BF43F0BD
:106DE80001031832944208BF43F001031832944259
:106DF80008BF43F001031832944208BF43F001036F
:106E08001832944208BF43F001031832944208BF75
:106E180043F001033BB9A2F59562584B9C4218BF59
:106E2800944240F0A18023682A6E23F01E03236059
:106E3800636923F080036361136823F4807313602C
:106E4800236823F00103236004E0FEF717FB831B8C
:106E5800052B75D82368DB07F7D42A68484B4748C1
:106E68004449824218BF9A4200F130000CBF012306
:106E780000238A4208BF43F001033031824208BF31
:106E880043F0010330308A4208BF43F00103303138
:106E9800824208BF43F0010330308A4208BF43F002
:106EA800010301F55C71824208BF43F0010300F55C
:106EB8005C708A4208BF43F001033031824208BF48
:106EC80043F0010330308A4208BF43F001033031F8
:106ED800824208BF43F0010330308A4208BF43F0C2
:106EE80001033031824208BF43F001038A4208BFE0
:106EF80043F0010313B9234B9A422DD1EA6D3F2386
:106F0800A96D02F01F0293408B60EB6ED5E9192141
:106F1800516033B11A68D5E91C1022F480721A60E6
:106F2800486000230122184685F8343085F835205A
:106F380070BD8022002301206A6585F8343070BD59
:106F48002021002203230120696585F8342085F873
:106F5800353070BD012070BDEA6D0123A96D02F0C6
:106F68001F0293404B60D0E723682A6E23F00E037C
:106F7800236061E7400002405800024028000240B8
:106F880010000240B804024000285FD038B590F8DD
:106F980035200346022A55D10168444A914248D017
:106FA8001832914245D03032414C4248A14218BF74
:106FB800914204F148040CBF01220022814208BF1B
:106FC80042F001023030A14208BF42F001023034E1
:106FD800814208BF42F0010200F55C70A14208BF7F
:106FE80042F0010204F55C74814208BF42F00102DC
:106FF8003030A14208BF42F001023034814208BF5C
:1070080042F001023030A14208BF42F001023034A0
:10701800814208BF42F001023030A14208BF42F06D
:107028000102814208BF42F0010212B9224A91428C
:107038000ED10422002083F835200B6823F00103C9
:107048000B6038BD802201205A6538BD0120704789
:107058000A681C6E22F00E02D86D9D6D0A6000F061
:107068001F000A6822F001020A600122216882409A
:1070780021F4807121606A60DA6ED3E919104860E2
:1070880032B11168D3E91C0421F4807111604460A5
:10709800002401211A6D83F8344083F835101AB1A1
:1070A80018469047204638BD104638BD10000240AB
:1070B8004000024070000240B80402402DE9F0434D
:1070C80000229C4B83B09C4E1D6881460192036848
:1070D8009A4A846D934218BFB342276808BF0126B5
:1070E800216818BF002645D018329548834218BF3A
:1070F800934200F118000CBF01220022834208BF0E
:1071080042F001021830834208BF42F001021830F1
:10711800834208BF42F001021830834208BF42F0A0
:10712800010200F55670834208BF42F00102183090
:10713800834208BF42F001021830834208BF42F080
:1071480001021830834208BF42F00102183083421E
:1071580008BF42F001021830834208BF42F0010222
:107168001830834208BF42F001021AB9754A9342A7
:1071780040F05082D9F85C10082201F01F0C02FA86
:107188000CF2174240F0888127FA0CF2D2070CD58E
:107198005A69100609D5012202FA0CF2A260D9F840
:1071A800542042F00202C9F854204FF0040E0EFA9F
:1071B8000CF038425BD0002E4FD1634ADFF8808153
:1071C800434518BF934208F118080CBF012200225A
:1071D800434508BF42F0010208F11808434508BFBB
:1071E80042F0010208F11808434508BF42F00102C5
:1071F80008F11808434508BF42F0010208F556781F
:10720800434508BF42F0010208F11808434508BF8A
:1072180042F0010208F11808434508BF42F0010294
:1072280008F11808434508BF42F0010208F11808A0
:10723800434508BF42F0010208F11808434508BF5A
:1072480042F0010208F11808434508BF42F0010264
:107258001AB93C4A934240F019821A68920706D537
:10726800A060D9F8542042F00402C9F85420102232
:1072780002FA0CFC1CEA070F6CD0002E45D1324AEA
:107288002F4EB34218BF934206F118060CBF0122D5
:107298000022B34208BF42F001021836B34208BFC9
:1072A80042F001021836B34208BF42F00102183614
:1072B800B34208BF42F0010206F55676B34208BF52
:1072C80042F001021836B34208BF42F001021836F4
:1072D800B34208BF42F001021836B34208BF42F079
:1072E80001021836B34208BF42F001021836B34211
:1072F80008BF42F001021836B34208BF42F001024B
:107308001AB9104A934240F0C9811A68100721D56A
:10731800C4F808C01A68560300F14C811A68D205EF
:1073280003D41A6822F008021A60D9F840308BB1E9
:107338000CE000BFF00000241000024028000240CA
:1073480058000240B80402404000024048469847AE
:10735800D9F85C1001F01F0120268E403E4268D00B
:10736800D9F80020A54BA64FBA4218BF9A4207F198
:1073780018070CBF01230023BA4208BF43F00103DA
:107388001837BA4208BF43F001031837BA4208BF9A
:1073980043F001031837BA4208BF43F00103183716
:1073A800BA4208BF43F001031837BA4208BF43F096
:1073B800010307F55677BA4208BF43F001031837AF
:1073C800BA4208BF43F001031837BA4208BF43F076
:1073D80001031837BA4208BF43F001031837BA420D
:1073E80008BF43F001031837BA4208BF43F001034E
:1073F8001837BA4208BF43F001031BB9814B9A42C0
:1074080040F062811368DB0613D5A66099F8353021
:10741800042B136800F0AE8013F4802F136800F07B
:10742800D3801C0340F1DE80D9F83C300BB14846CC
:107438009847D9F85430002B00F0B980D9F8543067
:10744800D8071FD5D9F80020042189F8351013680A
:1074580023F0010313606C4BA3FB0535AD0A02E072
:107468001368D90704D5019B0133AB420193F7D9BF
:10747800002389F834301368DB074CBF032301234A
:1074880089F83530D9F84C30002B00F09080484608
:1074980003B0BDE8F0431847186840070AD51868D4
:1074A80020F004001860A260D9F8542042F00102CC
:1074B800C9F8542027FA0CF2D2077FF576AE534A62
:1074C8005348834218BF934200F130000CBF012299
:1074D8000022834208BF42F001021830834208BFED
:1074E80042F001021830834208BF42F0010218300E
:1074F800834208BF42F0010200F55670834208BF7C
:1075080042F001021830834208BF42F001021830ED
:10751800834208BF42F001021830834208BF42F09C
:1075280001021830834208BF42F00102183083423A
:1075380008BF42F001021830834208BF42F001023E
:107548001830834208BF42F00102002A7FF420AEBF
:10755800002E7FF41DAE1A68042202FA0CF23A4299
:1075680040F09480102202FA0CFC17EA0C0F3FF44A
:10757800F1AE84E623F016031360536923F0800309
:107588005361D9F840309BB3136823F008031360A4
:107598003F230025012203FA01F1D9F85030A160F8
:1075A80089F8345089F83520002B7FF470AF03B088
:1075B800BDE8F0831B6818037FF5B7AED9F84830EB
:1075C800002B7FF4C3AEC5E613F480737FF42CAFB1
:1075D800116821F010011160012289F8343089F80E
:1075E800352021E7D9F84430002B7FF420AF20E77D
:1075F800D9F84830002BC7D1CAE700BF10000240B5
:1076080028000240B8040240B5814E1B58000240D1
:10761800400002404E4A4F4DAB4218BF934205F11D
:1076280014050CBF01220022AB4208BF42F0010240
:107638001435AB4208BF42F001021435AB4208BF13
:1076480042F001021435AB4208BF42F00102143582
:10765800AB4208BF42F0010212B93F4A9342A6D199
:10766800D9F85C5004261A6805F01F05AE400E4292
:1076780019D0570717D5100466604BD5D1034FD4DE
:10768800D9F84830002B7FF402AF90E71A6810222F
:1076980002FA0CFC17EA0C0F3FF45CAE1A685207AA
:1076A8007FF558AE34E60226AE400E4211D0970759
:1076B8000FD56660140439D5D00343D4D9F84430C3
:1076C800002B7FF4E4AE72E713689F077FF5B1AE35
:1076D8009BE60826AE400E423FF469AF11077FF5DE
:1076E80066AF1A68002122F00E021A600123D9F849
:1076F8004C2003FA05F56560C9F8543089F8341050
:1077080089F83530002A3FF452AF484603B0BDE847
:10771800F0431047920603D41A6822F004021A6054
:10772800D9F84030002B7FF4B2AE40E712F02002C7
:1077380008D11968012421F00A01196089F8342058
:1077480089F83540D9F83C30002B7FF4A0AE2EE7FD
:10775800085402581C54025894540258406D7047FB
:107768002DE9F04F0D6883B0002D00F0D58000237F
:10777800DFF8688201229A4012EA050C00F0C780FF
:107788004E6826F01009B9F1020F40F0C88003F0E6
:1077980007044FEAD30E4FF00F0A4FEA840900EBB3
:1077A8008E0E0AFA09FADEF8204024EA0A0A0C6961
:1077B80004FA09F406F0030944EA0A04CEF8204062
:1077C8004FEA430E0324D0F800A009FA0EF904FA90
:1077D8000EF42AEA040AE44349EA0A09C0F80090C8
:1077E800D0F808A0CF6804EA0A0A07FA0EF949EAAD
:1077F8000A09C0F80890C6F30019D0F804A009FADD
:1078080003F92AEA020249EA02024260C268F70062
:1078180004EA02048A6802FA0EF242EA0402C2602A
:1078280075D5644C23F0030E03F00309D4F8F42053
:10783800C6444FEA890942F00202C4F8F420D4F899
:10784800F42002F002020192019A0F22DEF80840A9
:1078580002FA09F224EA0202574CA04225D004F5A4
:107868008064A0427BD0554CA0427ED0544CA042AC
:107878006FD0544CA04200F08480534CA04200F0DA
:107888008680524CA04276D0514CA04200F08580B0
:10789800504CA04200F087804F4CA0420CBF0924F6
:1078A8000A2404FA09F942EA0902CEF808204FF03E
:1078B800B0426FEA0C0EF403D2F880204FF0B044C7
:1078C80054BF0EEA02024CEA0202C4F88020B20356
:1078D800D4F884404FF0B04254BF0EEA04044CEA96
:1078E8000404F702C2F8844014684FF0B04254BF51
:1078F8000EEA04044CEA04041460B40252684FF01F
:10790800B04454BF0EEA02024CEA0202626001333C
:1079180035FA03F27FF42EAF03B0BDE8F08F4FEADB
:10792800430E0324D0F800B006F0030A04FA0EF45C
:1079380009F1FF390AFA0EFA2BEA040BB9F1010F23
:107948006FEA04044AEA0B0AC0F800A03FF65EAFEB
:1079580046E7032404FA09F942EA0902A5E70124E3
:1079680004FA09F942EA09029FE7022404FA09F92C
:1079780042EA090299E7062404FA09F942EA0902E7
:1079880093E7042404FA09F942EA09028DE7052479
:1079980004FA09F942EA090287E7072404FA09F90F
:1079A80042EA090281E7082404FA09F942EA0902CD
:1079B8007BE700BF00440258000002580008025844
:1079C800000C0258001002580014025800180258FF
:1079D800001C0258002002580024025800040058D5
:1079E800002900F0A88000232DE9F04FDFF8689106
:1079F80083B0DFF86881DFF868A1DFF868B14FF07D
:107A0800010E0EFA03F212EA010C6FD023F00305FF
:107A180003F003040F2640454D444FEAC404AF6801
:107A280006FA04F607EA0607019721D0504566D002
:107A3800584567D0434FB8426ED0434FB84270D0D4
:107A4800424FB84263D0424FB84256D0414FB84235
:107A580072D0DFF814E1704568D0DFF810E17045A6
:107A680014BF4FF00A0E4FF0090E0EFA04F400E0AE
:107A78000024019FA74219D1AC6824EA06064FF0FA
:107A8800B044AE60D4F8805025EA0C05C4F88050A4
:107A9800D4F8845025EA0C05C4F88450256825EAF2
:107AA8000C052560656825EA0C05656003255C0002
:107AB80003F007070F2605FA04F40568BF002543FD
:107AC80006FA07F70560DD0800EB85052E6A26EA49
:107AD80007062E62856825EA04058560456825EA5B
:107AE80002024260C26822EA0404C460013331FA27
:107AF80003F284D103B0BDE8F08F4FF0060E0EFA02
:107B080004F4B6E74FF0020E0EFA04F4B1E74FF0B2
:107B1800050E0EFA04F4ACE74FF0030E0EFA04F467
:107B2800A7E74FF0040E0EFA04F4A2E74FF0080E90
:107B38000EFA04F49DE770474FF0070E0EFA04F4AE
:107B480097E700BF000C02580010025800140258B2
:107B580000180258001C025800040058000002587F
:107B68000004025800080258002002580024025855
:107B78000369194214BF01200020704702B90904A3
:107B8800816170472DE9F04F056885B004462846A5
:107B980005F04CFA012802D005B0BDE8F08F206846
:107BA80005F0F4F90028F7D0206805F0EFF910F493
:107BB800001F206802D04FF40013436105F0E6F976
:107BC80010F4801F206802D04FF48013436105F041
:107BD800DDF910F0806F206802D04FF080634361B8
:107BE80005F0D4F910F0020F20682FD105F0CEF976
:107BF800870000F11381206805F0C8F9C60100F17B
:107C0800CF80206805F0C2F9000700F1BE80206827
:107C180005F0BCF910F0007F20681AD105F0B6F91C
:107C2800C306B9D52568AB6923F01003AB612E6A8A
:107C3800C6F34341C6F30A17022902D1002F40F0C8
:107C4800C681AB6943F01003AB61A5E7022343612A
:107C5800CCE705F059FAD4F808E080462068BEF170
:107C6800000F00F0998005F5A06500264FF0280B5D
:107C78004FF0020A4AE000F5A0694A0109EB4117F2
:107C8800BB685B075DD50423BB60FB6843F0020358
:107C9800FB60BB68980500F1FD80BB68DB0740F11D
:107CA800CF80236953B101EB81003B6904EBC0002D
:107CB800C3F3120C836CA3EB0C03C3648B004FF06B
:107CC800010C4FF0000E581804EBC000C0F858E043
:107CD80080F85DC0C7F808C090F83FE01EF0FD0FBF
:107CE80000F06481BEF1030F00F040820B4404EB06
:107CF800C30393F8502082F0010283F85020D4F88F
:107D080008E0206801362035764545D206F00F0395
:107D180028FA03F3D907F5D52B68F1B21A04AAD4C7
:107D280000F5A0624FEA411C02EB4117BB6813F053
:107D380004090DD00423BB60FB6843F00203FB6019
:107D4800E0E7BB689B0640F1B3802023BB60A0E757
:107D5800BB6813F0200300F0CA8001EB81032022E6
:107D680004EBC303BA6093F83D20012ACAD183F813
:107D78003D9083F85CA0FB6843F00203FB6005F0CC
:107D8800C7F9D4F808E02068BCE72046FDF736FAC2
:107D98002068082343613BE74FF0007343613DE7E8
:107DA8002668D6F840340293D6F840340393039BF0
:107DB80023F02E030393029B980707D5029BD9074C
:107DC80000F16381039B43F002030393029B1A07AC
:107DD80018D5039B43F008030393029B5B0740F10C
:107DE8005C81A169022900F09A81E368012B03D123
:107DF8004EF66022C6F804242046FDF70DFA204608
:107E0800FDF700FA2068029B9F0603D5039B43F009
:107E180020030393039BC6F84034F3E6D5F84034B7
:107E2800204623F02E03C5F84034FDF7EFF9012171
:107E3800206805F047F920684FF000534361DBE6FE
:107E4800BB68980740F18E80FB6801EB810C23F03A
:107E5800020304EBCC0CFB608B009CF85D0001284E
:107E680000F0B280052800F0AF80062800F0A3815A
:107E7800082800F0A081032800F0DC819CF85C0051
:107E88000246C7F808A02046FDF7C4F9D4F808E070
:107E9800206837E7FB68206843F00203FB6005F0C1
:107EA80037F94FF400732068BB60D4F808E029E77D
:107EB800BB681B0700F1BB80BB685B057FF5E9AEBB
:107EC800FB68019243F002030091FB6005F020F982
:107ED80000991020019A01EB8103B860082004EB97
:107EE800C30383F85D004FF48063BB60D1E6D7F825
:107EF800089019F0400F40F0B180BB6813F400738C
:107F080040F02F81D7F8089019F0010F40F03F8119
:107F1800BB6813F0080340F06881D7F8089019F09F
:107F2800100F00F0C98001EB810204EBC2029365D7
:107F3800032382F85D3092F83D303BB90BFB0143D7
:107F480093F83C2012B9012283F83D20FB6843F0E6
:107F58000203FB6005F0DCF810232068BB60D4F84E
:107F680008E0CFE6BB6813F0800340F0E380BA680E
:107F7800D20640F1D08001EB810004EBC00090F8FC
:107F88003F20032A00F04B8112F0FD02E4D123695F
:107F98008265002BE0D10BFB0143032283F85D20AF
:107FA800FB68206843F00203FB60D3E7FA682068A7
:107FB80042F0020201930091FA6005F0A9F810223C
:107FC800DDE90013BA6091E68CF85C0058E706F02A
:107FD8000F0606EB860804EBC808D8F844100029F9
:107FE8003FF42FAE284605F5A0653A4604F04CFF4D
:107FF800D8F8443005EB46123B441169D8F84C20B8
:10800800C8F8443073013A44C8F84C20BC4A0A40C6
:108018005AB1EA5822F0804242F00042EA5098F8F9
:10802800503083F0010388F85030256809E6FB6872
:108038004FF0050C019243F002030091FB6001EB45
:10804800810304EBC30383F85DC01023BB600823DE
:10805800BB6005F05DF8DDE900121AE601EB81026C
:1080680004EBC2029365042382F85D30012382F891
:108078003D30FB6843F00203FB6005F049F84023FC
:108088002068BB60D4F808E03CE6B369204623F0DA
:108098000053B361FDF7B6F894E62046FDF7C0F843
:1080A800D6F84034206823F02E03C6F8403483699C
:1080B80043F000538361A6E6BB681B0600F1C88045
:1080C800BB685B0500F1D780BB689B077FF51AAEDC
:1080D800FB680BFB014023F00203FB6090F85D3066
:1080E800012B00F0E180032B00F0DB80042B00F073
:1080F800D880052B00F0FC80062B00F0E480082BCC
:1081080000F0E1800BFB01432046C7F808A093F874
:108118005C20FDF77FF8D4F808E02068F2E5029BC0
:10812800206803F4C023B3F5802F18BF012104F0A1
:10813800C9FF61E6FB6801EB810243F0020304EB2F
:10814800C202FB60936D01339365062382F85D30AC
:10815800206804F0DDFF80232068BB60D4F808E0C5
:10816800D0E5FB6843F00203FB6098E652F809701B
:10817800019347F00057009142F80970624680F871
:108188005CC02046FDF746F8DDE90013AEE5FA6865
:1081980001EB810942F0020204EBC909C9F8583021
:1081A800FA6004F0B5FF0123BB6089F85D30D4F8AC
:1081B80008E02068A6E503EB010C04EBCC0CDCF826
:1081C80058000130032825D8CCF8580002200B4469
:1081D80004EBC30383F85C0052F8093023F08043B2
:1081E80043F0004342F809304AE608230091BB6097
:1081F800FB6843F00203FB6004F08AFF0099052244
:1082080001EB810104EBC10383F85D20D4F808E099
:10821800206877E50020CCF858000420D7E7FA68F2
:108228000BFB014042F0020283652068FA6004F00B
:108238006FFF91E60BFB0143022083F85CA052F824
:10824800093023F0804343F0004342F8093017E631
:10825800FB68009143F00203FB6004F059FF0099AA
:1082680006230BFB014181F85D3080232068BB6049
:10827800D4F808E046E5FB68009143F00203FB6090
:1082880004F046FF10230099BB604FF480630BFB9A
:108298000141BB60082381F85D30D4F808E020680C
:1082A80030E580F85CA02DE780F85C3090F83F302E
:1082B800023B012B3FF626AF90F8513083F00103C3
:1082C80080F851301EE70BFB0140836D0133032B0F
:1082D80011D8836502230BFB014080F85C3052F80B
:1082E8000C3023F0804343F0004342F80C3009E798
:1082F80080F85C3006E7002383650423EBE700BFC2
:108308000000F81F90F8B832012B0CD0012310B5EB
:108318000446006884F8B83204F05AFF002318466F
:1083280084F8B83210BD0220704700BFF8B5054682
:108338000E461746701C2C682CD1A369990727D4C0
:10834800A369DA06F9D5A3699A06FCD52023102279
:10835800E261E361A3699F0701D50023A362A369D2
:10836800DE0703D4A36943F00103A3616368002215
:108378001B4820210340012063606B6C85F8402076
:1083880043F004036B6485F8411085F84220F8BD7A
:108398000020F8BDA3699B07FAD4A369D9061BD4AA
:1083A800FDF76CF8C01BB04201D8002EC2D16B6C2F
:1083B8002021002201200B4385F840206B6485F8BA
:1083C800411085F84220F8BDFDF758F8C01B8642D9
:1083D800EDD3002EEBD02C68A3699B06F4D5B5E746
:1083E80000E800FEF8B505460E4617462C68A36956
:1083F8009B0649D4A369DA0626D5731C38D1A3692C
:108408009E06FCD520231022E261E361A369990747
:1084180001D50023A362A369DA0703D4A36943F053
:108428000103A3616368002218482021034001204A
:1084380063606B6C85F8402043F004036B6485F837
:10844800411085F84220F8BDFDF718F8C01BB0426E
:1084580001D8002ECAD16B6C2021002201200B43C9
:1084680085F840206B6485F8411085F84220F8BDF6
:10847800A3699806C6D4FDF701F8C01B8642EAD363
:10848800002EE8D02C68B8E70020F8BD00E800FE10
:1084980000284ED010B590F84130044603F0FF0292
:1084A800002B41D023682421626884F841101968A0
:1084B80022F07062E06821F00101012819601A6158
:1084C8009A6822F400429A60A26829D042F40442D1
:1084D80002289A6002D14FF400625A6058684FF03F
:1084E800200C1549226901435960D96821F40041DB
:1084F800D960D4E90501024342EA0122D4E9071010
:10850800DA600022014310461960196841F0010140
:108518001960626484F841C0226384F8422010BD67
:1085280042F400429A60D9E780F84020FBF718FA35
:10853800B8E70120704700BF008000022DE9F84F1E
:108548009A4690F84130BDF82CB0202BDDF83080E9
:1085580040F0A8800A9B0446002B00F09D80BBF1E8
:10856800000F00F0998090F84030012B00F09A80BD
:1085780001230F46914680F84030FCF77FFF0646FE
:1085880005E0FCF77BFF801B192800F2A98023680F
:108598009D6915F40045F4D10A9AC7F3090777498C
:1085A800204662622122656384F84120402284F8D3
:1085B80042206564A4F82AB05A680A405FFA8AF132
:1085C80042EA01426E493A431143324659604146F4
:1085D800FFF7ACFE002871D1BAF1010F0AD04FEABB
:1085E80019222368414620469A623246FFF79EFECA
:1085F800002863D15FFA89F322689362B8F1FF3FDC
:1086080040F0898093691806FCD5638D9BB2FF2BD7
:1086180040F2918053685B490B405B493B431943E7
:10862800FF2323855160574D4FF0FF0ADFF858911B
:1086380004E0638D9BB2002B00F08B8032464146EC
:108648002046FFF773FE002873D1626A216812F88A
:10865800010B238D88626262013B628D9BB2013AF5
:10866800238592B26285628D92B2002AE1D0002BF6
:10867800DFD1B8F1FF3F26D18B691A06FCD5638D8F
:108688009BB2FF2B3AD94B68A4F828A02B403B4358
:1086980043EA09034B60CCE74FF40073012063649D
:1086A800BDE8F88F0220BDE8F88F636C2021002216
:1086B8000B43636484F8411084F8422000230120AE
:1086C80084F84030ECE78B691B06D8D4FCF7D6FE5B
:1086D800801B804504D3B8F1000F01D02168C8E79A
:1086E800636C2021002201200B4384F8402063643E
:1086F80084F8411084F84220BDE8F88F638D9BB25E
:10870800DAB223854B682B403B4343EA024343F0EC
:1087180000734B608DE7936919063FF576AFFCF758
:10872800ADFE801B8045C0D3B8F1000FBDD02268D4
:1087380064E70120B4E7638D12489BB2D9B2238560
:10874800536803403B4343EA014343F000735360DB
:1087580069E7324641462046FFF744FE0028E8D143
:1087680023682021094DD9615A682A405A6084F843
:10877800411084F8400084F8420091E7009800FC1A
:1087880000200081009C00FC0000FF0100E800FEC2
:108798002DE9F0471F4690F84130BDF82490202B72
:1087A8000A9C40F0BF80089B8246002B00F0B380F3
:1087B800B9F1000F00F0AF8090F84030012B00F0C5
:1087C800B18001230E46904680F84030FCF756FEF3
:1087D800054605E0FCF752FE401B192800F28B8085
:1087E800DAF80030986910F40040F3D1089AC6F31B
:1087F80009068749CAF824202222CAF834008AF8D0
:10880800412040228AF84220CAF844005046AAF87B
:108818002A905A680A40F9B242EA01427D49324335
:1088280011432A4659602146FFF780FD002840F091
:108838008780012F0BD04FEA1822DAF80030214642
:1088480050469A622A46FFF771FD002878D15FFAF0
:1088580088F3DAF800209362611C40F0A4809369E1
:108868005B06FCD5BAF82A309BB2FF2B40F2A980F0
:10887800536867490B40684933431943FF23AAF8F3
:1088880028305160601C654F4FF0FF09DFF8988170
:1088980027D193695907FCD5526ADAF824301A703F
:1088A800DAF82430BAF82A200133013ACAF8243019
:1088B800BAF8283092B2013BAAF82A20BAF82A203E
:1088C8009BB292B2AAF828300BB9002A47D1BAF85D
:1088D8002A309BB2002B00F08480601CDAF800205C
:1088E800D7D093695B07D7D4FCF7C8FD401B8442F7
:1088F80001D3002CF1D1DAF84430202100220120E4
:108908000B438AF84020CAF844308AF841108AF8A4
:108918004220BDE8F0874FF400730120CAF84430C4
:10892800BDE8F0870220BDE8F087DAF8443020215E
:1089380000220B43CAF844308AF841108AF84220D2
:10894800002301208AF84030EAE793691B060DD41A
:10895800FCF794FD401B8442CDD3002CCBD0601C87
:10896800DAF80020F1D193691906FCD5BAF82A3053
:108978009BB2FF2B08D95368AAF828903B40334391
:1089880043EA08035360A2E7BAF82A309BB2D9B287
:10899800AAF8283053683B40334343EA014343F085
:1089A8000073536093E793695F063FF55BAFFCF78D
:1089B80065FD401B8442B8D3002CB6D0DAF80020FD
:1089C8004AE7BAF82A3012489BB2D9B2AAF8283036
:1089D80053680340334343EA014311491943516043
:1089E80050E72A4621465046FFF7FCFC70B9DAF8F2
:1089F800003020210B4CD9615A6822405A608AF80D
:108A080041108AF840008AF8420089E7012087E788
:108A1800009800FC002000800024FF81009C00FCDE
:108A28000024008200E800FE0000FF010268436B9A
:108A38009169126803B11847704700BF90F8410068
:108A4800704700BF90F84120202A23D15FFA82FCAA
:108A580090F840200346012A1CD00268242000B563
:108A680083F841004FF0000E106820F001001060FC
:108A7800106820F48050106010680143704611603F
:108A8800116841F00101116083F841C083F840E0AA
:108A98005DF804FB0220704790F84120202A22D17B
:108AA800034600B55FFA82FE90F84020012A1CD0E8
:108AB800026824204FF0000C83F84100106820F071
:108AC80001001060106820F4706040EA01216046DF
:108AD8001160116841F00101116083F841E083F8E9
:108AE80040C05DF804FB0220704702205DF804FBDB
:108AF8002DE9F04F076889B00446384604F096FA25
:108B080010B109B0BDE8F08F8246206804F03EFA43
:108B18000028F6D0206804F039FA10F0020F206817
:108B280003D0436903F00203436104F02FFA10F401
:108B3800002B206840F0508104F028FA10F4802FB0
:108B4800206840F0EB8004F021FA002874DB2068EC
:108B580004F01CFA000564D4206804F017FA020136
:108B680014D52268536903F00063536194F8F43311
:108B7800002B40F095810121204684F8F413536DB1
:108B8800C3F38303C4F8F83300F024FC206804F02E
:108B9800FDF9C3047BD4206804F0F8F910F4005FF1
:108BA80020685DD104F0F2F910F0100F206812D09F
:108BB800836923F0100383613D6AC5F3434305F0DD
:108BC8000F06022B00F03182062B00F07F818369AB
:108BD80043F01003836104F0D9F9070700F15781C6
:108BE800206804F0D3F9C60200F14681206804F039
:108BF800CDF9850200F13581206804F0C7F94000FD
:108C080000F12681206804F0C1F941077FF579AFAA
:108C180023685D686A0700F129825A682A435A6006
:108C28006FE7D7F80838D90700F11C822068436934
:108C380003F40063436190E7D7F8043823F0010395
:108C4800C7F8043894F8F433012B00F03881204633
:108C5800FCF754FA2068436903F00043436177E75F
:108C680004F0E8F9206803F0CDFE2568E06001F023
:108C7800E5FC227B0146284603F028FE2046FCF747
:108C880013FA2068436903F4005343618AE7D7F86D
:108C980004381021206807F5006523F001036B6094
:108CA80003F096FE6068B0B107F510634FF67F31A8
:108CB80099600AF1010A1A682033824522F40012E9
:108CC80043F8202CC3F8E811D3F8E02122F400126D
:108CD800C3F8E021ECD1EB6943F00113EB61236B9E
:108CE800002B40F0E1806A6942F22B0313436B6169
:108CF8002B6943F00B032B61D7F8003804F5717228
:108D0800217C23F4FE632068C7F8003804F0AEF92C
:108D18002068436903F4805343613DE704F04EF94A
:108D280080462068B8F1000F00F0E580264607F578
:108D380010694FF0000BCDE9037A09E05FEA5808A3
:108D48000BF1010B06F11C0609F1200900F0D58092
:108D580018F0010FF2D05FFA8BF7394604F04AF9A0
:108D6800C30705461FD50BF00F03039901229A404C
:108D7800D1F8343823EA0203C1F834380123C9F89A
:108D880008302369012B03D1D6E911231344B364B6
:108D980039462046FCF77AF92369012B03D1BBF148
:108DA800000F00F0AC81280702D50823C9F8083065
:108DB800E90602D51023C9F808306A0602D540230F
:108DC800C9F80830AB0702D50223C9F808302D06C8
:108DD80000F1C6802068B1E704F0E2F80546206893
:108DE800002D00F0868007F53066A1464FF0000B95
:108DF800049707E06D080BF1010B06F1200609F155
:108E08001C097DD0EB07F5D55FFA8BF1039104F0CF
:108E1800E3F810F0010F8046039973D118F0080F9A
:108E280040F0F280206818F0100F01D01023B360D2
:108E380018F0200F05D02169012900F05A8120235C
:108E4800B36018F4005FD5D04FF40053B360D1E796
:108E58002046FCF75FF92068436903F080434361CB
:108E6800D1E620465FFA8BF1FCF74CF9206843699C
:108E780003F400134361C0E620465FFA8BF1FCF768
:108E880045F92068436903F480134361AFE620463F
:108E9800FCF706F92068436903F008034361A0E67C
:108EA8002046FCF713F971E6D5F8843043F00B033C
:108EB800C5F884306B6C43F00B036B641CE700212E
:108EC800204684F8F41300F085FAC3E6C6EBC6061C
:108ED800082204F57171384603F0D6FFC5F30A136A
:108EE80004EB86022068D2F814120B44C2F814323C
:108EF8006DE6AB4620E6C34625E6DDE9037A22E6C1
:108F0800049F19E6206801232769B36000F53063E0
:108F1800012FD0F840E003EB4B139A6800F0C580AE
:108F2800984FBE4540F0BD80170440F1B6804FF41D
:108F3800004218F0080F9A603FF475AF026C986809
:108F480090498A4200F0978020460392FCF78EF8F9
:108F58008D4B039A9A4200F296800823B36061E72A
:108F6800D6E91453D4F800A0AB4250463FF6E6AE1B
:108F78000AF51062716CCDF81CA002EB4B12059239
:108F8800EA1A8A4228BF0A4605998969033289B2D2
:108F9800B1EB920FC0F0A980CDF81890C146A04659
:108FA800059C1AE0736C3A46B16C50469D4228BF46
:108FB8001D4698F810300093ABB203F04FFFB36C26
:108FC800A1692B4489B2B364736D2B440335B1EBAB
:108FD800950F7365C0F08180356D9D42A5EB030543
:108FE800E0D84446C846DDF81890D4F800A0079B9E
:108FF8000122504603F500610BF00F039A404B6BBA
:1090080023EA02034B6399E62268216902F530637B
:10901800126C012903EB4B13986891D15A498A4283
:1090280029D82046FCF722F897E747F6F0731D4247
:109038003FF4CDADC6EBC606C5F30A12384604EBBD
:1090480086061546D6F8081203F01EFFD6F8083231
:1090580020682B44C6F80832D6F814322B44C6F8D8
:109068001432B4E52046FCF731F8DFE52046FCF77A
:1090780055F82368D1E5020402D54FF400429A60FE
:109088002046FBF7F3FF216901297FF466AF04F559
:109098007172206803F0EAFF5FE7900601D520228D
:1090A8009A602046FBF7E8FFB8E6170732D536493D
:1090B8008E4504D9120402D54FF400429A60204626
:1090C8000393FBF7D3FF04F571720121206803F0C5
:1090D800CDFF0822039B9A60A0E64446356DC8463A
:1090E800DDF81890D4F800A050469D423FF626AE11
:1090F8007DE704F5717203F0B9FF20689FE6236DE0
:10910800002B7FF450AE04F571720121206803F042
:10911800ADFF48E6970608D520229A6018F0080F98
:109128003FF481AE026C986878E712F0280FF5D109
:10913800154FBE4505D9120403D54FF400429A6075
:10914800ECE71B692046D9F80422C3F31203D31AAB
:10915800C9F81432D9F808321344C9F80832FBF7B1
:109168008BFFBBF1000F7FF459AED4F81032002BFF
:109178007FF454AE04F571720121206803F076FF84
:109188004CE600BF0A31544F0A30544F90F8BC23C4
:10919800012A0ED0012210B50446006884F8381060
:1091A80084F8BC2303F0E0FE0023184684F8BC339F
:1091B80010BD0220704700BF10B501F00F0E090660
:1091C800044627D44FF01C0C0CFB0E0C0CF5FE715A
:1091D800CEEBCE0C00EB8C0C00208CF8FD018A60E5
:1091E8004A7881F800E0CB700AB1A1F806E0022BBA
:1091F80001D100230B7194F8BC33012B18D0012343
:10920800206884F8BC3303F00FFC0023184684F868
:10921800BC3310BD1C204FF0010C00FB0E4000F1C8
:109228003C01CEEBCE0004EB800080F83DC0D6E7D1
:10923800022010BD10B501F00F041C21C4EBC40CB2
:1092480001FB040100EB8C0C01F5FE71CCF8103227
:109258000023CCF808228CF8FC41CCF814328CF8A6
:10926800FD3103690068012B08BFCCF80C22DAB283
:109278001CB903F039FD002010BD03F01DFC0020CF
:1092880010BD00BF10B501F00F041C21C4EBC40CC5
:1092980001FB040100EB8C0C3C31CCF8503000236E
:1092A800CCF84820CCF8543001238CF83C408CF89A
:1092B8003D3003690068012B08BFCCF84C20DAB2B6
:1092C8001CB903F011FD002010BD03F0F5FB0020D0
:1092D80010BD00BF38B5436801F00F059D4234D872
:1092E8000B0604461DD41C22C1EBC10302FB01017D
:1092F80000EB8303002201F5FE7183F8FD210123B1
:109308000D708B7094F8BC239A421CD0206884F8A6
:10931800BC3303F0C9FDD5B10023184684F8BC332B
:1093280038BD1C21C5EBC503012201FB050100EB7B
:1093380083033C3183F83D2001230D708B7094F832
:10934800BC239A42E2D1022038BD012038BD04F581
:109358007172217C206803F089FEDDE7426838B528
:1093680001F00F03934232D811F0800F04464FF0FA
:109378001C01C3EBC30219D101FB0341002004EB1C
:109388008202002501F5FE7182F8FD010B708D70D7
:1093980094F8BC33012B18D00123206884F8BC331F
:1093A80003F0B6FD284684F8BC5338BD01FB0341E1
:1093B800012004EB820200253C3182F83D000B704D
:1093C8008D7094F8BC33012BE6D1022038BD012002
:1093D80038BD00BF704700BF38B5114BDA68520777
:1093E80004D4DB6803F00703834214D10C4CE36810
:1093F80023F007031843E060FCF740F8054605E052
:10940800FCF73CF8401BB0F57A7F06D863689B04EC
:10941800F6D5002038BD012038BD032038BD00BF77
:1094280000480258024AD36843F08073D3607047FB
:109438000048025870B44D6A15B1B2F1406F3AD184
:109448008B691BB30C6A002C4CD08E680068C6610F
:10945800CE69002E69D02B4313432343CC6A334390
:1094680023430C6B23434C6B23430C692343CC6885
:1094780023430C6823434C69B2F1406F43EA8443A9
:10948800436165D04B6870BC836170470B6ABBB1A0
:1094980000682B438C68CE69C461002E6BD01343DF
:1094A800CC6A334323430C6B23434C6B23430C6933
:1094B8002343CC68DEE78B6A0468013B2361BFE77E
:1094C800CB69002B66D1002D42D0CB6A0C6B2B43A5
:1094D800006813434A6923434C6B234343EA82439E
:1094E800436135E0CC6945EA030C002C32D00368AF
:1094F8004CEA0200B2F1406F40EA0400CC6A40EA4C
:1095080004000C6B40EA04004C6B40EA0400CC6891
:1095180040EA04000C6840EA04004C6940EA8440D0
:10952800586115D04A689A6112E045EA030C0D6942
:109538004CEA0203CA6A23431343D1E90C4223438A
:109548000C6813434A692B43234343EA824343612C
:1095580070BC7047CC6A4CEA020300682343D1E927
:109568000C4223430C6813434A69234343EA82436A
:1095780070BC43617047CC6A13432343D1E90C4262
:1095880023431343D1E90442234343EA824370BC93
:10959800436170472B43CD6A0C6B134300682B4320
:1095A80023434C6B84E700BF70B50446FBF766FFA6
:1095B800002C54D094F84030012B52D00123064699
:1095C80084F8403094F8413003F0FF02002B34D087
:1095D800A56C2268A1681368013923F4706343EA13
:1095E8000123136001E06B1C31D1936813F0200351
:1095F800F9D1E069E16815680143206A01436068B0
:1096080041EA00611C482840014360691160A16972
:1096180055680143206941EA00411848284001255E
:10962800014318465160116829431160636484F846
:109638004150002384F8403070BD204684F8402013
:10964800FAF70AFE41F288331D46A364C1E7FBF727
:1096580015FF801BA84206D82DB12268C5E7012056
:1096680070BD022070BD0423012084F84130636C72
:1096780003436364DDE700BF2FFFFF00FEF8E0FF50
:10968800C8B110B590F840300446012B11D00268DB
:10969800012380F84030136823F001031360FAF7C0
:1096A80069FE00236364184684F8413084F840302A
:1096B80010BD022010BD0120704700BF2DE9F04108
:1096C80004460E461546FBF7D9FE94F84030012BA8
:1096D8003AD0012384F8403094F84130012BDFB2AE
:1096E80006D002270023384684F84030BDE8F081D0
:1096F800002380466364022384F84130681C236891
:109708000ED19A6812F02002FBD131462046FFF7AD
:1097180091FE736AE3B10123002784F84130E1E741
:109728009A6812F020021ED0FBF7A8FEA0EB0800F2
:10973800854201D3002DE1D1042384F84130636CC4
:1097480043F001036364CDE702273846BDE8F081A2
:10975800226893689B07FCD5022101230027D1606A
:1097680084F84130BEE731462046FFF763FE736A4E
:1097780043B1D0E7FBF782FEA0EB08008542DBD3BC
:10978800002DD9D0226893689907F3D5E4E700BF84
:109798002DE9F843044689461546FBF76FFE94F811
:1097A80040302768012B67D0012384F8403094F8B3
:1097B8004130012B5FFA83F807D04FF002080023ED
:1097C800404684F84030BDE8F88300236364B9F16B
:1097D800000F56D01223064684F841303B69013306
:1097E800E3623B69C4F824900133A3627B6923F0E8
:1097F80040637B61E36A002B31D06A1C394611D182
:109808008B685B07FCD5636A1B7887F82030E26AAF
:10981800636A013A0133E262E26A6362F2B16A1C86
:109828002168EDD08B685807EDD4FBF727FE801B25
:10983800854201D3002DF2D1042384F84130636CB2
:1098480043F00103636413E0BB689B070CD4FBF788
:1098580015FE801B8542EFD3002DEDD02768691CCB
:10986800F2D1BB689A07FCD502234FF00008FB60D1
:10987800012384F84130A2E74FF002084046BDE8D2
:10988800F883636C43F00803636498E72DE9F843B1
:10989800044615468946FBF7F1FD2768BA6994F82E
:1098A8004030012B6CD0012384F8403094F84130CB
:1098B800012B5FFA83F807D04FF0020800234046D7
:1098C80084F84030BDE8F88300236364B9F1000FE1
:1098D8005BD02223064684F841303B690133A363F9
:1098E8003B69C4F83090013363637B6923F04063BC
:1098F80043F080637B61BA61A36B002B33D0681C93
:10990800394612D18B6813F0060FFBD097F8202048
:10991800236B1A70A26B236B013A0133A263A26B0B
:109928002363FAB1681C2168ECD08B6813F0060F2A
:10993800ECD1FBF7A3FD801B854201D3002DF1D1AB
:10994800042384F84130636C43F00103636413E03B
:10995800BB689B070CD4FBF791FD801B8542EFD3B6
:10996800002DEDD02768691CF2D1BB689A07FCD599
:1099780002234FF00008FB60012384F841309DE783
:109988004FF002084046BDE8F883636C43F00803D3
:10999800636493E72DE9F84F04461F4689469046CD
:1099A800FBF76CFD94F84030012B52D0012384F86A
:1099B800403094F84130012B5FFA83FB07D04FF019
:1099C800020B0023584684F84030BDE8F88F002386
:1099D80082466364422384F841307A1C26682CD17D
:1099E800B568AB06FCD4D8F8003049462046B362C7
:1099F800D8F804307362D8F80830F3623268D8F8BF
:109A0800103022F440021343D8F80C2043F48003AA
:109A18003360C9F828204FF00062FFF70BFD781C6F
:109A280022681BD193681907FCD5082101234FF040
:109A3800000BD16084F84130C3E7B3689D06D2D5E6
:109A4800FBF71CFDA0EB0A00874212D3002FC4D1FC
:109A58000FE04FF0020B5846BDE8F88F93681B07DC
:109A6800E3D4FBF70BFDA0EB0A00874201D3002FDC
:109A7800D5D1042384F84130636C43F00103636457
:109A88009FE700BF2DE9F04704460F461646FBF74F
:109A9800F5FC94F84030012B45D0012384F8403080
:109AA80094F84130012B5FFA83F907D04FF002098F
:109AB8000023484684F84030BDE8F08700238046FC
:109AC800D4F848A06364822384F84130BAF1FF3F98
:109AD800256814D1AB689A06FCD42B68726823F009
:109AE8000803082A43EA02032B6021D04FF04062A2
:109AF800394620464FF00009FFF79CFCD8E7AB68D1
:109B08009B06EAD5FBF7BAFCA0EB0800824502D316
:109B1800BAF1000FDAD1042384F84130636C43F0C2
:109B280001036364C4E74FF002094846BDE8F087C3
:109B3800326810232A63EB602B6843F480132B6090
:109B4800D4E700BF704700BF08B5006C00238363EB
:109B5800C36290F84130082B0BD103680222DA6007
:109B68001A6842F400321A601A6842F002021A6057
:109B780008BD012380F84130FFF7E4FF08BD00BFAE
:109B8800704700BF704700BF704700BF704700BFF5
:109B9800704700BF704700BF704700BF38B5036803
:109BA80004469A68196855070ED548030CD594F8E9
:109BB8004120122A75D094F84120222A00F0A18071
:109BC8002046FFF7E5FF38BD950726D5880324D53D
:109BD8000222DA601A6822F4E0221A6094F841201E
:109BE800122A7AD094F84120222A00F0A98094F809
:109BF8004120022A00F0D08094F84120082AE2D1BE
:109C08005A690121204622F040625A6184F84110C5
:109C1800636C3BBBFFF7B4FF38BD150725D4D507E8
:109C280035D5C80333D50125DD601A6822F47022C2
:109C38001A60626C42F0020262641A68520779D5AF
:109C48001A68E06B22F004021A60574B836506F02D
:109C580051F80028B7D0636C204643F004036364CE
:109C680084F84150FFF76EFF38BD0803D7D50822A6
:109C7800DA601A68520206D51A68012122F4102205
:109C88001A6084F841102046FFF784FF38BDD006DB
:109C980099D5CA0297D510222046DA60FFF77CFFD3
:109CA80038BD9A6850078BD518460EE0626A12785C
:109CB80083F82020E16A20680139626AE162013292
:109CC800816862624D077FF57BAFE26A002AEDD1B9
:109CD800036823F48023036072E71A68510709D5E3
:109CE8001A68E16B22F0040209681A60CB6823F055
:109CF8000103CB600123204684F84130FFF746FF7B
:109D080038BD9A6852077FF55BAF18460EE093F8A6
:109D18002010226B1170A16B20680139226BA1639E
:109D280001328168226349077FF54AAFA26B002A96
:109D3800EDD1CDE7204684F84150FFF703FF38BD49
:109D48001A6852071DD49A6812F47C5F0FD111E08B
:109D580093F82010226B1170A16B20680139226BD7
:109D6800A16301328168226311F47C5F02D0A26B87
:109D7800002AEDD10123204684F84130FFF704FF83
:109D880038BD1A68E16B22F0040209681A60CB68D2
:109D980023F00103CB60EDE70123204684F841302E
:109DA800FFF7F0FE38BD00BF519B0008002800F007
:109DB800DE81F8B503680446D80730D59F490A699B
:109DC800896A02F03802102A00F00081182A00F08F
:109DD800F8806368B3F5803F00F02081002B00F025
:109DE8005E81B3F5A02F954B1A6800F02F8222F4FC
:109DF80080321A601A6822F480221A60FBF73EFB50
:109E08008E4E41F28837054605E0FBF737FB401BCD
:109E1800B84200F2428133689A03F6D523689D0759
:109E280000F18580D9062FD5844A1369926A03F018
:109E38003803082B00F0DA80182B00F0D280E36991
:109E48007E4D002B00F065812B6843F080032B606A
:109E5800FBF714FB064605E0FBF710FB801B022806
:109E680000F21B812B68DB05F6D5FBF71FFB41F2DF
:109E78000303984200F20B826B68226A23F0F843CE
:109E880043EA82636B6023681D0716D563696B4DCF
:109E9800002B00F01C816B6F43F001036B67FBF72D
:109EA800EDFA064605E0FBF7E9FA801B022800F206
:109EB800F4806B6F9807F6D523689A0616D5A369C0
:109EC8005E4D002B00F014812B6843F480532B6007
:109ED800FBF7D4FA064605E0FBF7D0FA801B022808
:109EE80000F2DB802B689F04F6D52368590700F140
:109EF8009B80636ACBB1514D2A6902F03802182A57
:109F08006DD0022B2B6823F080732B6000F0398111
:109F1800FBF7B4FA044605E0FBF7B0FA001B022889
:109F280000F2BB802B689B01F6D40020F8BD434AA1
:109F38001369926A13F0380329D1404BE2681B6811
:109F4800590701D5002A4AD03C4D2B6823F0190344
:109F580013432B60FBF792FA064605E0FBF78EFAEF
:109F6800801B022800F299802B685B07F6D5FBF767
:109F78009DFA41F20303226998426B6800F2F0806F
:109F880023F47C3343EA02336B6023684AE7182BD7
:109F980000F0E280294DE2682B68002A00F0CB80AF
:109FA80023F0190313432B60FBF768FA064604E015
:109FB800FBF764FA801B02286FD82B685F07F7D578
:109FC800D5E701F0030102297FF403AF1B4A1268A9
:109FD80091037FF524AF6268002A7FF420AF012047
:109FE800F8BD02F00302012A7FF429AF134B1B6866
:109FF800DA0502D5E369802BF1D1FBF757FA41F274
:10A0080003030E4A9842216A00F2B380536823F092
:10A01800F84343EA81635360236835E7074A1368C6
:10A0280043F480331360E9E6054D2B6843F48073ED
:10A038002B60FBF723FA064609E000BF00440258EC
:10A0480000480258FBF71AFA801B642825D82B68A9
:10A05800DA05F7D5A368012B00F02281002B00F068
:10A06800FD80052B954B1A6F00F0208122F001022C
:10A078001A671A6F22F004021A67FBF7FFF98F4E6E
:10A0880041F28837054604E0FBF7F8F9401BB8426F
:10A0980003D8336F9B07F7D52BE70320F8BD874D0F
:10A0A80041F288372B6823F480332B602B6823F424
:10A0B80080232B60FBF7E2F9064604E0FBF7DEF9A4
:10A0C800801BB842E9D82B689B03F7D4A6E66B6FD0
:10A0D80023F001036B67FBF7D1F9064604E0FBF7B1
:10A0E800CDF9801B0228D8D86B6F9907F7D4E3E61F
:10A0F8002B6823F480532B60FBF7C0F9064604E075
:10A10800FBF7BCF9801B0228C7D82B689804F7D442
:10A11800EBE62B6823F080032B60FBF7AFF90646CC
:10A1280004E0FBF7ABF9801B0228B6D82B68DF05E3
:10A13800F7D42368A8E623F001032B60FBF79EF908
:10A14800064604E0FBF79AF9801B0228A5D82B687D
:10A158005807F7D4236865E690077FF41BAFECE651
:10A1680023F0FE4343EA02636B6023685AE601204A
:10A178007047D36823F07C5343EA0163D3602368B4
:10A1880082E6FBF77BF9064604E0FBF777F9801BCC
:10A19800022882D82B689901F7D4A96A484BA26A89
:10A1A8000B404849454E1343E26A43EA0213AB6247
:10A1B800D4E90D32013B013A5B0212049BB202F46E
:10A1C800FE021343226B013AC2F308021343E26B07
:10A1D800013A120602F0FE4213432B63EB6A23F0A6
:10A1E8000103EB626A6BA36C114041EAC301696326
:10A1F800EB6A226C23F00C031343EB62EB6A626C8C
:10A2080023F002031343EB62EB6A43F48033EB62FF
:10A21800EB6A43F40033EB62EB6A43F48023EB62AE
:10A22800EB6A43F00103EB622B6843F080732B6009
:10A23800FBF724F9044605E0FBF720F9001B022888
:10A248003FF62BAF33689A01F6D56EE642F48022CA
:10A258001A601A6842F480321A60CFE5174D41F24D
:10A2680088372B6F23F001032B672B6F23F0040330
:10A278002B67FBF703F9064605E0FBF7FFF8801BA1
:10A28800B8423FF60AAF2B6F9807F6D431E6EB6871
:10A29800226A23F07C5343EA0263EB602368F3E508
:10A2A800064A136F43F001031367E6E642F004021F
:10A2B8001A671A6F42F001021A67DEE60044025874
:10A2C8000CFCFFFF0700FFFF474A136903F0380340
:10A2D800102B04D0182B0DD01BB1444870474448AC
:10A2E8007047136899064AD513684248C3F3C103F7
:10A2F800D8407047936A30B4946AD56A14F47C7F66
:10A30800516BC4F3051038D0C1F3CC0105F0010539
:10A3180003F0030305FB01F1012B07EE901AB8EED9
:10A32800E77A02D0022B2CD093B307EE900A9FED68
:10A33800325AF8EEE77A136BC5EE276ADFED2F5A2B
:10A34800C3F3080307EE903AB7EE006AF8EEE77A2F
:10A35800E7EE257A77EE867A66EEA76A224B1B6BC4
:10A36800C3F34623013307EE903AB8EEE77AC6EE18
:10A37800877AFCEEE77A17EE900A30BC70471D48E2
:10A38800704707EE900A9FED1E5AF8EEE77AD2E77B
:10A3980013689B0620D5146807EE900A1549F7EE56
:10A3A800005A136BC4F3C104F8EEE77A9FED135A11
:10A3B800C3F30803E14006EE903A06EE101AF8EEF1
:10A3C800E66AB8EEC66AE7EE056A86EE277A76EEA2
:10A3D800A56A66EE876AC1E707EE900A9FED095AFB
:10A3E800F8EEE77AA7E700BF0044025800093D00ED
:10A3F8000024F4000090D0030024744A00000039BF
:10A408000024744B0024744C002800F00281874A11
:10A41800136803F00F038B422DE9F04104460D4603
:10A428000CD2136823F00F030B431360136803F077
:10A438000F038B4202D00120BDE8F08123685F073B
:10A448000BD57B4920698A6902F07002904204D9D1
:10A458008A6922F0700202438A611E070BD574498B
:10A468006069CA6902F07002904204D9CA6922F090
:10A4780070020243CA61D8060BD56D49A069CA6942
:10A4880002F4E062904204D9CA6922F4E06202430D
:10A49800CA6199060BD56649E0690A6A02F070023A
:10A4A800904204D90A6A22F0700202430A629A07AB
:10A4B80040F1A1805E48E168826902F00F02914292
:10A4C80004D9826922F00F020A438261D80730D585
:10A4D800574AA168936923F470630B4393616168D9
:10A4E8001368022900F09780032900F08E80012963
:10A4F80000F0978058079ED54D4E41F28838336951
:10A5080023F007030B433361FAF7B8FF074605E06A
:10A51800FAF7B4FFC01B404500F2818033696268D6
:10A5280003F03803B3EBC20FF2D12368990706D5BD
:10A53800E1683F48826902F00F028A425FD83B49CE
:10A548000A6802F00F02AA420AD90A6822F00F022A
:10A558002A430A600A6802F00F02AA427FF46BAF2E
:10A568005A070BD5324920698A6902F07002904275
:10A5780004D28A6922F0700202438A611F070BD550
:10A588002B496069CA6902F07002904204D2CA6914
:10A5980022F070020243CA61DE060BD52449A06985
:10A5A800CA6902F4E062904204D2CA6922F4E06205
:10A5B8000243CA619D060BD51D4AE169136A03F07F
:10A5C8007003994204D2136A23F070030B43136299
:10A5D800FFF77AFE164A0346164892691649C2F3EF
:10A5E8000322825C0E2002F01F02D340BDE8F04136
:10A5F8000B60FAF7E1BEDA073FF56AAF9FE78269B9
:10A6080022F00F021143816199E79F013FF574AF72
:10A6180011E7012070479B033FF56EAF0BE703205E
:10A628000AE7DE053FF568AF05E700BF00200052E6
:10A6380000440258FC2F0108F000002408B501F07E
:10A6480095F9064B06499B69064A03F00F03CB5C54
:10A6580003F01F03D840106008BD00BF0044025833
:10A66800FC2F0108F400002410B501F07FF9094916
:10A67800094A8B69094C03F00F03D35C03F01F03ED
:10A68800D8402060CB69C3F30213D35C03F01F03E7
:10A69800D84010BD00440258FC2F0108F4000024E3
:10A6A80010B501F063F90949094A8B69094C03F0AF
:10A6B8000F03D35C03F01F03D8402060CB69C3F3BA
:10A6C8000223D35C03F01F03D84010BD0044025896
:10A6D800FC2F0108F4000024F8B53A4CA36A03F0F3
:10A6E8000303032B67D0236806460F4623F08063D5
:10A6F8002360FAF7C3FE054604E0FAF7BFFE431BE2
:10A70800022B56D823681A01F7D4A36A326823F4B7
:10A718007C3343EA0233A362D6E90232013B013AB1
:10A728005B0212049BB202F4FE0213437268013A00
:10A73800C2F3080213433269013A120602F0FE42DC
:10A748001343A363E36A726923F0C0031343E3620C
:10A75800E26AB36922F020021A431B4BE262E26A02
:10A7680022F01002E262E16BF2690B4043EAC20395
:10A77800E363E36A43F01003E362E36AEFB1012F96
:10A788000CBF43F4801343F40013E3620D4C2368B9
:10A7980043F080632360FAF771FE054604E0FAF798
:10A7A8006DFE401B022804D823681B01F7D5002042
:10A7B800F8BD0320F8BD0120F8BD43F40023E3628F
:10A7C800E4E700BF004402580700FFFFF8B53A4C21
:10A7D800A36A03F00303032B67D0236806460F46DA
:10A7E80023F080532360FAF749FE054604E0FAF7A0
:10A7F80045FE431B022B56D823689A00F7D4A36A58
:10A80800326823F07C7343EA0253A362D6E902322A
:10A81800013B013A5B0212049BB202F4FE021343AD
:10A828007268013AC2F3080213433269013A120608
:10A8380002F0FE4213432364E36A726923F440631F
:10A848001343E362E26AB36922F400721A431B4BB2
:10A85800E262E26A22F48072E262616CF2690B40A1
:10A8680043EAC2036364E36A43F48073E362E36A1E
:10A87800EFB1012F0CBF43F4000343F08073E36290
:10A888000D4C236843F080532360FAF7F7FD054623
:10A8980004E0FAF7F3FD401B022804D823689B0064
:10A8A800F7D50020F8BD0320F8BD0120F8BD43F41A
:10A8B8008003E362E4E700BF004402580700FFFF9B
:10A8C8002DE9F8430368044613F0006622D0426E6F
:10A8D800B2F5001F00F0CE8411D8002A00F0F884E9
:10A8E800B2F5801F40F0F18402210430FFF7F4FE36
:10A8F8000646002E40F08684626E236803E0B2F5B7
:10A90800401F40F0E284A8480026016D21F4401160
:10A918000A430265DD050AD5626D042A06D8DFE818
:10A9280012F0A20493049A04DF02DF0201263546DE
:10A9380098051BD5A26D802A00F05B8400F2EC809C
:10A94800002A00F08B83402A40F0ED800021201D72
:10A95800FFF7C2FE23680546002D40F06783924941
:10A96800A06D0A6D22F4E07202430A6559051FD5ED
:10A97800D4F8A420B2F5800F00F0478400F2D68006
:10A98800002A00F07183B2F5001F40F0D780002143
:10A99800201DFFF7A1FE23680546002D40F04483E3
:10A9A8008149D4F8A4008A6D22F4600202438A65C2
:10A9B8001A051FD5D4F8A820B2F1007F00F02E8424
:10A9C80000F2BF80002A00F05583B2F1807F40F08A
:10A9D800C0800021201DFFF77FFE23680546002D5B
:10A9E80040F02A837049D4F8A8008A6D22F0E0620A
:10A9F80002438A659F0118D5A26C202A00F0DA83E9
:10AA080000F2AA803AB1102A40F0A9806649CA6AC1
:10AA180042F40032CA62002D40F059836249A06CAA
:10AA2800CA6C22F030020243CA64D8041DD5E26D14
:10AA3800B2F5005F00F0FB8300F29480002A00F07A
:10AA48001F83B2F5805F40F095800021201DFFF73D
:10AA580043FE23680546002D40F0EC825249E06D24
:10AA68000A6D22F4E04202430A6599041AD5226E5F
:10AA7800B2F5003F00F074837FD84AB1B2F5803F49
:10AA880040F083800121201DFFF726FE236805463C
:10AA9800002D40F01E834449206E0A6D22F4E02206
:10AAA80002430A655A041BD5D4F8AC20B2F1005F02
:10AAB80000F060836CD842B1B2F1805F70D101219F
:10AAC800201DFFF709FE23680546002D40F003838B
:10AAD8003549D4F8AC008A6D22F0E04202438A6519
:10AAE8001F040DD5E26EB2F1805F00F03183B2F140
:10AAF800005F00F00182002A00F00482012635463A
:10AB0800D8015DD5626C032A00F20A84DFE812F0EE
:10AB1800540017034E005400C02A3FF41DAFB2F58D
:10AB2800807F3FF419AF012635461FE7B2F5C00F05
:10AB38003FF433AFB2F5000F3FF42FAF012635468F
:10AB480036E7B2F1407F3FF44AAFB2F1806F3FF48D
:10AB580046AF012635464DE7302A3FF45CAF012663
:10AB6800354662E7B2F5405F3FF475AFB2F5804F06
:10AB78003FF471AF0126354677E722F48031B1F50D
:10AB8800802F85D0B2F5403F82D00126354689E72F
:10AB980022F08051B1F1804F97D0B2F1405F94D04C
:10ABA800012635469CE700BF004402580221201DBB
:10ABB800FFF792FD23680546002D00F06B822E46B4
:10ABC800590200F1F081DF072FD5A26F282A2AD871
:10ABD800DFE812F0D3012900290029002900290003
:10ABE800290029006D0329002900290029002900CE
:10ABF80029002900CC012900290029002900290061
:10AC080029002900D3012900290029002900290049
:10AC180029002900D3012900290029002900290039
:10AC280029002900D30101263546980716D5626FF9
:10AC3800052A00F27883DFE812F00D0030030600E1
:10AC48000D000D000D00012104F12400FFF7BEFDE9
:10AC580023680546002D00F025822E46590717D592
:10AC6800D4F89020052A00F26183DFE812F00D0085
:10AC78000C0306000D000D000D00012104F1240055
:10AC8800FFF7A4FD23680546002D00F013822E4629
:10AC98009A061DD5D4F88C20B2F1005F00F04582E9
:10ACA80000F2DC804AB1B2F1805F40F0E18000211F
:10ACB800201DFFF711FD23680546002D40F0058291
:10ACC800A949D4F88C004A6D22F0E04202434A6553
:10ACD8005F061DD5D4F89820B2F5006F00F05482B5
:10ACE80000F2C9804AB1B2F5806F40F0CE800021F1
:10ACF800201DFFF7F1FC23680546002D40F0C881B0
:10AD08009949D4F898008A6D22F4E05202438A6582
:10AD180018061DD5D4F89C20B2F5804F00F03F826C
:10AD280000F2B6804AB1B2F5005F40F0BB80002166
:10AD3800201DFFF7D1FC23680546002D40F0A681B1
:10AD48008949D4F89C008A6D22F4604202438A65DE
:10AD580019070BD5D4F88010B1F5805F00F03E825A
:10AD68008148426D22F440520A434265DA060BD507
:10AD7800D4F89410B1F5807F00F025827A48826D6E
:10AD880022F440720A4382651F030ED5D4F8A0103E
:10AD9800B1F5803F00F0D480B1F5003F00F0D780D6
:10ADA800002900F0BA810126354658030FD5D4F89A
:10ADB8008420B2F5001F00F0B080B2F5401F00F00B
:10ADC800B380B2F5801F00F0A08101263546D90373
:10ADD80009D5E26C002A00F08681B2F5803F00F0C8
:10ADE8002D81012635469A0000F1D2809F035CD45C
:10ADF800301E18BF0120DE0206D55B49256F0A6D9B
:10AE080022F000422A430A65DD0007D55649D4F8E6
:10AE1800B4500A6922F480422A430A61990206D58D
:10AE28005149A56E0A6D22F080722A430A655A00BC
:10AE380009D54D4A116921F4004111611169D4F80D
:10AE4800B85029431161002B06DA474A216DD36CAB
:10AE580023F040530B43D364BDE8F88322F08051BC
:10AE6800B1F1804F3FF429AFB2F1405F3FF425AF15
:10AE7800012635462CE722F48061B1F5805F3FF466
:10AE88003CAFB2F5406F3FF438AF012635463FE797
:10AE980022F40051B1F5004F3FF44FAFB2F5C04F67
:10AEA8003FF44BAF0126354652E7E26FB2F5807F9B
:10AEB80000F0228106D922F48071B1F5007F03D019
:10AEC800012098E7002AFBD1002DF9D1264D301E2C
:10AED800696D18BF012021F440710A436A658AE749
:10AEE8003546002D40F0A4801F49606D0A6D22F0A0
:10AEF800070202430A651BE50121201DFFF7ECFB51
:10AF080023680546002D40F0DE801749E06E0A6D83
:10AF180022F0405202430A65F2E5012104F12400BF
:10AF2800FFF754FC23680546002D40F0DA800E49EF
:10AF3800D4F884004A6D22F4401202434A6546E779
:10AF4800022104F12400FFF741FC23680546002D87
:10AF580040F0C5800449D4F8A0008A6D22F440323C
:10AF680002438A6521E700BF00440258012104F129
:10AF78002400FFF72BFC23680546002D40F0AD8028
:10AF8800AF49A06F4A6D22F0380202434A654CE689
:10AF9800022104F12400FFF719FC236800283FF47C
:10AFA80025AF012622E7A74F3B6843F480733B6037
:10AFB800FAF764FA804606E0FAF760FAA0EB0800B0
:10AFC800642800F27E813B68DA05F5D5002D40F053
:10AFD800A4819B4AD4F8B030116F594011F4407FD6
:10AFE8000BD0116F106F21F4407140F4803010675E
:10AFF800106F20F4803010671167B3F5807F00F080
:10B008006E8103F44072B2F5407F00F07C818C4978
:10B018000A6922F47C520A61894AC3F30B03116F4F
:10B028000B4313672368CEE52E46C1E42E469DE404
:10B038002E467DE42E4618E52E46DBE40221201D2F
:10B04800FFF74AFB05462368002D53D17C49E06C85
:10B05800CA6C22F480320243CA64C4E67849CA6AD8
:10B0680042F40032CA6277E47549CA6A42F400328F
:10B07800CA6292E47249CA6A42F40032CA62AEE411
:10B088006F49CA6A42F40032CA62E4E42E465FE6B7
:10B098002E463DE66A49606CCA6C22F00302024300
:10B0A800CA648DE56649606F4A6D22F00702024363
:10B0B8004A65D3E56249D4F890008A6D22F0070208
:10B0C80002438A65E4E52E461AE52E4600E62E463A
:10B0D800ABE42E46E6E42E4602E52E46A5E52E46CE
:10B0E80063E62E4673E65649CA6A42F40032CA62DB
:10B0F800002DABD02E4676E65148C16A41F40031A6
:10B10800C162002D7FF4DCAEE0E64D49CA6A42F424
:10B118000032CA62002DE4D109E7201DFFF7DCFAEE
:10B1280005462368002DDAD114E7022104F1240032
:10B13800FFF74CFB05462368002DC6D1C0E5404902
:10B14800CA6A42F40032CA62002D7FF438ADA1E722
:10B158003B49CA6A42F40032CA62002DB3D1D4E630
:10B16800012104F12400FFF731FB05462368002D77
:10B17800AFD190E4012104F12400FFF727FB054635
:10B188002368002DA7D1A3E4022104F12400FFF7CE
:10B198001DFB05462368002D7FF47AAFB0E5022138
:10B1A80004F12400FFF712FB05462368002D7FF405
:10B1B8006DAFC5E50221201DFFF78EFA054623680D
:10B1C800002D84D12AE4022104F12400FFF7FEFABD
:10B1D800236800283FF4D8AD0126D5E5022104F103
:10B1E8002400FFF7F3FA236800283FF4BFAD0126D7
:10B1F800BCE5002104F12400FFF7E8FA23680546BE
:10B20800FFF7AABB2368FFF785BB002104F12400E0
:10B21800FFF7DCFA23680546FFF7BFBB002104F1FE
:10B228002400FFF7D3FA23680546FFF7D8BB0021AF
:10B2380004F12400FFF7CAFA236805460BE400BFAF
:10B2480000440258004802580021201DFFF744FA24
:10B258002368054645E6002104F12400FFF7B6FA05
:10B26800236805463DE633493546CA6A42F400324A
:10B27800CA6236E602212430FFF7A8FA0646002EF5
:10B288003FF43AABBEE70121201DFFF725FA05463A
:10B298002368002D7FF4FBAC0CE70121201DFFF78C
:10B2A8001BFA05462368002D7FF4D7ACFAE6012186
:10B2B800201DFFF711FA05462368002D7FF40DAF16
:10B2C8005EE60326236835467DE40126FFF722BBA8
:10B2D8001848C16A41F40031C162FFF714BBFAF79C
:10B2E800CDF8DFF85080074641F2883904E0FAF7D4
:10B2F800C5F8C01B4845E4D8D8F870309B07F6D588
:10B30800D4F8B0307DE60B480B4A016902EA131203
:10B3180021F47C510A4302617EE623682E4652E4FA
:10B32800012635464CE40126354697E40126354684
:10B33800AEE400BF00440258CFFFFF0008B5FFF796
:10B348007DF9054B054A1B6AC3F30213D35C03F06E
:10B358001F03D84008BD00BF00440258FC2F010855
:10B36800584B70B4996A9D6ADE6A15F47C3FC5F340
:10B378000532DC6B5CD0C4F3CC0406F0100601F097
:10B38800030106FB04F4012907EE904AB8EEE77AB8
:10B3980003D0022975D000294FD007EE902ADFED9F
:10B3A8004A6AF8EEE77A9B6B86EEA76A9FED475AE2
:10B3B800C3F3080306EE903AF7EE005AF8EEE66A91
:10B3C800E7EE056A76EEA56A66EE266A3D4AB7EEAE
:10B3D800006A936BC3F3462307EE103AB8EEC77AB8
:10B3E80070BC37EE067AC6EE877AFCEEE77AC0EDD7
:10B3F800007A936BC3F3064307EE103AB8EEC77AA8
:10B4080037EE067AC6EE877AFCEEE77AC0ED017A67
:10B41800936BC3F3066307EE903AF8EEE77A77EE9C
:10B42800867A86EEA77ABCEEC77A80ED027A7047F4
:10B4380070BCC0E90022826070471968890627D568
:10B448001C6807EE902A2249F7EE005A9B6BC4F35A
:10B45800C102F8EEE77A9FED1D5AC3F30803D14005
:10B4680006EE903A06EE101AF8EEE66AB8EEC66AEC
:10B47800E7EE056A86EE277A76EEA56A66EE876AB3
:10B48800A4E707EE902ADFED136AF8EEE77A8AE779
:10B4980007EE902A9FED105A9B6BB7EE006AF8EE04
:10B4A800E77ADFED0A5AC3F30803C5EE276A07EE09
:10B4B800903AF8EEE77AE7EE257A77EE867A66EE46
:10B4C800A76A83E7004402580024744A0000003940
:10B4D8000090D0030024744B0024744C584B70B473
:10B4E800996A9D6ADE6A15F07C7FC5F305525C6C2B
:10B4F8005CD0C4F3CC0406F4807601F0030106FBAB
:10B5080004F4012907EE904AB8EEE77A03D002293D
:10B5180075D000294FD007EE902ADFED4A6AF8EE81
:10B52800E77A1B6C86EEA76A9FED475AC3F30803B8
:10B5380006EE903AF7EE005AF8EEE66AE7EE056A8C
:10B5480076EEA56A66EE266A3D4AB7EE006A136C87
:10B55800C3F3462307EE103AB8EEC77A70BC37EE4D
:10B56800067AC6EE877AFCEEE77AC0ED007A136CAD
:10B57800C3F3064307EE103AB8EEC77A37EE067AF9
:10B58800C6EE877AFCEEE77AC0ED017A136CC3F356
:10B59800066307EE903AF8EEE77A77EE867A86EE5B
:10B5A800A77ABCEEC77A80ED027A704770BCC0E912
:10B5B8000022826070471968890627D51C6807EE43
:10B5C800902A2249F7EE005A1B6CC4F3C102F8EE28
:10B5D800E77A9FED1D5AC3F30803D14006EE903A6F
:10B5E80006EE101AF8EEE66AB8EEC66AE7EE056AE5
:10B5F80086EE277A76EEA56A66EE876AA4E707EEF6
:10B60800902ADFED136AF8EEE77A8AE707EE902AC8
:10B618009FED105A1B6CB7EE006AF8EEE77ADFED83
:10B628000A5AC3F30803C5EE276A07EE903AF8EE04
:10B63800E77AE7EE257A77EE867A66EEA76A83E7F9
:10B64800004402580024744A000000390090D003D6
:10B658000024744B0024744C584B70B4996A9D6A4A
:10B66800DE6A15F47C7FC5F305125C6B5CD0C4F30D
:10B67800CC0406F0010601F0030106FB04F40129DD
:10B6880007EE904AB8EEE77A03D0022975D0002970
:10B698004FD007EE902ADFED4A6AF8EEE77A1B6B87
:10B6A80086EEA76A9FED475AC3F3080306EE903A61
:10B6B800F7EE005AF8EEE66AE7EE056A76EEA56A56
:10B6C80066EE266A3D4AB7EE006A136BC3F346235B
:10B6D80007EE103AB8EEC77A70BC37EE067AC6EEB7
:10B6E800877AFCEEE77AC0ED007A136BC3F3064362
:10B6F80007EE103AB8EEC77A37EE067AC6EE877AC2
:10B70800FCEEE77AC0ED017A136BC3F3066307EE2C
:10B71800903AF8EEE77A77EE867A86EEA77ABCEE6C
:10B72800C77A80ED027A704770BCC0E90022826057
:10B7380070471968890627D51C6807EE902A2249A0
:10B74800F7EE005A1B6BC4F3C102F8EEE77A9FEDDF
:10B758001D5AC3F30803D14006EE903A06EE101ABC
:10B76800F8EEE66AB8EEC66AE7EE056A86EE277A6C
:10B7780076EEA56A66EE876AA4E707EE902ADFED03
:10B78800136AF8EEE77A8AE707EE902A9FED105AD7
:10B798001B6BB7EE006AF8EEE77ADFED0A5AC3F3DF
:10B7A8000803C5EE276A07EE903AF8EEE77AE7EE67
:10B7B800257A77EE867A66EEA76A83E70044025810
:10B7C8000024744A000000390090D0030024744B10
:10B7D8000024744CB0F5807F00B585B048D0B0F532
:10B7E800007F11D0B0F5806F00F08280B0F5006F57
:10B7F80052D0B0F5805F2CD0B0F5002F00F09680C5
:10B80800002005B05DF804FB534A136D03F4E073A0
:10B81800802B59D012D9C02B26D0B3F5807FEFD119
:10B82800D36C13F040535BD0B3F1805F00F08D8090
:10B83800B3F1005F494818BF0020E2E7002B3CD075
:10B84800402BDDD101A8FFF78BFD019805B05DF80D
:10B8580004FB414A136D03F4E043B3F5005F33D0B2
:10B8680029D9B3F5405F58D13D4805B05DF804FBD0
:10B87800394B1B6D03F00703042BC1D801A252F802
:10B8880023F000BFC3B800084DB80008D1B80008BD
:10B8980071B80008DFB800082F4A936D03F0E06321
:10B8A800B3F1007F10D01DD9B3F1407FDCD0B3F1E4
:10B8B800806FB5D0A4E7002B34D101A8FFF7CCFEE8
:10B8C800029805B05DF804FB01A8FFF707FE019890
:10B8D80005B05DF804FB204BDB6C13F04053A3D19B
:10B8E80020488EE7002BE8D0B3F1807FAAD087E705
:10B8F800194A936D03F46003B3F5800FE4D005D8BB
:10B90800002BDAD0B3F5001F9CD079E7B3F5C00F50
:10B91800AAD0B3F5000F83D072E7B3F5804F3FF498
:10B928007FAF6DE7B3F5805F8CD069E70A4A936D06
:10B9380003F44033B3F5803F09D0B3F5003F3FF43B
:10B948006FAF002B7FF45CAF7CE7074859E701A88D
:10B95800FFF7C4FD039854E7004402580024F4009C
:10B968000080BB000090D00300093D0008B5FEF739
:10B97800ABFC064B06499B69064AC3F30323CB5C21
:10B9880003F01F03D840106008BD00BF00440258F0
:10B99800FC2F0108F0000024F8B501680546AC4BFF
:10B9A80099421FD0203399421CD003F578739942ED
:10B9B80058D02033994255D003F57873994200F056
:10B9C8001E812033994200F01A8195F89130A14EDA
:10B9D80003F0FF026BB9284685F89020F8F7B2FD0E
:10B9E800296806E09C4E95F8913003F0FF02002B81
:10B9F800F1D09A4B9A4A1B68A2FB03230A681B0BD7
:10BA080022F480329B000A6023B30C68013B14F4D3
:10BA18008034F9D1022385F89130EB68012B00F0CE
:10BA28001081022B15BF032023200227222715BFD0
:10BA38004FF0010C4FF0210C00222022AB68013B93
:10BA4800042B00F24B81DFE813F0CF001000D60082
:10BA58000F00D200D5F89430012043F04003C5F818
:10BA68009430F8BD7F4EBEE73A464FF400672B6A24
:10BA78003260002B44D0764B994200F01E817A4800
:10BA8800081AB0FA80F04009002840F01681774B78
:10BA9800994200F00C812033994200F00881744BE0
:10BAA800994200F0FE802033994200F0FA80714BF1
:10BAB800994200F00881704B994200F00A81AB6905
:10BAC80000EB8000B3F5002F4FEA400300F0E2805E
:10BAD800AA6A296AB2F1806F0CBF0222012201FB17
:10BAE80002F21202B3FBF2F3644AA2FB0312D20879
:10BAF80002EB8201A3EB4103092B08BF01326A6202
:10BB08006B6833F002032B6D40F09680012B14BF55
:10BB18004FF400740024F9F7C9FC696CB0F5005FB4
:10BB2800D5E9003242EA0102A96C42EA0102E96C55
:10BB380042EA0102E96A42EA0102696942EA01024B
:10BB480072D3A96918680A43A96A0A434C49014093
:10BB5800196029690A4319680A43696A42EA015265
:10BB680048493A4322431A605A68286B1140EA69E7
:10BB78000243686B5960024359680A4342495A6054
:10BB88009A6811406A6E9960E96D98680A43296E4F
:10BB98000A43696D01390A43A96D013942EA012254
:10BBA80002434FF220009A60D968AA6E0140D9601A
:10BBB800E96ED8680A43696F42EA0142296F013980
:10BBC80042EA0122224902438B42DA6019D0294A0B
:10BBD800934216D000230122C5F89430184685F800
:10BBE800903085F89120F8BD4FF480673FE7024612
:10BBF8004FF400673BE762464FF4006737E7234E90
:10BC0800F1E6736C23F00103736495F83830012B67
:10BC1800E0D1D5E90F23013A43EA02137364736C48
:10BC280043F001037364D5E7A96918680A43184902
:10BC380001401960A96A8DE7012B08BF4FF4007411
:10BC480069E7132012274FF0110C1022F6E600BF07
:10BC5800045801400054005800580140F0000024E6
:10BC68001BECCB95005C014024580140045C01406A
:10BC7800046001400454005824540058CDCCCCCC66
:10BC880010C005F0F01FFFFF0080F8FF00600140C2
:10BC980010C005F82A6A696D01FB02F2B3FBF2F3E2
:10BCA80022E74FF40070FFF795FD2968FFE64FF48F
:10BCB8000070FFF78FFD2968F1E64FF48070FFF7F9
:10BCC80089FD2968E3E64FF48060FFF783FD296862
:10BCD800F1E64FF40060FFF77DFDF0E60027C6E6C9
:10BCE800022938B5044635D9C81E012830D80020A5
:10BCF80023676064E064E065A0664FF6FF706067E4
:10BD0800606830F002000CBF0125002504294FF4BB
:10BD1800003125650CBF01200D2021664FF48021DC
:10BD2800A0656166032A13D8DFE802F0474E54364F
:10BD38002368484A934205D002F1C052A2F58232E4
:10BD4800934205D16368012B02D1636C002B2FD07D
:10BD5800012038BD002023676064E064A066606845
:10BD680030F0020014BF0120002020654FF480301D
:10BD7800E0654FF6FF70606713F00100E8D14D1ED3
:10BD8800012D29D860664FF400302066032ADFD8D9
:10BD9800DFE802F05546362CE0215B018022A164E1
:10BDA8006365E266F9F782FB94F83830012BBFD05F
:10BDB8002046BDE83840FFF7EFBD80211B01402237
:10BDC800A1646365E266EDE780225B01A2646365B6
:10BDD800E266E7E7C021E0E720664FF4802060666E
:10BDE800032AB5D8DFE802F02B1C0C025B08E02020
:10BDF80080219A01A0645B01E166C4E91523D1E7BB
:10BE08005B08C022802502294FEA8310A2644FEA0A
:10BE18004313E5666065A365C4D10823A366C1E73B
:10BE28005B08802202294FEA8310A2644FEA431379
:10BE3800E266C4E91503B5D11023A366B2E75B082F
:10BE4800802040215A01A0641B01E166C4E9152342
:10BE5800A8E700BF045801402DE9F8430F460446FF
:10BE68001546F9F70BFB002F61D0B5FA85F84FEAB4
:10BE78005818002D5BD094F89130012B5FFA83F9A4
:10BE880050D194F89030012B4CD04346C4F894809C
:10BE98000646D4F8800065F30F03226884F8909072
:10BEA800394665F31F43A7671C32E3672B46122503
:10BEB80084F891502E4DC0F8508005642D4DC5630F
:10BEC8002D4DC564FAF732FE00283ED1636C082B6D
:10BED800636831D005216122023B012B98BF1146CE
:10BEE800226813690B431361136843F4003313602A
:10BEF80006E0F9F7C3FA831BB3F57A7F2AD82268DC
:10BF0800556915F4E025F4D01368DB0303D41368EE
:10BF180043F4803313600023994684F890304846F0
:10BF2800BDE8F8834FF002094846BDE8F8834FF0B2
:10BF380001094846BDE8F88323F00202012A0BBF35
:10BF48001521052171226122C6E7484684F89080B0
:10BF5800BDE8F883D4F894304FF0030984F8905082
:10BF680043F040034846C4F89430BDE8F88300BF66
:10BF7800C1C0000859C0000841C10008F8B500292F
:10BF88004ED0B2FA82F513466D09002A48D090F8CF
:10BF980091200446012AD6B23FD190F89020012A78
:10BFA8003BD081670A462946222780F8906063F3D0
:10BFB8000F01C0F8945063F31F41C167D0F88400A3
:10BFC80084F891701E4F216807641E4F1C31056567
:10BFD800C7631D4FC764FAF7A9FD20BB23681A6819
:10BFE800D20303D41A6842F480321A60626C082AB9
:10BFF80062681CD005216120023A012A98BF0146D7
:10C008001A6900200A4306461A611A6842F4003287
:10C018001A6084F890003046F8BD02263046F8BD14
:10C0280001263046F8BD304684F89050F8BD22F01D
:10C03800020101290BBF1521052171206120DBE7D1
:10C0480031C10008CDC0000841C10008704700BFD9
:10C0580008B5C369806BB3F5807F1BD003684FF0C8
:10C06800000C416C1A680829A0F87EC022F400323E
:10C078001A60426811D06FF0610C6FF00501023A46
:10C08800012A98BF61461A694FF0010C0A401A61EB
:10C0980080F891C0FFF7DAFF08BD22F002010129FC
:10C0A8000BBF6FF0710C6FF0610C6FF015016FF042
:10C0B8000501E4E7704700BF806B08B5FFF7FAFF9A
:10C0C80008BD00BF08B5C369806BB3F5807F1BD07E
:10C0D80003684FF0000C416C1A68082922F40032FA
:10C0E8001A604268A0F87EC011D06FF0610C6FF042
:10C0F8000501023A012A98BF61461A694FF0010CFE
:10C108000A401A6180F891C0F8F722FB08BD22F0B6
:10C11800020101290BBF6FF0710C6FF0610C6FF019
:10C1280015016FF00501E4E7806B08B5F8F7D4FA5C
:10C1380008BD00BF704700BF10B5846BFBF70EFB4E
:10C14800022823D0D4F89420216842F08002134BAF
:10C158001348C4F894201B680A68A0FB030322F460
:10C1680000321B0B0A600A689B0022F480320A60C6
:10C178006BB10A68013BD203FAD40122002320469E
:10C1880084F89120A4F87E30FFF7D4FF10BDD4F8CE
:10C19800943043F04003C4F89430EEE7F0000024F4
:10C1A8001BECCB9518B338B590F82C3004460D46E7
:10C1B80003F0FF02B3B12146022384F82C3051F872
:10C1C800040B00F0D7FA62682946206800F010FBDB
:10C1D800084A01210020136843F00043136084F8E3
:10C1E8002C1038BD80F82D20F5F7C2FBE3E70120BD
:10C1F800704700BF0040005270B590F82C300446DC
:10C20800022BD8B204D000F0FB06012E01D0012089
:10C2180070BD02230D46206884F82C3000F034FBF2
:10C228002B68022B03D0002084F82C6070BD0523F6
:10C23800002084F82C3070BD38B590F82C300446B6
:10C24800022BD8B205D094F82C30012BDDB201D0E6
:10C25800012038BD0223206884F82C3000F028FB28
:10C26800002084F82C5038BD002800F08F8038B5A5
:10C2780090F83D30044603F0FF02002B60D022689E
:10C2880002234349B2F1804F84F83D30A2EB01010B
:10C298001368B1FA81F14FEA511127D031BB3D48FB
:10C2A8003D4D824251D000F5806082424DD0551BF1
:10C2B80000F58060B5FA85F582424FEA55154DD0F4
:10C2C800002D4BD1354836498A4218BF82424FD09B
:10C2D80001F580618A424BD0A06923F08003E168B0
:10C2E800034313606368D162936223E02A4D23F00D
:10C2F8007003A068551B0343B5FA85F56D092069DD
:10C3080023F440730343A06923F0800303431360BD
:10C31800E368D3626368936251B94DB91F49204BF2
:10C328009A4218BF8A4203D003F580639A4201D12A
:10C338006369136301230020536184F83D3038BDDD
:10C3480080F83C2002F0AAFB99E7551B23F0700304
:10C35800A068B5FA85F503436D09D0E7A06823F016
:10C36800700303430F488242C9D0002DC7D1A9E703
:10C37800206923F44073A1690343E06823F0800334
:10C388000B4361681360D0629162C7E70120704770
:10C39800000001400004004000040140004001404A
:10C3A80000440140000C00404FF0020C01680A4AAA
:10C3B800034680F83DC088680240062A06D0B2F5D8
:10C3C800803F03D00A6842F001020A60012200207F
:10C3D80083F83D20704700BF070001000368094A41
:10C3E800D96841F00101D96099680A40062A06D047
:10C3F800B2F5803F03D01A6842F001021A600020AB
:10C40800704700BF0700010090F83C30012B7DD039
:10C4180002460223006830B4012482F83D3082F8D5
:10C428003C40544C83681C400B68602B84606FD080
:10C438001DD9B3F5005F59D042D94F498B4206D078
:10C4480038D94E498B4202D010318B4206D18468CC
:10C458004B4921400B4343F007038360002301212C
:10C46800184682F83D1082F83C3030BC7047402BAB
:10C4780067D019D9502BF1D1036A4C68CD6823F0E5
:10C488000A03016A1C433E4B21F0010101628169E4
:10C4980021F0F00141EA05118161046281680B40D5
:10C4A80043F057038360D9E7202BD0D01AD9302B1B
:10C4B800D4D1CCE723F01001B1F5801FCED1C6E767
:10C4C800702BCBD18468D1E901532B43CD6824F478
:10C4D8007F4143EA05230B438360836843F0770376
:10C4E8008360BBE733F01001B8D1B0E7D1E901535D
:10C4F80084682B43CD6824F47F4143EA05230B432A
:10C508008360836843F480438360A7E70220704711
:10C51800046A4D6824F01004C9680462836923F42E
:10C52800704343EA0133016A21F0A0018361144B8F
:10C5380041EA0511016281680B4043F0670383609B
:10C548008CE7036A4C68CD6823F00A03016A1C4330
:10C558000B4B21F001010162816921F0F00141EAF0
:10C5680005118161046281680B4043F047038360D1
:10C5780074E700BF8800CEFF2000100030001000D4
:10C588008FFFCFFF704700BF704700BF704700BFE5
:10C59800704700BF03681A69910710B5044602D5B1
:10C5A800DA68920768D41A69520702D5DA68500720
:10C5B8004FD41A69110702D5DA68120737D41A69F5
:10C5C800D00602D5DA68D1061ED41A69D20702D578
:10C5D800DA68D00769D41A69110602D5DA68120632
:10C5E8006BD41A69D00502D5DA6811066DD41A69B8
:10C5F800520602D5DA6850066FD41A69910602D538
:10C60800DA68920649D410BD6FF01001082220465E
:10C6180019612277DB6913F4407F6FD1FFF7B2FF0E
:10C628002046FFF7B3FF002223682277CDE76FF09B
:10C6380008010422204619612277DB699B075AD139
:10C64800FFF7A0FF2046FFF7A1FF0022236822770B
:10C65800B5E76FF0040102222046196122779B6931
:10C6680013F4407F44D1FFF78DFF2046FFF78EFF7C
:10C678000022236822779CE76FF0020101221961EA
:10C6880002779B69990730D1FFF77CFF2046FFF7B7
:10C698007DFF00222368227785E76FF0200220467D
:10C6A8001A61BDE8104000F05FB86FF00102204643
:10C6B8001A6102F0E3FA23688DE76FF080022046E2
:10C6C8001A6100F053F823688BE76FF480722046F4
:10C6D8001A6100F04DF8236889E76FF040022046A0
:10C6E8001A61FFF755FF236887E7FFF74DFFD0E78B
:10C6F800FFF74AFFBCE7FFF747FFA6E7FFF744FF4E
:10C7080091E700BF90F83C20012A28D00346006832
:10C71800022230B4134D83F83D20A8424268846851
:10C7280018D005F58065A84214D024F0800C22F0BA
:10C7380070020C688968224300244CEA01014FF01A
:10C74800010C42608160204683F83DC083F83C407C
:10C7580030BC704722F470024D682A43E5E7022096
:10C76800704700BF00000140704700BF704700BF1E
:10C77800704700BF0B6810B4D3B90468A3F5004331
:10C788004A6823401343D1E9024223431343D1E9C2
:10C79800044223431343D1E9064223431343D1E917
:10C7A800084223435DF8044B13430360002070479D
:10C7B8000268D1E9074322F4F84222434C6A1A433B
:10C7C8000A4B2243026042681340D1E901422343E5
:10C7D8001343D1E9034223431343D1E905422343D9
:10C7E8005DF8044B13434360002070470080FFFF4F
:10C7F80030B40ABB8368D1E9002403F07043013CDC
:10C80800013A43EA04131343D1E90224013A013CF3
:10C8180043EA022343EA0432D1E904348969013B3B
:10C82800013C013942EA034343EA045343EA016302
:10C8380030BC8360002070478268CC68114B013C93
:10C8480013404A6943EA0433541E43EA0454D1E9C5
:10C8580000258460C3686C1E013A03F0704343EA04
:10C8680004130C691A438B68013C8969013B01393F
:10C8780042EA032343EA044343EA016330BCC3604A
:10C8880000207047FF0F0FFF0246D1E9003010B4B7
:10C8980003431469D1E9021023435DF8044B0139BD
:10C8A80043EA4023002043EA41131361704700BF65
:10C8B8000246054B002010B4546923405DF8044B30
:10C8C80043EA41015161704701C0FFFF022A82B06B
:10C8D800844613D009230193DCF80C30002023F49C
:10C8E8007053CCF80C30019BDCF80C209B0203F44D
:10C8F80070531343CCF80C3002B07047224B234AD4
:10C908000B44934207D9224B224A0B44934205D841
:10C918000E230193E0E70F230193DDE71E4B1F4A27
:10C928000B44934207D91E4B1E4A0B44934205D22F
:10C938000C230193D0E70D230193CDE71A4B1B4A33
:10C948000B44934202D80B230193C5E7184B194AAD
:10C958000B44934202D20A230193BDE7164B174AB0
:10C968000B449342B6D3164B164A0B44934202D259
:10C9780008230193B0E7144B144A0B44934234BF85
:10C98800072306230193A7E7405327FFFF340C0032
:10C99800401E1BFF3F420F0000DC0BFF7F4F1200C1
:10C9A800808CF9FE20D6130060B6E5FE5FE3160022
:10C9B80000D3CEFE40771B00C05BB3FEC0912100C0
:10C9C80000CA91FE20753800E05459FEE09C4100F1
:10C9D800890182B000230A4A41F0200101930161D4
:10C9E80003E0036913F0200307D0019B013393424E
:10C9F8000193F6D9032002B07047184602B0704779
:10CA0800400D0300D0F8083882B003F00603019304
:10CA1800019838B10198022804D0019B062B0CBF5D
:10CA280002200F2002B0704730B44B780A78012BEF
:10CA380020D002F00F0C4FF48033D0F81C4800EBE4
:10CA4800421203FA0CF32343C0F81C38D2F8003B17
:10CA58001B040CD48B68D2F8004BC3F30A03C878C4
:10CA68001449234343EA80431943C2F8001B0020BA
:10CA780030BC704700F5006402F00F0500EB42106F
:10CA8800AB40E5692B43E361D0F800391C04EED4D0
:10CA98008B68D0F80059C3F30A03CC7805492B43B7
:10CAA80043EA844343EA8252114330BCC0F8001978
:10CAB80000207047008000102DE9F0414B7891F874
:10CAC80000C0012B51D000EB4C1C844CDCF8105BEF
:10CAD8000CF530632C401C61814C1D692C401C6195
:10CAE8004C6984B38D68012A7E4E2C4404F1FF34CE
:10CAF800B4FBF5F406EAC44EA4B205FB04F41D69C0
:10CB08004EEA0505C4F312041D611D6944EA0504D3
:10CB18001C6125D0CB78012B0CD1D0F8083813F440
:10CB2800807FDCF8003B0CBF43F0005343F0805398
:10CB3800CCF8003BDCF8003B43F00443CCF8003B66
:10CB48000020BDE8F0818C68012A1D69C4F3120435
:10CB580044EA05041C611C6944F400241C61D9D111
:10CB6800CA68002AD6D05A61D4E74D69002D3DD055
:10CB780000EB4C14594ED1F808E0D4F81089584FFE
:10CB880008EA0606C4F8106905EB0E06013EB6FB76
:10CB9800FEFED4F810693740524EC4F8107906EA00
:10CBA800CE46D4F810793E43C4F81069C5F312068E
:10CBB800D4F810793E43C4F8106904F5106691F86A
:10CBC80003E0BEF1010F57D0012A72D0D4F8002932
:10CBD8000CF00F0C42F0044203FA0CF3C4F80029DD
:10CBE800D0F834281343C0F83438A9E700EB4C13C5
:10CBF8003B4E3A4C012AD3F8107906EA0706C3F8E7
:10CC08001069D3F8106946F40026C3F81069D3F800
:10CC1800106904EA060403F51066C3F8104991F890
:10CC280003E03AD0D3F80049BEF1010F44F00444C0
:10CC3800C3F8004984D1D0F8083813F4807F3368EA
:10CC48000CBF43F0005343F080533360002A7FF455
:10CC580077AFADB20335AD083FF472AFCB6800EBE8
:10CC68000C3C03EB85010CF5805C53F8042B8B42DC
:10CC7800CCF80020F9D163E73369012A23F0C043D7
:10CC88003361336943F00053336117D0D4F8003966
:10CC980043F00443C4F80039CDE70B6963B9BEF12A
:10CCA800010F0ED03368002043F004433360BDE821
:10CCB800F0810B69002BF5D07361F0E70B69002B4D
:10CCC800FAD1D0F8083813F4807F33680CBF43F0EA
:10CCD800005343F080533360E4E700BF0000F8FFDF
:10CCE800FFFF07E00000F81FF0B54C780B78012C27
:10CCF80026D000EB4310574CD0F8105B00F530639A
:10CD08002C401C61544C1D692C401C614C69A4B911
:10CD18008C681D69C4F31204012A45F400251D61BD
:10CD28001D6944EA05041C6149D0D0F8003B43F072
:10CD38000443C0F8003B0020F0BD8C684C61E8E774
:10CD48004C69002C40D000EB4315424FD1F808E065
:10CD5800D5F810C9404E74450CEA070705F5106C64
:10CD6800C5F81079D5F8107906EA0706C5F81069EC
:10CD780058D9DCF81040012AC1F814E044F4002422
:10CD8800CCF81040CEF31204DCF8106044EA060434
:10CD9800CCF810403AD0D5F8002942F00442C5F842
:10CDA8000029BEF1000FC6D003F00F010123D0F80F
:10CDB80034288B401343C0F834380020F0BDCA68CB
:10CDC800002AB2D05A61B0E700EB4310224B012A87
:10CDD800D0F8104900F5106C03EA0403CCF81030C1
:10CDE800DCF8103043F40023CCF81030194BDCF891
:10CDF800104003EA0403CCF8103007D0D0F800390B
:10CE080043F00443C0F800390020F0BD0B690BB1B2
:10CE1800CCF81430DCF80030002043F00443CCF8A0
:10CE28000030F0BDDCF81060C4F31204012A46F4A7
:10CE38000026CCF81060DCF8106044EA0604CCF850
:10CE48001040E3D0D5F8002942F00442C5F8002983
:10CE5800AAE700BF0000F8FFFFFF07E010B49DF845
:10CE6800044064B903339B0809D0013201EB830302
:10CE780000EB023051F8042B8B420260FAD10020FB
:10CE88005DF8044B704700BF033292080AD000F5E2
:10CE9800805C01EB8200DCF8003041F8043B8842FA
:10CEA800F9D17047084670474A780B78012A00EB99
:10CEB80043100CD0D0F8002B0BB1002A14DAD0F8AC
:10CEC800003B43F40013C0F8003B00207047D0F843
:10CED8000029002A00DB73B9D0F8003943F40013A5
:10CEE800C0F8003900207047D0F8003B23F0804399
:10CEF800C0F8003BE3E7D0F8003923F08043C0F8DE
:10CF08000039D0F8003943F40013C0F80039E9E7D4
:10CF18004A780B78012A00EB431013D0D0F8003B75
:10CF280023F40013C0F8003BCB78023B012B01D956
:10CF380000207047D0F8003B43F08053C0F8003B16
:10CF480000207047D0F8003923F40013C0F80039E6
:10CF5800CB78023B012BEBD8D0F8003943F0805353
:10CF6800C0F8003900207047034609010020D3F8B3
:10CF7800002801F4FE6122F4FE62C3F80028D3F809
:10CF880000281143C3F80018704700BF82B04369F6
:10CF980001938269019B13400193019802B0704785
:10CFA80082B0D0F818380193D0F81C28019B1340A0
:10CFB80001930198000C02B0704700BF82B0D0F80E
:10CFC80018380193D0F81C28019B1340019301984D
:10CFD80080B202B0704700BF00EB411182B0D1F8B7
:10CFE800083B0193D0F81428019B13400193019842
:10CFF80002B0704784B0D0F8103801F00F0C00EB85
:10D0080041110293D0F834380393039B029A23FA10
:10D018000CF3DB01DBB213430293D1F80839029A0F
:10D0280013400193019804B0704700BF406900F0B5
:10D0380001007047D0F8001900F500630A4A0A4059
:10D04800C0F800299A6802F00602042A05D1D0F82F
:10D05800002942F00302C0F800295A68002042F46F
:10D0680080725A60704700BF00F8FFFF144B10B47D
:10D07800046C9C421AD800F5306000230129036132
:10D08800036943F400230361036943F01803036150
:10D09800036943F0C043036104D14261036843F06C
:10D0A8008023036000205DF8044B7047D0F8003BF4
:10D0B80000F53060002BE0DA00205DF8044B704783
:10D0C8000A30544FD0F8002401F00303012900F579
:10D0D800806C22F00302C0F80024D0F8002443EA50
:10D0E8000203C0F8003409D0022901D0002070479B
:10D0F80041F270730020CCF8043070474BF680334F
:10D108000020CCF804307047D0F8140480B270477F
:10D1180000EB4111002382B001F5A0620193D1F820
:10D12800003513F4802FD1F8003543F08043C1F85F
:10D13800003522D1C36A13F47F0FD1F8003523D10B
:10D1480023F00043C1F80035D1F8003543F000431F
:10D15800C1F80035D1F8003523F40043C1F8003593
:10D1680002E01368002B13DA019B0133B3F57A7FD1
:10D178000193F6D9002002B07047D0F8103413F4A8
:10D188007F0FD1F8003506D043F00043C1F80035D1
:10D19800002002B0704723F00043C1F80035D1F8F1
:10D1A800003543F00043C1F80035D1F8003523F4C9
:10D1B8000043C1F8003502E01368002BE8DA019B50
:10D1C8000133B3F57A7F0193F6D9002002B0704796
:10D1D80030B4002484B04FF48465AA4A0094014610
:10D1E800836823F0010383600394056102E00B69FF
:10D1F800980604D5039B013393420393F7D9002083
:10D208001023A04A02900B6102E00B69DB0604D5EB
:10D21800029B013393420293F7D9D1F8003501F507
:10D22800A06201F5E0600193019B43F08043019304
:10D23800019B23F000430193019B23F400430193D6
:10D24800019BC1F80035D1F820350193019B43F0CB
:10D2580080430193019B23F000430193019B23F436
:10D2680000430193019BC1F82035D1F84035019363
:10D27800019B43F080430193019B23F000430193FA
:10D28800019B23F400430193019BC1F84035D1F879
:10D2980060350193019B43F080430193019B23F088
:10D2A80000430193019B23F400430193019BC1F8C0
:10D2B8006035D1F880350193019B43F08043019399
:10D2C800019B23F000430193019B23F40043019346
:10D2D800019BC1F88035D1F8A0350193019B43F03B
:10D2E80080430193019B23F000430193019B23F4A6
:10D2F80000430193019BC1F8A035D1F8C0350193D3
:10D30800019B43F080430193019B23F00043019369
:10D31800019B23F400430193019BC1F8C035D1F868
:10D32800E0350193019B43F080430193019B23F077
:10D3380000430193019B23F400430193019BC1F82F
:10D34800E035D1F800360193019B43F08043019307
:10D35800019B23F000430193019B23F400430193B5
:10D36800019BC1F80036D1F820360193019B43F0A8
:10D3780080430193019B23F000430193019B23F415
:10D3880000430193019BC1F82036D1F84036019340
:10D39800019B43F080430193019B23F000430193D9
:10D3A800019B23F400430193019BC1F84036D1F857
:10D3B80060360193019B43F080430193019B23F066
:10D3C80000430193019B23F400430193019BC1F89F
:10D3D8006036D1F880360193019B43F08043019376
:10D3E800019B23F000430193019B23F40043019325
:10D3F800019BC1F88036D1F8A0360193019B43F018
:10D4080080430193019B23F000430193019B23F484
:10D4180000430193019BC1F8A036D1F8C0360193AF
:10D42800019B43F080430193019B23F00043019348
:10D43800019B23F400430193019BC1F8C036D1F846
:10D44800E0360193019B43F080430193019B23F055
:10D4580000430193019B23F400430193019BC1F80E
:10D46800E03613680193019B43F080430193019BCD
:10D4780043F000430193019B23F400430193019B74
:10D48800136004E0400D03001368002B05DA009BCD
:10D498000133B3F57A7F0093F6D920328242E0D186
:10D4A8004FF0FF330020C1F814344B618B6843F010
:10D4B80001038B6004B030BC704700BF08B5D0F8DA
:10D4C8008C321BB11B68984700B908BD022008BD03
:10D4D80008B5D0F88C325B689847002008BD00BFBB
:10D4E80038B500F520750446284600F07DFB01227A
:10D4F800B4F8863294F88012C4E99B2301F01F0324
:10D50800934209D0022B13D063B101F08001204669
:10D51800F7F71AFE002038BD2946204600F092FA97
:10D52800002038BD2946204600F00AF9002038BD01
:10D538002946204600F0BAFA002038BD38B505461D
:10D5480069B91346D0F86C22032A15D0052A0C466F
:10D558000ED1C5F86C12F7F7F7FD204638BDD0F8A4
:10D568008C329B6933B190F87422032A02D1984710
:10D57800002038BD022038BDD0E9531291420CD9A1
:10D58800891A8A42C0F84C1188BF8AB2194698BFD6
:10D5980092B200F055FB002038BDD0F88C321B69E0
:10D5A8001BB190F87422032A04D0284600F052FBDD
:10D5B800002038BD9847F8E770B5044661B9D0F83F
:10D5C8006C32022B15D033F0040337D094F878323C
:10D5D800012B2ED0002070BDD0F88C325B6933B19E
:10D5E80090F87422032A02D19847002070BD0220C7
:10D5F80070BDD0E908630D469E4223D8C669B6FBC4
:10D60800F3F203FB12620AB9B34228D9D4F88C3278
:10D61800DB681BB194F87422032A30D0802120469D
:10D62800F7F792FD204600F021FB94F87832012BA1
:10D63800D0D10023184684F8783270BD8021F7F7DE
:10D6480083FDC3E7F31A114603629AB200F0EEFABB
:10D658002B462A4629462046F7F7C2FDB6E7D0F8FA
:10D6680070329E42D2D20A4600F0E0FA2B462A4691
:10D6780029462046C4F87052F7F7B2FDA6E72046BF
:10D688009847CBE770B5002240260446012511468D
:10D698003346F7F747FD3346802100222046C4F879
:10D6A8004451C4F85061F7F73DFD0021D4F8903299
:10D6B800A561666284F87452C4F86C126160C4F89B
:10D6C8007C1223B1D4F88C3220465B68984700203E
:10D6D80070BD00BF0346002019747047034604213B
:10D6E800002093F8742283F8741283F87522704727
:10D6F8000346002093F8752283F87422704700BF10
:10D7080090F87422032A01D00020704708B5D0F899
:10D718008C32DB6903B19847002008BD00207047B0
:10D728000020704700207047D0F88C22012108B5EE
:10D7380080F87412017953689847002008BD00BF2B
:10D7480030B50B7883B00D46044603F06003202BF8
:10D758000DD0402B0BD09BB180212046F7F7F4FC6D
:10D7680000212046F7F7F0FC002003B030BDD4F8C4
:10D778008C32294620469B689847002003B030BD6C
:10D788004B78092BE8D801A252F823F0EFD700080C
:10D798001BD8000861D7000839D8000861D70008ED
:10D7A80041D8000879D8000861D70008A9D800082E
:10D7B800BDD700088978A24D01292970CCD890F8E6
:10D7C8007432022B00F01281032B00F000818021BB
:10D7D800F7F7BAFC00212046F7F7B6FC297820466F
:10D7E800FFF776FEC0E790F87432013B022BB3D8FE
:10D7F800CB88022BB0D10122D0F87C32C2600BB1A9
:10D808000323C360022204F10C01204600F000FA51
:10D81800AAE790F87432013B022B9DD84B88012B64
:10D82800A2D100232046C4F87C3200F013FA9BE70B
:10D838004B88012B98D1F5E78B88002B8CD1CB88AE
:10D84800002B89D14D887F2D86D890F87432032B10
:10D8580082D0E9B280F87612F7F7A6FC204600F0ED
:10D86800F9F9002D00F0E080022384F874327BE798
:10D878004A88130A013B062B3FF66EAF01A151F807
:10D8880023F000BF3DD9000825D9000813D90008A6
:10D8980061D7000861D70008FDD80008CFD8000874
:10D8A800CA88012A7FF458AF90F87432022B00F22C
:10D8B8008780002B3FF450AF0146002341F8083F12
:10D8C80000F0A6F950E7037C002B7FF445AFD0F8B1
:10D8D8008C320DF106001B6B984707234370BDF887
:10D8E8000620002A67D0EB88002B5BD1204600F089
:10D8F800B1F939E7037C002B7FF42EAFD0F88C32D6
:10D908000DF106005B6B9847E9E7D1B2052900F2F3
:10D918008F80DFE801F0271F17372F3F037C002B8C
:10D9280072D1D0F88C320DF106009B6A9847022319
:10D938004370D4E7D0F888320DF10601007C1B68EB
:10D948009847CCE7D0F888320DF10601007CDB68F7
:10D958009847C4E7D0F888320DF10601007C9B682F
:10D968009847BCE7D0F888320DF10601007C5B6867
:10D978009847B4E7D0F888320DF10601007C5B695E
:10D988009847ACE7D0F888320DF10601007C1B6996
:10D998009847A4E7D0F888320DF10601007C9B690E
:10D9A80098479CE79A420146204628BF1A46ADF898
:10D9B800062000F02DF9EB88002B7FF4D5AE95E713
:10D9C800032B7FF4C9AE011D00F022F9CCE621B388
:10D9D800416801298AD0C9B2FFF77AFD2978204623
:10D9E8006160FFF76BFD022880D1B5E600293FF49E
:10D9F8007DAF01210323416080F87432FFF75EFD9B
:10DA080002287FF473AFA7E6D0F88C320DF1060038
:10DA1800DB6A98470223437061E70223416080F87C
:10DA28007432FFF755FD61E7012384F874329BE6F1
:10DA3800D0F88C320DF106029B6B98474FE700BF78
:10DA4800701A002438B50B780D46044603F06002BE
:10DA5800402A0AD05B0608D58021F7F775FB00211C
:10DA68002046F7F771FB002038BD94F87432013B6B
:10DA7800022B11D82B79012B0ED8D4F88C322946D9
:10DA880020469B689847EB88002BECD10028EAD108
:10DA9800204600F0DFF8E6E780212046F7F754FB40
:10DAA80000212046F7F750FB002038BD38B50B7829
:10DAB800044603F06003202B0CD0402B0AD083B11E
:10DAC80080212046F7F740FB00212046F7F73CFB72
:10DAD800002038BDD4F88C3220469B689847002037
:10DAE80038BD4B788A88012B5FFA82FC37D0032B2C
:10DAF80023D0002BE4D190F87432022B4AD0032BA8
:10DB0800DED10CF00F03120603EB830300EB830353
:10DB180051D4D3F84431002BD2D00CF07F03142514
:10DB280005FB030505F5A075002B4FD12B600222DC
:10DB38002946204600F06CF8CAE790F87432022BA8
:10DB48001DD0032BBCD14B882BB91CF07F0F02D002
:10DB5800CB88002B43D0204600F07CF8B8E790F83B
:10DB68007432022B0BD0032BAAD14B88002BAFD1D8
:10DB78001CF07F0FEFD06146F7F7F4FAEBE71CF0E3
:10DB88007F0F9DD06146F7F7DFFA80212046F7F72F
:10DB9800DBFA9DE71CF07F0F92D111064FF00003CE
:10DBA8004FF002024CBF00F1140100F5A0710B60A8
:10DBB80000F02EF88CE79B69002B81D00CF07F03D6
:10DBC8005D1C05EB850500EB8505ADE76146204644
:10DBD800F7F7D6FA08B10123A8E72860A7E7614656
:10DBE800F7F7B2FAB7E700BF0B7803704B784370CA
:10DBF800CA788B7803EB022343804A790B7903EBCD
:10DC080002238380CA798B7903EB0223C380704790
:10DC180010B5134602240A460021C0F86C42C0E938
:10DC28000733F7F7CFFA002010BD00BF8C4600215C
:10DC380008B513466246F7F7C5FA002008BD00BFCD
:10DC48008C46002108B513466246F7F7C9FA00204A
:10DC580008BD00BF08B504210023C0F86C121A469D
:10DC68001946F7F7AFFA002008BD00BF08B505212F
:10DC78000023C0F86C121A461946F7F7B1FA0020CB
:10DC880008BD00BFD0F8C4230132C0F8C42302780D
:10DC98000B2A00D07047D0F87C33002BFAD09B6950
:10DCA800184700BF012380F823337047002380F80A
:10DCB80023337047034600220121104683F82013BE
:10DCC80083F8212383F82223704700BF38B5012346
:10DCD8000025044680F8213380F8235380F8205328
:10DCE800F7F7A2FA2179204600F006F86179204674
:10DCF80000F002F8284638BD0A2907D800EB810051
:10DD0800D0F88433C3F30E03C0F88433002070477F
:10DD18000C4A82B00C4BD2F8DC1041F04001C2F83A
:10DD2800DC10D2F8DC2002F040020192019A1A6855
:10DD380022F020021A601A6842F004021A6002B047
:10DD4800704700BF004402580018024870B500230D
:10DD580004464FF4806204214FF440353448C4F837
:10DD68003821C4F8D410C4F83431C4F84C113149FE
:10DD7800C4F8B000C4F82811C4E92F32C4E931331B
:10DD8800C4E93335C4E93733C4E94F33C4E95135FD
:10DD9800C4E95533A2680323C4F8D830C4F8503115
:10DDA800042A0AD8DFE802F01F262D340300552282
:10DDB8005623C4F8B420C4F82C310022402304F1BF
:10DDC800B005C4F8B8202846C4F83031F8F7F0FC9C
:10DDD80008B1FFBEFEE704F594763046F8F7E8FC94
:10DDE800E8B1FFBEFEE725222623C4F8B420C4F814
:10DDF8002C31E2E727222823C4F8B420C4F82C31B8
:10DE0800DBE73D223E23C4F8B420C4F82C31D4E724
:10DE180053225423C4F8B420C4F82C31CDE704F1BC
:10DE28002803C4E92865C4F8E830C4F8603170BD37
:10DE380040040240580402402DE9F04F814683B067
:10DE48000E4617461D4600F12804204602F0FCFC49
:10DE580001288246F9D14846FFF778FF8046002816
:10DE680035D1EFF31083019372B6DFF888B00C9BBD
:10DE780099F90820DFF880A0DFF88090CBF800300F
:10DE88000D9B89F80020CAF800300DB11846A84744
:10DE9800BAB23146204602F04DF830B9019B03B9B9
:10DEA80062B6404603B0BDE8F08F0023CBF80030DF
:10DEB800CAF80030FF2389F800300C9B8BB1012190
:10DEC8000D9888469847019B002BEAD1E8E70C9B00
:10DED80053B1D0460D9851469847404603B0BDE827
:10DEE800F08F4FF00108D9E7D046404603B0BDE8AF
:10DEF800F08F00BF942400249C240024982400243C
:10DF08002DE9F04F814683B00E4617461D4600F1B5
:10DF18002804204602F098FC01288246F9D1484698
:10DF2800FFF714FF8046002835D1EFF310830193E3
:10DF380072B6DFF888B00C9B99F90820DFF880A04A
:10DF4800DFF88090CBF800300D9B89F80020CAF8E4
:10DF580000300DB11846A847BAB23146204602F043
:10DF6800ADF930B9019B03B962B6404603B0BDE8CC
:10DF7800F08F0023CBF80030CAF80030FF2389F86F
:10DF880000300C9B8BB101210D9888469847019B66
:10DF9800002BEAD1E8E70C9B53B1D0460D985146C7
:10DFA8009847404603B0BDE8F08F4FF00108D9E725
:10DFB800D046404603B0BDE8F08F00BF942400244B
:10DFC8009C240024982400242DE9F04F814683B036
:10DFD8000F461646984600F12804204602F034FC05
:10DFE8000128FAD182464846FFF7B0FE05460028C8
:10DFF80038D1EFF31083019372B699F90830DFF83E
:10E008008890DFF888B089F800300D9BDFF880A091
:10E01800CBF800300E9BCAF800300C9B0BB10E9861
:10E0280098471FFA88F33A463146204602F03AF8F4
:10E0380030B9019B03B962B6284603B0BDE8F08F3A
:10E048000023CBF80030CAF80030FF2389F80030ED
:10E058000D9B8BB101210E980D469847019B002B13
:10E06800EAD1E8E70D9B4BB155460E9851469847C3
:10E07800284603B0BDE8F08F0125DAE75546284663
:10E0880003B0BDE8F08F00BF982400249424002436
:10E098009C2400242DE9F043002387B00222044683
:10E0A80005690493CDE90223D0E902128E00FAB182
:10E0B800022D7AD02178B5FA85F54FF00108276A44
:10E0C8000B294FEA551521D1A2780B2A02D0B8F1B5
:10E0D800000F38D123790B2B01D0002D6CD1A379F7
:10E0E80017B10B2B40F09980002007B0BDE8F083F2
:10E0F80035F002032178276A0CBF4FF001084FF072
:10E108000008023D18BF01250B29DDD07D4B94F88E
:10E1180001C053F8262010780B2802D0884200F05E
:10E12800AD80D378D01C994202D10B2B40F0BD8032
:10E138009379901D8B4202D10B2B40F0BC800120BB
:10E1480007B0BDE8F083711C6E4BE07853F82130BE
:10E1580019780B2902D08A4200F0B580D97803F1EA
:10E16800030C0B2902D08A4200F0BB80997903F195
:10E17800060C0B29E3D08A42E1D1DB798342DED158
:10E18800634604F102099B7848460593F7F75AF865
:10E1980080464846F7F75EF801A901904046F9F72E
:10E1A800DFFA23790B2B98D199E70178076A0B29B5
:10E1B80040F0868001258DE7B11C524A607952F8FB
:10E1C800212011780B2902D08B4200F08180D17870
:10E1D800D51C0B2902D08B4200F08D809179951DBA
:10E1E8008B42ACD10B29AAD0D3798342A7D12A4636
:10E1F800251D937828460593F7F724F80346284603
:10E208001D46F7F727F801A901902846F9F7A8FA5B
:10E21800A379002F7FF465AF66E7F11C394AE079EE
:10E2280052F8212011780B2901D08B425FD0D17888
:10E23800D51C0B2901D08B424FD09179951D8B426B
:10E248007FF47DAF0B293FF47AAFD37983427FF413
:10E2580076AF2A46A51D937828460593F6F7F2FF70
:10E2680004462846F6F7F6FF034601A9204601931F
:10E27800F9F776FA002007B0BDE8F08353786345D4
:10E288007FF44FAF937820460593F6F7DBFF81467E
:10E298002046F6F7DFFF01A901904846F9F760FA32
:10E2A800A2780B2A7FF413AF14E7137963457FF440
:10E2B8003FAF0246E6E7D37963457FF440AFF8E71E
:10E2C8009846012522E7597881427FF447AF58E7FD
:10E2D800517881427FF47BAF8AE711798142ACD1D2
:10E2E800B7E7197981427FF441AF634649E751782E
:10E2F80081429CD1AEE7117981427FF46FAF2A4603
:10E3080076E700BF70300108654A0368934200F061
:10E31800B980A2F57842934200F0B68002F5806297
:10E32800934200F0B38002F57842934200F0B08047
:10E3380002F5E052934200F0AD805A4A934240F011
:10E34800AB8005234FF4D071574A01FB03F310B596
:10E35800D418D05C86B0F6F785FFA078F6F782FF70
:10E368002079F6F77FFFA079F6F77CFFA368052BE5
:10E3780011D8DFE803F0192F455B71034B4BD3F835
:10E38800F42042F02002C3F8F420D3F8F43003F06C
:10E3980020030593059B2046FFF77CFE012801D04A
:10E3A80006B010BDFFBEFEE7404B00222320D3F885
:10E3B800F01041F48051C3F8F0101146D3F8F03052
:10E3C80003F480530093009BF7F768FE2320F7F7C8
:10E3D800A3FEE0E7354B00222420D3F8E81041F4EF
:10E3E8008041C3F8E8101146D3F8E83003F48043BD
:10E3F8000193019BF7F752FE2420F7F78DFECAE739
:10E408002A4B00223320D3F8E81041F40041C3F826
:10E41800E8101146D3F8E83003F400430293029B56
:10E42800F7F73CFE3320F7F777FEB4E71F4B0022DF
:10E438005420D3F8F01041F40051C3F8F0101146FD
:10E44800D3F8F03003F400530393039BF7F726FE49
:10E458005420F7F761FE9EE7144B00225520D3F8AD
:10E46800F01041F48011C3F8F0101146D3F8F030E1
:10E4780003F480130493049BF7F710FE5520F7F775
:10E488004BFE88E700235DE701235BE7022359E79A
:10E49800032357E7042355E700231B78FFDE00BF5B
:10E4A8000030014000140058741A00240044025837
:10E4B8002DE9F043002289B01B4B01210DF1040C1A
:10E4C8009E461A4B0791E146E04667460EF11C0648
:10E4D8000EF138050EF15404CDE90122CDE90322ED
:10E4E800CDE90522FF221A70BCE80F00AEE80F0044
:10E4F8009CE807008EE80700B9E80F000FC69CE803
:10E50800070086E80700B8E80F000FC59CE8070079
:10E5180085E807000FCF0FC49CE8070084E80700D0
:10E5280009B0BDE8F08300BFC0010024982400248E
:10E53800014802F05DB800BF9C1A0024014802F0AF
:10E5480057B800BF3C1C0024014802F051B800BF76
:10E55800DC1D0024014802F04BB800BF7C1F0024DA
:10E56800014802F045B800BF1C21002410B5EFF3A4
:10E57800108472B6084B1A78120602D504B962B62E
:10E5880010BD1B784FF4D07204485BB202FB030045
:10E59800B030F8F793FDF1E798240024741A0024AA
:10E5A80010B5EFF3108472B6094B1A78120602D52B
:10E5B80004B962B610BD1B784FF4D07205485BB23F
:10E5C80002FB030000F59470F8F778FDF0E700BF50
:10E5D80098240024741A00242DE9F04184B0EFF344
:10E5E800108772B6284AFF21284C1368217023B17E
:10E5F80000211160264A1068984723781B061CD50D
:10E60800DFF894800025234E4446216879B162687A
:10E618006AB1A369012B22D0A3B96369304601937B
:10E6280023690093E3682289FFF76AFC18B3013570
:10E638001C3406F5D076042DE7D107B962B604B0CC
:10E64800BDE8F081D4E90430CDE90130E0682389E0
:10E6580000903046FFF7B8FC0028E8D10BE0D4E979
:10E6680004301146CDE900303046E3682289FFF7CF
:10E67800E3FB0028DBD1C5EBC50508EB850348F8AB
:10E6880025005860D9E700BF94240024982400246A
:10E698009C240024741A0024C00100242DE9F041B0
:10E6A80084B0EFF3108772B6284AFF21284C13680C
:10E6B800217023B100211160264A106898472378F9
:10E6C8001B061CD5DFF894800025234E444621689C
:10E6D80079B162686AB1A369012B22D0A3B96369D1
:10E6E8003046019323690093E3682289FFF708FC09
:10E6F80018B301351C3406F5D076042DE7D107B9D7
:10E7080062B604B0BDE8F081D4E90430CDE9013047
:10E71800E068238900903046FFF756FC0028E8D1CE
:10E728000BE0D4E904301146CDE900303046E36807
:10E738002289FFF781FB0028DBD1C5EBC50508EB73
:10E74800850348F825005860D9E700BF94240024C1
:10E75800982400249C240024741A0024C001002456
:10E768002DE9F04184B0EFF3108772B6284AFF21F3
:10E77800284C1368217023B100211160264A1068C3
:10E78800984723781B061CD5DFF894800025234E74
:10E798004446216879B162686AB1A369012B22D025
:10E7A800A3B963693046019323690093E36822891A
:10E7B800FFF7A6FB18B301351C3406F5D076042DF7
:10E7C800E7D107B962B604B0BDE8F081D4E90430F6
:10E7D800CDE90130E068238900903046FFF7F4FB6B
:10E7E8000028E8D10BE0D4E904301146CDE9003027
:10E7F8003046E3682289FFF71FFB0028DBD1C5EB11
:10E80800C50508EB850348F825005860D9E700BF1F
:10E8180094240024982400249C240024741A00249E
:10E82800C00100242DE9F04184B0EFF3108772B6DF
:10E8380001F0D2FA284A294CFF21136821702BB124
:10E84800002111600121264A1068984723781B0689
:10E858001CD5DFF894800025224E4446216879B102
:10E8680062686AB1A369012B22D0A3B963693046F3
:10E87800019323690093E3682289FFF741FB18B3EA
:10E8880001351C3406F5D076042DE7D107B962B6F8
:10E8980004B0BDE8F081D4E90430CDE90130E06886
:10E8A800238900903046FFF78FFB0028E8D10BE062
:10E8B800D4E904301146CDE900303046E3682289B6
:10E8C800FFF7BAFA0028DBD1C5EBC50508EB8503CD
:10E8D80048F825005860D9E7942400249824002497
:10E8E8009C240024741A0024C001002430B4544B22
:10E8F800002108220220534CD9615862C3F8BC1188
:10E90800C3F8C401C3F85C13C3F86403C3F8F42460
:10E91800C3F8F814C3F8FC14C3F80405C3F8942624
:10E92800C3F89816C3F89C16C3F8A406C3F834288D
:10E93800C3F83818C3F83C18C3F84408424D434894
:10E94800C3E90521C3E96D21C3E9D5212288A3784C
:10E958003F49EA80CA800B723E492B72CA800B720B
:10E968002168A0F803204371C28003723A4C3B48E7
:10E97800E2802372A0F80320394C4371C2800372ED
:10E988003848E2802372A0F80320374C4371C280D4
:10E998000372080C2180A070A4F803206371E28040
:10E9A8002372324C324D2180A070A4F80320637189
:10E9B800E28023722F4CEA8021802B72A070A4F889
:10E9C80003206371E28023722B4C2180A070A4F88D
:10E9D80003206371E2802372284C2180A070A4F880
:10E9E80003206371E2802372254C2180A070A4F873
:10E9F80003206371E2802372224C2180A070A4F866
:10EA080003206371E28023721F4C21801F49A0708C
:10EA1800A4F803201E486371E2802372A1F8032042
:10EA28001C4C4B71CA800B721B49E2802372C28056
:10EA38000372A1F803204B71CA800B7230BC704777
:10EA4800741A00246C300108480100246C01002469
:10EA58003C010024000100245401002490010024FA
:10EA68007801002418010024642400244C24002484
:10EA780084010024582400243424002488240024F9
:10EA8800702400247C24002440240024B4010024A1
:10EA9800A80100249C01002424010024714A036871
:10EAA80011698B4200B587B04BD0916E8B4200F054
:10EAB800B680D2F8C0108B4200F0B380D2F818119B
:10EAC8008B4200F0B080B3F1804F1ED0664A93426B
:10EAD8000DD0664A934200F0A880654A934200F040
:10EAE800B280644A93421ED007B05DF804FB624BC3
:10EAF800D3F8E82042F00202C3F8E820D3F8E8305F
:10EB080003F002030293029BEEE75B4BD3F8E82085
:10EB180042F00102C3F8E820D3F8E83003F001031B
:10EB28000193019BE0E7544BD3F8E82042F0100230
:10EB3800C3F8E820D3F8E83003F010030593059BE9
:10EB4800D2E700205821B3F1804F01FB0022127B4D
:10EB58001ED045498B4235D044498B4248D0444960
:10EB68008B42BED1444BD3F8E81041F00801C3F8FA
:10EB7800E810D3F8E83003F008030493049B002A54
:10EB8800B2D0322000220F21F7F788FA322014E0A1
:10EB9800394BD3F8E81041F00101C3F8E810D3F875
:10EBA800E83003F001030193019B002A9CD01C204C
:10EBB80000220F21F7F772FA1C2007B05DF804EB6A
:10EBC800F7F7AABA2C4BD3F8E81041F00201C3F8C2
:10EBD800E810D3F8E83003F002030293029B002AFE
:10EBE80082D01D2000220F21F7F758FA1D20E4E7F4
:10EBF800214BD3F8E81041F00401C3F8E810D3F82A
:10EC0800E83003F004030393039B002A3FF46CAF3E
:10EC18001E2000220F21F7F741FA1E20CDE7012020
:10EC280090E702208EE703208CE7134BD3F8E82007
:10EC380042F00402C3F8E820D3F8E83003F00403F4
:10EC48000393039B50E70C4BD3F8E82042F00802EB
:10EC5800C3F8E820D3F8E83003F008030493049BD2
:10EC680042E700BFA0240024000400400008004040
:10EC7800000C004000100040004402580F4B02688E
:10EC880019698A420BD0996E8A4211D0D3F8C01004
:10EC98008A420FD0D3F818118A420DD0704700214C
:10ECA800582202FB01331A6D002AF7D0586D10471D
:10ECB8000121F5E70221F3E70321F1E7A02400246D
:10ECC8000148FDF767BC00BFB02400240148FDF7E8
:10ECD80061BC00BF082500240148FDF75BBC00BFEC
:10ECE800602500240148FDF755BC00BFB825002465
:10ECF800F0B54FF0580C0F682E4D8DB00CFB07FC8B
:10ED0800032F05EB0C06066047DC0B460868344603
:10ED180049689A6807C41B7B237004AC7268264B49
:10ED2800002A4FF00002726118BF1022B2610FCBA7
:10ED380084E80F000CAB03EB870353F8203CB3F1D6
:10ED4800804F336124D01D4A934221D030890CF181
:10ED5800100458230021802203FB07532C44C3E9E5
:10ED680007019A622046FDF77FFA034600B1FEE7E5
:10ED78004FF4805208A92046099301930892CDE9DF
:10ED88000A33CDE90233FDF73FFB034640B1FEE706
:10ED9800582303FB07539868D9E701200DB0F0BD4D
:10EDA80001A9204601930393FDF7ACFC0028F5D098
:10EDB800FEE700BFA02400246C2F0108000C0040CF
:10EDC800006808B5037B10302BB1FDF707FB00384E
:10EDD80018BF012008BDFDF7E7FA003818BF012069
:10EDE80008BD00BF0C4B00224FF0FF311A73996029
:10EDF800196683F86420C3F8B81083F8BC20C3F8F8
:10EE0800101183F81421C3E90022C3E91622C3E9CB
:10EE18002C22C3E942227047A02400241F4BC1685A
:10EE28000268F0B5D3F88C5083B00369ADB24D1BBE
:10EE3800A2B1AB4212D00446866811D2F018E91A82
:10EE4800CDE9001000F040FF0023DDE90010D4E90F
:10EE58000062B047E3682561AB421BD003B0F0BD48
:10EE6800F018C91ACDE9000100F02EFF0023DDE9F2
:10EE78000001D4E90072B8473046294600F024FF63
:10EE880000233046626829462668B047E368256152
:10EE9800AB42E3D10023236103B0F0BD0000024080
:10EEA8002DE9F84F04460F4690461E4600F13405FA
:10EEB800284601F0E3FE2028FAD14FF480630020B1
:10EEC800C4F8D030C4F848314FF44033C4F8CC000B
:10EED800C4F8E030C4F858314E4BC4F8DC00C4F82C
:10EEE800C03003F57A73C4F8E400C4F8383140231D
:10EEF800C4F8C800C4F84031E369C4F84401C4F850
:10EF08005401C4F85C01C4E93500C4E95300072B77
:10EF18000BD8DFE803F061535A373E454C045123C0
:10EF2800C4F8C4305223C4F83C3104F59C794846EF
:10EF3800F7F73EFC08B1FFBEFEE7C4F8A890C4F896
:10EF48007051EFF3108972B6DFF8D0B094F91C3025
:10EF5800DFF8CCA08BF800300A9B2F4CCAF80030A1
:10EF68000B9B23600EB11846B0471FFA88F239464A
:10EF7800284601F06DFCB0BBB9F1000F00D162B6B4
:10EF8800BDE8F88F3F23C4F8C4304023C4F83C31AF
:10EF9800CBE74123C4F8C4304223C4F83C31C4E76A
:10EFA8004723C4F8C4304823C4F83C31BDE74F2395
:10EFB800C4F8C4305023C4F83C31B6E72B23C4F856
:10EFC800C4302C23C4F83C31AFE72D23C4F8C43037
:10EFD8002E23C4F83C31A8E72923C4F8C4302A23D7
:10EFE800C4F83C31A1E7FF238BF800300023CAF8AE
:10EFF800003023600A9B3BB10B9801219847012000
:10F00800B9F1000FBCD1BAE70120B9F1000FB7D1AF
:10F01800B5E700BF880002403835002434350024A5
:10F02800303500242DE9F84F04460F4690461E4619
:10F0380000F13405284601F021FE2028FAD14FF4CA
:10F0480080630020C4F8D030C4F848314FF440330E
:10F05800C4F8CC00C4F8E030C4F858314E4BC4F8BA
:10F06800DC00C4F8C03003F57A73C4F8E400C4F8CF
:10F0780038314023C4F8C800C4F84031E369C4F803
:10F088004401C4F85401C4F85C01C4E93500C4E97A
:10F098005300072B0BD8DFE803F061535A373E457E
:10F0A8004C045123C4F8C4305223C4F83C3104F151
:10F0B800C0094846F7F77CFB08B1FFBEFEE7C4F875
:10F0C800AC90C4F8F850EFF3108972B6DFF8D0B0FE
:10F0D80094F91C30DFF8CCA08BF800300A9B2F4C39
:10F0E800CAF800300B9B23600EB11846B0471FFAD0
:10F0F80088F23946284601F0FDFBB0BBB9F1000F94
:10F1080000D162B6BDE8F88F3F23C4F8C43040236D
:10F11800C4F83C31CBE74123C4F8C4304223C4F8D7
:10F128003C31C4E74723C4F8C4304823C4F83C3111
:10F13800BDE74F23C4F8C4305023C4F83C31B6E7C8
:10F148002B23C4F8C4302C23C4F83C31AFE72D235B
:10F15800C4F8C4302E23C4F83C31A8E72923C4F8E6
:10F16800C4302A23C4F83C31A1E7FF238BF80030D0
:10F178000023CAF8003023600A9B3BB10B98012199
:10F1880098470120B9F1000FBCD1BAE70120B9F1C5
:10F19800000FB7D1B5E700BF88000240383500241A
:10F1A80034350024303500242DE9F0410D4682B075
:10F1B800EFF3108772B6002948D1FF23254A264C61
:10F1C800237013682BB1002029461060234A106869
:10F1D800984723781B0625D5DFF888800025204E20
:10F1E800444605E001351C3406F5D876092D19D0BA
:10F1F800A369012B1BD0002BF4D1216830460029CC
:10F20800F0D06369019323690093E3682289FFF7CB
:10F2180009FF0028E6D1C5EBC50508EB850348F8CA
:10F228002500586007B962B602B0BDE8F081616890
:10F238000029D7D063693046019323690093E368B6
:10F248002289FFF72DFE0028CCD1E4E703F012F85D
:10F25800B3E700BF303500243435002438350024A6
:10F268000026002430020024F0B5002387B00222D3
:10F2780004460493CDE90223027EC3690B2A4FEAB0
:10F28800430523D1A27E0B2A02D1002007B0F0BD8E
:10F2980048496B1C484851F823304578017818785C
:10F2A800E67E884269D0824277D0D87803F1030C91
:10F2B80081426ED0824278D0987903F1060C884258
:10F2C8006FD0824233D0012007B0F0BD394B3A48A5
:10F2D80053F8253001784678187894F819C0814297
:10F2E8003DD0824241D0D87803F1030E814240D00C
:10F2F80082424AD0987903F1060E884241D0824270
:10F30800E1D1DB796345DED1734604F118069B78B9
:10F3180030460593F5F796FF034630461E46F5F747
:10F3280099FF01A901903046F8F71AFAAAE7DB79A4
:10F33800B342C8D163461A349B7820460593F5F743
:10F3480081FF034620461C46F5F784FF034601A9C2
:10F3580020460193F8F704FA002007B0F0BD93F8AF
:10F3680001E0B645BFD08242BDD158786045BAD1D8
:10F37800CBE71F79B742BBD1BCE75F78AF4292D1E8
:10F3880093E7D979B142BAD19DE718796045B1D1EF
:10F39800BAE71F79AF428DD18EE75878B04284D151
:10F3A800C9E7D979A9428CD18DE71879B04283D1C0
:10F3B800C0E700BF48030024440300247E4A0368D2
:10F3C8009342F0B58FB000F0E380A2F54C4293422F
:10F3D80000F0E08002F58062934200F0DD8002F5E3
:10F3E8008062934200F0DA8002F58062934200F076
:10F3F800D98002F54442934200F0D280A2F51C4223
:10F40800934200F0D18002F58062934200F0CE80F2
:10F418006A4A934240F0CC800826694D4FF4D8746C
:10F4280004FB0654A07EF5F71DFF207EF5F71AFFB2
:10F43800E369082B13D8DFE803F03B49576573816C
:10F448008F9D05005F4BD3F8F42042F00802C3F803
:10F45800F420D3F8F43003F008030893089B2046FF
:10F46800FFF702FF012801D1FFBEFEE74FF4D87471
:10F478000EAA554F0DF1240C04FB0654E36902EB68
:10F4880043050FCFACE80F003B680022ACF8003012
:10F49800114635F9140CF6F701FEE3690EAA02EBE2
:10F4A800430333F9140C0FB0BDE8F040F6F734BE4F
:10F4B800444BD3F8F02042F01002C3F8F020D3F800
:10F4C800F03003F010030093009BC8E73D4BD3F8DE
:10F4D800E82042F40032C3F8E820D3F8E83003F417
:10F4E80000330193019BBAE7364BD3F8E82042F486
:10F4F8008022C3F8E820D3F8E83003F4802302938D
:10F50800029BACE72F4BD3F8E82042F40022C3F863
:10F51800E820D3F8E83003F400230393039B9EE725
:10F52800284BD3F8E82042F48012C3F8E820D3F837
:10F53800E83003F480130493049B90E7214BD3F83D
:10F54800F02042F02002C3F8F020D3F8F03003F0A6
:10F5580020030593059B82E71A4BD3F8E82042F075
:10F568008042C3F8E820D3F8E83003F080430693DC
:10F57800069B74E7134BD3F8E82042F00042C3F827
:10F58800E820D3F8E83003F000430793079B66E7C9
:10F59800002642E7012640E702263EE703263CE72D
:10F5A80005263AE7042638E7062636E7072634E72D
:10F5B80000239B7EFFDE00BF00100140000C0058B6
:10F5C80000260024004402587C2F01082DE9F04F42
:10F5D80091B0002301223A490DF1240A09938B4680
:10F5E80001F11C09CAF814305446CDF800A001F105
:10F5F8003808CDF804A001F15407CDF808A001F1AE
:10F608007006CDF80CA001F18C05CDF814A001F11D
:10F61800C40E01F1E00CCAE90133CAE903330F92C1
:10F62800FF22284B1A7001F1A803CDE906AA04931A
:10F63800BAE80F00ABE80F009AE807008BE807006C
:10F648000FCC009CA9E80F009AE8070089E807009A
:10F658000FCC019CA8E80F009AE8070088E807008B
:10F668000FCC029C0FC79AE8070087E807000FCC69
:10F67800039C0FC69AE8070086E807000FCC0FC561
:10F688009AE80700059C85E807000FCC049C0FC486
:10F698009AE8070084E80700069C0FCCAEE80F0044
:10F6A8009AE80700079C8EE807000FCCACE80F002B
:10F6B8009AE807008CE8070011B0BDE8F08F00BF9A
:10F6C800300200243435002410B5094C04F134000C
:10F6D80001F0E2F9237D1BB1636BDB69DB0600D423
:10F6E80010BD2046FFF79AFB636B10221A6210BD0B
:10F6F8000026002410B50B4C04F5F27001F0CCF98B
:10F7080094F8C43123B1D4F8E431DB69DB0600D4C2
:10F7180010BD04F5D870FFF781FBD4F8E43110224E
:10F728001A6210BD0026002410B50B4C04F5657054
:10F7380001F0B2F994F8743323B1D4F89433DB6947
:10F74800DB0600D410BD04F55870FFF767FBD4F84A
:10F75800943310221A6210BD0026002410B50B4CF9
:10F7680004F2445001F098F994F8243523B1D4F800
:10F778004435DB69DB0600D410BD04F5A260FFF751
:10F788004DFBD4F8443510221A6210BD002600241F
:10F7980010B50B4C04F2F46001F07EF994F8D436FD
:10F7A80023B1D4F8F436DB69DB0600D410BD04F5C8
:10F7B800D860FFF733FBD4F8F43610221A6210BD74
:10F7C8000026002410B50B4C04F6A40001F064F9DF
:10F7D80094F8843823B1D4F8A438DB69DB0600D464
:10F7E80010BD04F50760FFF719FBD4F8A438102200
:10F7F8001A6210BD0026002410B50B4C04F65420E4
:10F8080001F04AF994F8343A23B1D4F8543ADB6950
:10F81800DB0600D410BD04F52260FFF7FFFAD4F828
:10F82800543A10221A6210BD0026002410B50B4C61
:10F8380004F6044001F030F994F8E43B23B1D4F81D
:10F84800043CDB69DB0600D410BD04F53D60FFF71E
:10F85800E5FAD4F8043C10221A6210BD00260024F0
:10F8680010B50B4C04F6B45001F016F994F8943D19
:10F8780023B1D4F8B43DDB69DB0600D410BD04F530
:10F888005860FFF7CBFAD4F8B43D10221A6210BDC5
:10F898000026002410B5EFF3108472B6084B1A78CE
:10F8A800120602D504B962B610BD1B784FF4D8729F
:10F8B80004485BB202FB0300C030F7F7FFFBF1E737
:10F8C800343500240026002410B5EFF3108472B6F6
:10F8D800094B1A78120602D504B962B610BD1B7816
:10F8E8004FF4D87205485BB202FB030000F59C7028
:10F8F800F7F7E4FBF0E700BF3435002400260024C6
:10F908000021FFF751BC00BF214A036893422BD066
:10F91800A2F54C42934229D002F58062934227D047
:10F9280002F58062934225D002F58062934223D08B
:10F9380002F54442934221D0A2F51C4293421FD0C3
:10F9480002F5806293421DD0124A93421CD10822CC
:10F958004FF4D871104B01FB0233197D11B11846D1
:10F96800FFF75CBAFFF720BC0022F1E70122EFE7BE
:10F978000222EDE70322EBE70422E9E70522E7E7A5
:10F988000622E5E70722E3E700231B7DFFDE00BF31
:10F9980000100140000C005800260024204A03688B
:10F9A800934229D0A2F54C42934227D002F58062B7
:10F9B800934225D002F58062934223D002F58062FB
:10F9C800934221D002F5444293421FD0A2F51C4233
:10F9D80093421DD002F5806293421BD0114A934294
:10F9E8001AD1082310484FF4D87202FB0300037D94
:10F9F80003B97047FFF712BA0023F3E70123F1E7D1
:10FA08000223EFE70323EDE70423EBE70523E9E708
:10FA18000623E7E70723E5E700231B7DFFDE00BF9A
:10FA280000100140000C0058002600240121FFF7B7
:10FA3800BBBB00BF534B0122002047F6122130B454
:10FA4800C3E97420C3E97721C3E9E020C3E9E321CE
:10FA58001A62DA6258621963C3F83025C3F83405AC
:10FA6800C3F83C25C3F84015C3F8E026C3F8E406FC
:10FA7800C3F8EC26C3F8F016C3F89028C3F8940826
:10FA8800C3F89C28C3F8A018C3F8402AC3F8440A4E
:10FA9800C3F84C2AC3F8501AC3F8F02BC3F8F40B78
:10FAA800C3F8FC2BC3F8001CC3F8A40D3648C3F8F0
:10FAB800A02DC3F8AC2DC3F8B01D02888378334954
:10FAC8000068334CCA804FEA104C0B723149E2800F
:10FAD8002372A1F80320A4F8032063714B712E4C04
:10FAE800CA800B722D492E4DE2802372A1F80320A3
:10FAF800A4F8032063714B712A4CCA800B722A49FF
:10FB0800EA8008802B7281F802C0E2802372A1F893
:10FB180003204B71CA800B722449A1F803204B7152
:10FB2800CA800B722249A1F803204B71CA800B725C
:10FB38002049088081F802C0A1F803204B71CA80CF
:10FB48000B721D49088081F802C0A1F803204B718F
:10FB5800CA800B721949088081F802C01848A1F8B8
:10FB680003204B71CA800B721649A0F80320437119
:10FB7800C2800372A1F803204B71CA800B7230BC9B
:10FB8800704700BF0026002444030024CC0300244F
:10FB9800F0030024E403002408040024FC030024E8
:10FBA800D8030024B403002460350024140400247E
:10FBB800C00300243C350024543500244835002473
:10FBC800380300242C0300243E4B00220B2011464E
:10FBD80010B5D3F8D84082B044F00104C3F8D84037
:10FBE800D3F8D84004F001040094009CD3F8D8401E
:10FBF80044F00204C3F8D840D3F8D83003F0020325
:10FC08000193019BF6F74AFA0B20F6F785FA0022D2
:10FC18000C201146F6F742FA0C20F6F77DFA00227E
:10FC28000D201146F6F73AFA0D20F6F775FA00227C
:10FC38000E201146F6F732FA0E20F6F76DFA00227A
:10FC48000F201146F6F72AFA0F20F6F765FA002278
:10FC580010201146F6F722FA1020F6F75DFA002276
:10FC68003C201146F6F71AFA3C20F6F755FA00221E
:10FC780011201146F6F712FA1120F6F74DFA002274
:10FC880038201146F6F70AFA3820F6F745FA002226
:10FC980039201146F6F702FA3920F6F73DFA002224
:10FCA8003A201146F6F7FAF93A20F6F735FA002223
:10FCB8003B201146F6F7F2F93B2002B0BDE81040B0
:10FCC800F6F72ABA0044025820F01F002031BFF38B
:10FCD8004F8F002907DD064A0144C2F85C02203034
:10FCE8000B1A002BF9DCBFF34F8FBFF36F8F7047F0
:10FCF80000ED00E0034688B190F83D20022A03D0C9
:10FD0800802201209A66704702680421002083F847
:10FD18003D10D36823F00103D3607047012070477A
:10FD280003682C495A6910B49C6944F008049C6122
:10FD38009C6944F010049C611C6824F001041C6058
:10FD48001C6921401961996821F44041996090F833
:10FD58008110042901D0910630D490F8811003292C
:10FD680001D054061FD4910509D5D0F8841041F06C
:10FD78000101C0F88410996941F400719961D205B4
:10FD880009D5D0F8842042F00802C0F884209A6986
:10FD980042F480729A6100235DF8044BA0F8623047
:10FDA800A0F86A307047D0F8841041F00401C0F818
:10FDB8008410996941F040019961D4E7D0F8841022
:10FDC80041F08001C0F88410996941F020019961DF
:10FDD800C3E700BF90FCFFFF002800F0A480026882
:10FDE8000021F8B5514B044681629A4216D0A3F51A
:10FDF80078439A4212D003F58063C0689A4200F0B3
:10FE08008A800F2808D8E16B00F108034D09DB0848
:10FE180005FB0333082B15D90120F8BDE068E16B19
:10FE280000F10803414E4D09DB0805FB0333404D43
:10FE3800AA4218BFB24203D005F58065AA4201D193
:10FE4800102BE9D894F8813003F0FF05002B58D027
:10FE5800002702236568A66B84F88130136823F0B5
:10FE680001031360A369B3F1806F3ED03943676B18
:10FE78003B43676A3B4327693B4367693B43276AC0
:10FE88003B43E76C3B43A7683B43A76C3B43A76DE9
:10FE98003B432B433343E669314308439060D360C7
:10FEA800B5B9936823F4C05343F40063936093682F
:10FEB80023F4C06343F480639360136D23F001035C
:10FEC800136500200123C4F8840084F88130F8BD4C
:10FED800136D23F0010313656B02F2D5D368616DCE
:10FEE80023F000430B43D360EBE7B5F5800FBDD19A
:10FEF800002EBBD1D2F800C04CF4805CC2F800C020
:10FF0800B4E7204684F88050FEF7FEF92268A76A15
:10FF1800E16BE0689DE7E16B00F108034D09DB0840
:10FF280005FB03338CE70120704700BF0030014018
:10FF380000380040F8B590F88030012B00F08C8034
:10FF480090F88130154601220446DEB2934280F8CB
:10FF580080206AD1002963D0B5FA85F35B09002DAA
:10FF68005ED003224366A0F8683080F88120C0F88C
:10FF78008430A0F86250A0F86A30C165A0F86050DB
:10FF8800C0E91C338368B3F5C02F04D10268136835
:10FF980043F400631360E368A06F0F2B4BD98369A8
:10FFA800B3F5804F3CD122683A4B3B4F2032036473
:10FFB80052F8183CC763394F23F40043C76400273D
:10FFC800076542F8183CB4F862309BB2F6F7AEFD0C
:10FFD800002844D1A36F324ADB69B3F5807F2368D8
:10FFE800596802EA010218BF2A435A609A68616890
:08FFF80042F40042B1F5800F54
:020000040801F1
:100000009A601A6942F448721A611A6842F0010251
:100010001A6003D11A6842F400721A6000231E4667
:1000200084F880303046F8BD002384F880303046B4
:10003000F8BD0023022680F880303046F8BD072B3B
:1000400083691AD8B3F5005F20D0B3F5804FAED1E5
:10005000B4F862309BB203339B08A4F86230A6E781
:1000600002263046F8BDD4F88430012243F0100354
:10007000C4F8843084F88120D9E7B3F5804F05D0E7
:10008000B3F5005FD0D1B3F5804F90D1B4F86230B2
:100090009BB201335B08A4F8623088E7F5040108DD
:1000A00079040108210501080000FFFF70B51D4615
:1000B00090F88030012B00F0B9800123044680F8CD
:1000C000803090F881304068DBB2B0F5800F7DD091
:1000D000012B40F08580002D18BF002A71D0002927
:1000E0006FD094F88130042B02D0052384F881303E
:1000F0000023E1652168C4F88430A4F86250A4F8B4
:100100006A50A4F860506266A4F86850C4E91C33D1
:100110008B6823F440438B60E3680F2B65D9E06F55
:100120008369B3F5804F4CD194F88130042B00F0F3
:100130008A805E4B03645E4BC3635E4E3031B4F81D
:100140006A30C66400269BB20665F6F7F3FC002809
:100150006ED12268A16F9368203243F4804342F845
:10016000183CB4F86230C1E90F00C1E913009BB23A
:100170000846E16DF6F7DEFC002859D1A36FDB6974
:10018000B3F5807F236863D059684B4A0A402A43FD
:100190005A609A68616842F40042B1F5800F9A6033
:1001A0001A6942F458721A611A6842F001021A6020
:1001B00003D11A6842F400721A60002384F8803078
:1001C00070BD0023012084F8803070BDA068002835
:1001D0007FF47EAF042B3FF47EAF012B3FF47BAF67
:1001E0000023022084F8803070BD072B35D8A36F20
:1001F0009B69B3F5005F50D0B3F5804F06D1B4F8DA
:1002000062309BB203339B08A4F86230E06F8369CD
:10021000B3F5005F39D0B3F5804F85D1B4F86A30BB
:100220009BB203339B08A4F86A307DE7022070BDBF
:10023000D4F88430012243F010031046C4F884300F
:1002400084F8812070BD1D4B03641D4BC36374E7AC
:100250005968194A0A405A609BE7E06F8369B3F511
:10026000005F02D0B3F5804FABD1A66FB669B6F58B
:10027000804F06D1B4F86260B6B201367608A4F8B1
:100280006260B3F5804F7FF44FAFB4F86A309BB231
:1002900001335B08A4F86A3046E7B4F862309BB2D9
:1002A00001335B08A4F86230B0E700BF1505010810
:1002B000C9040108210501080000FFFF0505010828
:1002C000A10401082DE9F0411546826804460E4656
:1002D00022B94368B3F5800F00F0958094F8803020
:1002E000012B00F09980012384F8803094F881304C
:1002F000012BDFB269D1002E61D0B5FA85F35B091D
:10030000002D5CD00421B2F5C02F666684F8811000
:10031000A4F86850C4F88430A4F86030A4F86A5097
:10032000A4F86230C4E91C3304D12268136823F4B2
:1003300000631360E3680F2B4ED9E06F8369B3F558
:10034000804F3CD121688B6823F480438B60324618
:10035000454EB4F86A3030310664444E9BB2C663F1
:10036000434EC66400260665F6F7E4FB002857D125
:10037000E36F404ADB69B3F5807F2368596802EA7E
:10038000010218BF2A435A609A68616842F48042A9
:10039000B1F5800F9A601A6942F450721A611A68B6
:1003A00042F001021A6003D11A6842F400721A6026
:1003B00000231F4684F880303846BDE8F0810023D2
:1003C00084F880303846BDE8F0810023022784F8A5
:1003D00080303846BDE8F081072B2BD82168E06FCC
:1003E0008B6823F480438B608369B3F5005F32D060
:1003F000B3F5804FABD1B4F86A309BB203339B089E
:10040000A4F86A30A3E72B4604250A4680F88150F9
:10041000BDE8F041FFF74ABE02273846BDE8F0814B
:10042000D4F88430012243F01003C4F8843084F8F7
:100430008120C7E7E06F8269B2F5804F02D0B2F544
:10044000005FBCD12168B2F5804F8B6823F48043F4
:100450008B607FF47CAFB4F86A309BB201335B08E9
:10046000A4F86A3073E700BF05050108A10401087C
:10047000210501080000FFFF806B08B590F881306E
:10048000072B09D0836FDB69B3F5807F05D0026845
:10049000136943F00803136108BDFEF7A1F808BD16
:1004A000806B08B590F88130072B09D0C36FDB69EA
:1004B000B3F5807F05D00268136943F00803136128
:1004C00008BDFEF7EFF808BD806B08B590F88130E5
:1004D000072B09D0836FDB69B3F5807F05D00268F5
:1004E000136943F00803136108BDFEF73DF908BD29
:1004F000704700BF806B08B5FFF7FAFF08BD00BF6B
:10050000704700BF806B08B5FFF7FAFF08BD00BF5A
:10051000704700BF806B08B5FFF7FAFF08BD00BF4A
:1005200010B5846BF7F71EF9022800D110BD2368BF
:1005300030495A69986940F008009861986940F01C
:1005400010009861186820F00100186018690140D7
:100550001961996821F44041996094F88110042947
:1005600001D091063AD494F88110032901D05006A5
:1005700029D4910509D5D4F8841041F00101C4F8BB
:100580008410996941F400719961D20509D5D4F8B4
:10059000842042F00802C4F884209A6942F48072F0
:1005A0009A61002301222046A4F86230A4F86A3040
:1005B000D4F8843043F01003C4F8843084F88120E8
:1005C000FEF734F910BDD4F8841041F00401C4F8EA
:1005D0008410996941F040019961CAE7D4F8841008
:1005E00041F08001C4F88410996941F020019961BB
:1005F000B9E700BF90FCFFFF036819695A692DE94C
:10060000F04101EA02059F68044690F8816005F018
:10061000640CBCF1040F2FD005F04500012834D044
:1006200005F02600022800F0DF80280770D59A69BF
:1006300017F4404FF6B242F008029A619A6942F00C
:1006400010029A619A6942F400629A611A6922F072
:1006500008021A6123D0042E00F0DE80A26FD26956
:10066000EAB1032E50D0E26FD269C2B1052E14D187
:100670002046FEF779F810E0436F9847236F204635
:10068000984705F04503012B02D1236F2046984778
:1006900005F02605022D00F0A780BDE8F0819A68DC
:1006A00012F4404F1FD1B4F86A2092B2DAB1626EF0
:1006B0000EE01B6B42F8043B6266B4F86A30013B03
:1006C0009BB2A4F86A30B4F86A309BB25BB123687D
:1006D000E1680F29EDD8072940F292801B8E22F89D
:1006E000023B6266E9E72046FFF71EFB012384F820
:1006F0008130D4F88430002B7FD1052EB8D0042E61
:1007000000F08F80032EC8D12046FDF769FFC4E7B3
:10071000100501D50A077AD415F4587FBDD06E06AE
:1007200009D5D4F8842042F00402C4F884209A69E0
:1007300042F040029A61A80509D5D4F8842042F01D
:100740000102C4F884209A6942F400729A61E905B2
:1007500009D5D4F8842042F00802C4F884209A69AC
:1007600042F480729A61AA0609D5D4F8842042F036
:100770008002C4F884209A6942F020029A61D4F879
:100780008420002A89D0196807F44047274A21F0BD
:100790000101B7F5404F1960196902EA01021A61B7
:1007A00027D19A68E06F22F440429A6050B1204B02
:1007B0000365F6F7EDFB28B1D4F8843043F040032D
:1007C000C4F88430A06F00283FF467AF184B03656E
:1007D000F6F7DEFB00283FF460AFD4F8843043F036
:1007E0004003C4F8843058E7636F2046BDE8F04109
:1007F00018470123204684F88130FEF717F84CE7AC
:1008000093F830301370626E0132626655E79A6970
:1008100042F400629A6140E7E26FD269002A3FF435
:100820003EAF2046FDF73EFF37E700BF94FCFFFFD9
:100830003508010808B5806B00230122A0F86A3052
:10084000A0F8623080F88120FDF7F0FF08BD00BFFE
:1008500090F88100704700BFF8B5D0F88070202F65
:1008600044D1002940D0B2FA82F67609002A3BD062
:10087000044690F87C00012838D001252123606FC0
:10088000A4F856202165C4F88860A4F8542084F8A0
:100890007C50C4F88030D8B1DFF854C013462268C9
:1008A000C0F83CC0DFF84CC028320665C0F840C034
:1008B000DFF844C0C0F84CC0F6F73CF940B1102353
:1008C000284684F87C60C4F88830C4F88070F8BD8D
:1008D0002368002240211046196284F87C209A681F
:1008E00042F080029A60F8BD0120F8BD0220F8BDF8
:1008F000A9090108D9090108290A0108F8B5D0F8A1
:100900008470202F48D1002944D0B2FA82F67609AB
:10091000002A3FD090F87C300446012B3CD00125C2
:100920002223C0F888608165A0F85C2080F87C50A4
:10093000C0F88430806FE0B1DFF860C013460A462B
:100940002168C0F83CC0DFF858C024310665C0F803
:1009500040C0DFF850C0C0F84CC0F6F7EBF840B12B
:100960001023284684F87C60C4F88830C4F880706E
:10097000F8BD2368002084F87C001A6842F4807275
:100980001A609A6842F001029A609A6842F0400246
:100990009A60F8BD0120F8BD0220F8BDE509010804
:1009A0001D0A0108290A010808B5C369806BB3F55F
:1009B000807F0CD003680022A0F856209A6822F0AD
:1009C00080029A601A6842F040021A6008BDFEF781
:1009D0009BFF08BD704700BF806B08B5FFF7FAFFAB
:1009E00008BD00BF08B5C369806BB3F5807F12D026
:1009F000036800222021A0F85E201A6822F4807289
:100A00001A609A6822F001029A609A6822F0400205
:100A10009A60C0F88410FEF77BFF08BD806B08B5B4
:100A2000FEF7C0FF08BD00BF806B38B50368D0F883
:100A30008040D0F884109A68150601D5212C1DD06D
:100A40009A68520601D5222908D0D0F8883043F0A0
:100A50001003C0F88830FEF7EDFF38BD00240F4AC0
:100A60002025A0F85E40196821F4907119609968FA
:100A70000A409A60C0F88450C466E6E70022202449
:100A8000A0F856201A6822F0C0021A609A6822F470
:100A900000029A60C0F88040D2E700BFFEFFFFEF7F
:100AA0000268D36970B51E0715680446916800F0A6
:100AB00084806C4805F4907C08405CEA00061DD1F7
:100AC000D80202D54E0200F19D80180606D501F429
:100AD000000105F08000014340F08C805E0602D5E5
:100AE000680600F19B80190202D56A0000F1A3801C
:100AF000DB0102D5002DC0F2AA8070BDDE0709D54A
:100B0000EE0507D501261662D4F8886046F0010686
:100B1000C4F888609E0760D5CE0709D50226166204
:100B2000D4F8886046F00406C4F888605E0758D49C
:100B30001E070CD505F0200C5CEA000007D0082049
:100B40001062D4F8880040F00800C4F88800D4F897
:100B500088000028D1D09E0606D505F0200501F0BA
:100B6000805155EA01036BD1D4F88850936805F0A1
:100B7000080503F040031D436ED0116820203A4B56
:100B800021F49071116091680B4000219360C4F8CA
:100B900084009368E1665D063CD59368A06F23F0FE
:100BA00040039360002835D0304B0365F6F7F0F929
:100BB0000028A2D0A06F036D0CE09E0680D505F042
:100BC000200C01F0805E5CEA0E063FF479AFC36E44
:100BD000002B92D0BDE8704018475E07A8D5CE071D
:100BE000A6D504261662D4F8886046F00206C4F83A
:100BF00088609DE7236F002B3FF47FAF2046BDE860
:100C0000704018474FF4801320461362BDE87040CF
:100C100001F068BB2046FEF70DFF70BD1368202071
:100C2000002123F040031360C4F8800020462167B0
:100C3000FEF76AFE70BD2046BDE8704001F056BB6D
:100C4000E36E002B90D02046984722688CE7204620
:100C5000BDE8704001F048BB2046FEF7EBFEC4F84B
:100C6000885070BD01000010FEFFFFEF710C0108FD
:100C700008B5806B0023A0F85E30A0F85630FEF770
:100C8000D9FE08BDD0F88020D0F88400104370470A
:100C9000F0B58268044687B02368D0E904101D6867
:100CA0000A43616E0243E06902430A43A8492940AE
:100CB000A84D0A43E168AB421A605A6822F44052D8
:100CC00042EA0102A1695A6000F09D80226A9D6893
:100CD0001143A14A666A2A4011439960DA6A22F0F8
:100CE0000F023243DA629D4A934224D09C4A9342D7
:100CF00055D09C4A934200F02F829B4A934200F0C9
:100D00009B829A4A934200F0E980994A934200F00C
:100D10009D82984A934200F0D885974A934200F00A
:100D2000D682012500234FF0011228462367C4E92B
:100D30001A2307B0F0BD914B5B6D03F03803282BED
:100D4000EFD88F4AD55CB0F5004F33D0202D00F29C
:100D5000D981202D00F2B680DFE815F0A8017B01D3
:100D6000B400B4007201B400B400B4004901B4008E
:100D7000B400B400B400B400B400B4001C01B4006A
:100D8000B400B400B400B400B400B400B400B400C3
:100D9000B400B400B400B400B400B400CA00774B8F
:100DA0005B6D03F00703052BBBD8764AB0F5004F07
:100DB000D55CCBD1202D00F21482202D00F20082D0
:100DC000DFE815F08A035804FE01FE012804FE0145
:100DD000FE01FE018604FE01FE01FE01FE01FE0190
:100DE000FE01FE01F203FE01FE01FE01FE01FE0115
:100DF000FE01FE01FE01FE01FE01FE01FE01FE01FB
:100E0000FE01FE01B7039868534A02405B480A435B
:100E10009A60DA6A616A22F00F020A43DA62836D2D
:100E200003F00703052B3FF67CAF574AD65C202E14
:100E300000F29C81012E7FF674AFB31E1E2B3FF68D
:100E400070AF01A252F823F0FF130108230D01082F
:100E5000A9130108230D0108230D0108230D010822
:100E600073140108230D0108230D0108230D010847
:100E7000230D0108230D0108230D0108230D01088E
:100E800013140108230D0108230D0108230D010887
:100E9000230D0108230D0108230D0108230D01086E
:100EA000230D0108230D0108230D0108230D01085E
:100EB000230D0108230D0108230D0108230D01084E
:100EC0008914010801250023A3F110014FF6EF72E8
:100ED00091423FF626AF2268D36023E7274B5B6D34
:100EE00003F00703052B3FF61CAF284AD55C2AE721
:100EF000002E00F0B581012E00F09E85022E00F03C
:100F0000B185032E00F0D885042E00F0F485052E5F
:100F100000F08486062E00F0BE86072E00F0FD86C7
:100F2000082E00F05087092E00F07B870A2E00F073
:100F3000DC8743F60953164A0B2E18BF1346626826
:100F4000002503EB5203B3FBF2F39BB2BCE700BFF7
:100F5000F369FFCF000C0058FFF4FF1100100140AF
:100F60000044004000480040004C00400050004059
:100F70000014014000780040007C0040004402580A
:100F8000D0300108FC30010804310108FC300108B0
:100F900000093D00B34B1A68920640F16F811A6850
:100FA000B14BC2F3C102D340002EC8D0012E00F0D5
:100FB000EF81022E00F0C584032E00F0BF84042EC2
:100FC00000F02B85052E00F09D86062E00F0DC86B5
:100FD000072E00F01C86082E00F04E86092E00F029
:100FE0008E860A2E00F0E3860B2EA8D126E003A8F9
:100FF000FAF778FA626A049B002AA0D0012A00F06E
:10100000C781022A00F09D84032A00F09784042AF5
:1010100000F00385052A00F0FD84062A00F07E8595
:10102000072A00F0F485082A00F02686092A00F035
:1010300066860A2A00F0BB860B2A80D11B0A7EE74F
:101040006846FAF791F9626A019B002A3FF477AF8C
:10105000D4E7F9F729FB636A03B3012B00F0F384AB
:10106000022B00F0CE84032B00F0C884042B00F088
:101070001785052B00F01185062B00F00686072B3F
:1010800000F04886082B00F09B86092B00F0E186D3
:101090000A2B00F03B870B2B08BF000A6268002573
:1010A00000EB5203B3FBF2F39BB20DE7F9F7E0FA62
:1010B000636A03B3012B00F0C984022B00F0A784FC
:1010C000032B00F0A184042B00F0E484052B00F036
:1010D000DE84062B00F0E685072B00F03686082B11
:1010E00000F08786092B00F0B1860A2B00F0FA8603
:1010F0000B2B08BF000A626800EB5203B3FBF2F34C
:101100009BB2E1E6402D7FF40CAE002E00F0DC80B7
:10111000012E00F09484022E00F0A784032E00F02C
:10112000C784042E00F0EC84052E00F07A85062E8C
:1011300000F0B485072E00F0FE85082E00F04986E9
:10114000092E00F08B860A2E00F029870B2E0CBF8B
:1011500080234FF40043F2E6424B5B6D03F007033C
:10116000052B3FF6DEAD414AD55CECE5402E7FF421
:10117000D8AD002900F0B580012900F06E84022965
:1011800000F08284032900F0AF84042900F03B853D
:10119000052900F06985062900F0AD85072900F0D2
:1011A000EF85082900F03686092900F05B860A29B8
:1011B00000F0F9860B290CBF80254FF4004592E022
:1011C00001250023A3F110014FF6EF7291423FF683
:1011D000A8AD23F00F02C3F3420313432268D36088
:1011E000A0E5402D7FF49DAD002E00F0D380012EB0
:1011F00000F0D280022E00F06D84032E00F0F48403
:10120000042E00F02585052E00F06885062E00F0DE
:10121000C285072E00F01086082E00F04886092EA1
:1012200000F059860A2E00F0EC860B2E0CBF4FF40E
:1012300080704FF48030AFE00A4B5B6D03F0070322
:10124000052B3FF66EAD0A4AD55C7CE5054B5B6D20
:1012500003F03803282B3FF664AD064AD55C72E5EF
:10126000054B6CE6004402580090D003FC300108A6
:10127000FC300108D030010800093D00002E00F0CC
:10128000BA83012E00F0FD83022E00F02A84032E83
:1012900000F0B684042E00F0E484052E00F02885CA
:1012A000062E00F08785072EDAD0082E00F0C483C2
:1012B000092E00F0D7830A2E00F01D84B44BB54AE6
:1012C0000B2E18BF13463AE64FF4004337E6B24BF5
:1012D0005B6D03F00703052B3FF623ADAF4AD55CEA
:1012E00031E54FF40045676807EB4703AB423FF633
:1012F00018ADB5EB073F3FF614AD202E00F2F0829B
:10130000012E7FF60EAD023E1E2E3FF60AAD01A362
:1013100053F826F051180108230D01082718010879
:10132000230D0108230D0108230D0108C51701082D
:10133000230D0108230D0108230D0108230D0108C9
:10134000230D0108230D0108230D01085917010879
:10135000230D0108230D0108230D0108230D0108A9
:10136000230D0108230D0108230D0108230D010899
:10137000230D0108230D0108230D0108230D010889
:10138000230D0108230D0108230D0108E1160108B2
:101390005B08D4E54FF480306268002500EB52030F
:1013A000B3FBF2F39BB20DE76846F9F7DDFF636A22
:1013B000019D03B3012B00F0CF82022B00F0C78206
:1013C000032B00F0C182042B00F02F83052B00F0CB
:1013D0002983062B00F09883072B00F02684082B26
:1013E00000F04D84092B00F09B840A2B00F0FB8455
:1013F0000B2B00F06582002D3FF494AC73E7F9F7F6
:10140000A1FF636A0546002BD4D1002D3FF48AACBE
:1014100069E7614B1A68950640F1A5821B685D4D2E
:10142000C3F3C103DD4000293FF45DAF012900F0A3
:101430004D83022900F04683032900F040830429EC
:1014400000F04584052900F08384062900F0D48447
:10145000072900F02085082900F04F85092900F0B0
:10146000F9850A2900F0FD850B297FF43CAF2D0A90
:1014700039E703A8FAF736F8636A049D002B99D17F
:10148000002D3FF44FAC2EE7002900F06A820129BD
:1014900000F0DF82022900F0F282032900F02883A5
:1014A000042900F0AA83052900F0D883062900F05A
:1014B0002E84072900F06184082900F0AF840929EF
:1014C00000F0EF840A2900F0148543F60955344BE7
:1014D0000B2918BF1D4606E7F9F7CAF8636A03B37C
:1014E000012B00F0CA82022B00F0F782032B00F0E0
:1014F0007F83042B00F0B083052B00F0EB83062BD9
:1015000000F05084072B00F09E84082B00F0B98473
:10151000092B00F0E4840A2B00F070850B2B08BF28
:10152000000A61684A0802EB4003B3FBF1F39BB287
:1015300048E6002E00F03A82012E00F09A82022E38
:1015400000F0C682032E00F04D83042E00F07E834F
:10155000052E00F0BA83062E00F02184072E00F03D
:101560006F84082E00F08284092E00F0CC840A2EAD
:1015700000F06C8547F612230A4A0B2E18BF13465B
:101580006268002503EB5203B3FBF2F39BB219E64A
:1015900090D003000090D00300440258FC300108B2
:1015A00000093D0000127A00A44B1A68910640F130
:1015B000FF811A68A24BC2F3C10223FA02F206B3FA
:1015C000012E00F0B182022E00F03783032E00F0CE
:1015D0006F83042E00F0C683052E00F00084062ED3
:1015E00000F06F84072E00F07184082E00F0038550
:1015F000092E00F03C850A2E00F036850B2E08BF20
:10160000120A616800254B0803EB4203B3FBF1F3B8
:101610009BB2D7E56846F9F7A7FE626A019902B363
:10162000012A00F00782022A00F01A82032A00F041
:101630003A82042A00F06282052A00F0EB82062A30
:1016400000F01683072A00F07483082A00F0A183B3
:10165000092A00F001840A2A00F05B840B2A08BFE3
:10166000090A62680025530803EB4103B3FBF2F358
:101670009BB2A7E5F9F718F8636A03B3012B00F0F2
:10168000FA81022B00F02B82032B00F08382042BC3
:1016900000F0DA82052B00F02583062B00F0698329
:1016A000072B00F0C283082B00F0EE83092B00F01B
:1016B0007E840A2B00F08D840B2B08BF000A616822
:1016C00000254A0802EB4003B3FBF1F39BB279E536
:1016D00003A8F9F707FF626A0499002AC1D09FE7BF
:1016E000616A002900F05482012900F01F83022959
:1016F00000F08B83032900F0BF83042900F00084ED
:10170000052900F0AA84062900F08E84072900F03C
:101710008784082900F0E584092900F0DE840A297D
:1017200000F0A8844748484B0B2918BF18460021F1
:101730007B083A4618184FF0000341F10001EEF71C
:1017400087FFA0F54073414A93423FF6EAAA236817
:101750000025D860FFF7E6BA384A116811F0200179
:1017600000F0E781136800213548C3F3C103D84076
:10177000636A0BB3012B00F04B83022B00F07F83D5
:10178000032B00F00584042B00F05D84052B00F092
:101790002C84062B00F0A984072B00F0B484082BBE
:1017A00000F0AD84092B00F094840A2B00F08D84A6
:1017B0000B2B01D1000A00210902030241EA10614A
:1017C0007808B6E703A8F9F78DFE0498636A00214C
:1017D00002460BB3012B00F03582022B00F086820B
:1017E000032B00F0C182042B00F02183052B00F0B5
:1017F0004D83062B00F09083072B00F02184082BEB
:1018000000F00B84092B00F004840A2B00F05284B2
:101810000B2B01D1100A002162680902030241EA80
:101820001061500886E76846F9F79EFD0198636AE3
:1018300000210246002BEFD0CCE700BF0044025845
:101840000090D00300093D000000093DFFFC0F009F
:10185000F9F778FD626A002103460AB3012A00F015
:101860006E82022A00F0B982032A00F02483042A3F
:1018700000F09383052A00F0A683062A00F0DA839D
:10188000072A00F0D583082A00F01C84092A00F0FA
:1018900015840A2A00F02F840B2A01D1030A0021A3
:1018A00062680902180241EA13615308C0184FF038
:1018B000000341F10001EEF7CBFEA0F5407342E7D3
:1018C0002D0A002D3FF42EAA0DE5B54B5B6D03F0FC
:1018D0000703052B3FF625AAB24AD55CFFF733BABA
:1018E000402E7FF41EAA616A002900F04E81012972
:1018F00000F02782022900F08482032900F0CE82C2
:10190000042900F05783052900F05983062900F0C7
:101910006883072900F06083082900F0B78309294C
:1019200000F0AF830A2900F0C0830B294FF00001BB
:101930000CBF4FF400404FF40000F9E69A4AA2FBB6
:1019400003239B08FFF7FBBA974BA3FB0535AD08B4
:10195000002D3FF4E7A9C6E46D08002D3FF4E2A98D
:10196000C1E4924DBFE400295AD0012900F0AC80B7
:10197000022900F0DB80032900F06181042900F0D6
:10198000A181052900F0EB81062900F016820729C4
:10199000E7D008295DD0092971D00A2900F02D81EE
:1019A000834D844B0B2918BF1D469CE4824BE7E511
:1019B000002E50D0012E00F0AF80022E00F03B81AF
:1019C000032E00F07A81042E00F0C781052E00F06E
:1019D000FD81062E00F04D82072EE7D0082E48D05C
:1019E000092E75D00A2E00F03181744B744A0B2EEB
:1019F00018BF1346C4E56F4BFFF7A1BA6A4BA3FBB0
:101A000000308008FFF74ABB674BA3FB003080081B
:101A1000FFF771BB6B4AA2FB0323DB08FFF78FBA0A
:101A2000644D60E4674BA3FB0535ED08002D3FF4E2
:101A300079A958E4490814E6634BFFF780BA4FF4DC
:101A40008043FFF77CBA4008FFF728BB4008FFF748
:101A500052BB5D4D47E45A4B92E54FF4804542E45A
:101A60008908FEE5594BFFF76ABA4FF40053FFF7B8
:101A700066BA4E4B84E5400821E6400851E5534DD7
:101A800031E4534BFFF75BBA4FF400552BE44D4B59
:101A9000A3FB0030C008FFF72EBB4A4BA3FB00306E
:101AA000C008FFF7FBBA404BA3FB01239908D8E518
:101AB00041F25553FFF743BA464BFFF740BA3A4B52
:101AC000A3FB0535AD080EE4414D0CE46D080AE4B6
:101AD0003D4B55E54FF480405EE4800821E58008E9
:101AE000EDE53D4BFFF72BBA41F25555FFF7FBBB38
:101AF000384DFFF7F8BB314BFFF721BAC908B0E505
:101B00004FF48053FFF71BBA0C23B5FBF3F5002D00
:101B10003FF408A9FFF7E7BB264B31E5224AA2FBB9
:101B20000323DB08FFF70BBA52086AE52A4DFFF7DB
:101B3000DABB626A002A00F0C280012A00F07981D3
:101B4000022A00F0B281032A00F0C381042A00F0C7
:101B50005E82052A00F05982062A00F09E82072A3A
:101B600000F09982082A00F09D82092A00F09782ED
:101B70000A2A00F083820B2A184A0E4B0EBF00215E
:101B80000321134678083A4690E64FF40000CFE56B
:101B90001348CDE5044BA3FB002398088FE500BF55
:101BA00000440258FC300108ABAAAAAA00093D0073
:101BB00090D003000090D00300127A0020A107000B
:101BC0000020A107CDCCCCCC80841E0040420F0069
:101BD0000048E8012A2C0A000024F400000090D0FC
:101BE0000000093DCF4BCBE442F6AA20FFF7D4BB5F
:101BF000CD4BA3FB0023980893E4CC4DFFF773BBB8
:101C0000CB4BFFF79CB94FF48055FFF76CBB1B091A
:101C1000FFF795B90A23B1FBF3F122E5C54BFFF7B6
:101C20008EB940F6CC43FFF78AB92D09002D3FF459
:101C300079A8FFF758BBC04BA2E49208E1E4BC4D81
:101C4000FFF751BB4008E7E5C00838E5BB4B97E418
:101C50004FF40050FFF7A0BBC00862E4B54DFFF79A
:101C600042BBB74BFFF76BB940F6CC45FFF73BBB28
:101C70000C23B1FBF3F1F4E45B09FFF760B96D09E4
:101C8000002D3FF44FA8FFF72EBBA74BA3FB00305E
:101C9000C008FFF703BAAB4BFFF751B940F6AA23D0
:101CA000FFF74DB9A04BA3FB0030C008FFF723BAE4
:101CB0009D4BA3FB02239A08A3E4A34B60E4A34B30
:101CC00003215FE79E4DFFF70EBBA14B58E4ED08E3
:101CD000FFF709BB0A23B0FBF3F022E441F69810AA
:101CE000FFF75ABB0A23B0FBF3F0E8E4800893E562
:101CF000984BFFF724B940F6AA25FFF7F4BA9B09E1
:101D0000FFF71DB90A22B3FBF2F3FFF718B98D4DA7
:101D1000FFF7E9BA0009FFF7C1B98F4BFFF70FB919
:101D2000AD09002D3EF4FEAFFFF7DDBA8B48002170
:101D3000FEE4090995E44FF40063FFF700B9430896
:101D4000AEE54FF480000021F2E40009FFF7D3B9BB
:101D50000A23B5FBF3F5FFF7C6BA814B10E47D4DBE
:101D6000FFF7C1BAD2084CE406220023EEF770FC5C
:101D700052E50C23B0FBF3F0A1E4774DFFF7B3BAC3
:101D80004FF40065FFF7AFBA0C22B3FBF2F3FFF795
:101D9000D6B8490965E441F25450FFF7FDBA714BDA
:101DA000FFF7EEBB0C23B0FBF3F0FFF7BABBDB0988
:101DB000FFF7C5B86C4BFFF7C2B86B4DFFF793BA8E
:101DC0004009FFF76BB9694BFFF7B9B8684BFFF7EC
:101DD000D7BB4FF48063FFF7B2B8830860E50A23EE
:101DE000B2FBF3F20DE4ED09002D3EF49BAFFFF7DB
:101DF0007ABA4009FFF77FB90C23B5FBF3F5FFF77B
:101E000072BA4FF40010002192E45A4800218FE486
:101E10004008D1E44FF48065FFF765BA534DFFF7F2
:101E200062BA4FF22443FFF78AB8000947E4C008BA
:101E3000F2E4514B1146A5E64FF48050FFF7ACBADF
:101E40003A4BFFF79DBB0009FFF76BBB8009FFF71B
:101E500052B98009FFF722B9890902E44FF40073EF
:101E6000FFF76DB84FF40075FFF73DBA3A4BFFF737
:101E700087BB2F4BFFF784BB4048002158E4800804
:101E80009AE44009FFF74DBB400918E40A220023F9
:101E9000EEF7DEFBC0E42D09FFF725BA3848002134
:101EA00046E44FF22445FFF71EBA364B6AE64FF47C
:101EB0000060FFF771BA00230622EEF7C9FB034664
:101EC000EEE40C23B2FBF3F2FFF79BBB1209FFF722
:101ED00098BB2D4B56E64FF48060FFF75DBA800942
:101EE000FFF71FBBC009FFF706B947F61223FFF73C
:101EF00026B847F61225FFF7F6B96D09FFF7F3B9D3
:101F00002248002114E4194BFFF73ABBC009FFF740
:101F1000C5B8C909FFF7A5BB0C220023EEF798FB53
:101F20007AE400BF54581400ABAAAAAA20A1070063
:101F3000AAC2A200801A06000048E80140420F0031
:101F400000127A001516050054854501000090D056
:101F500000350C0000A8610090D003000080841EB2
:101F60000024F4002A2C0A005561510048E80100C1
:101F70000050C3000040420F000048E8002A2C0A2D
:101F800000551500000024F400AAC2A20020A107F9
:101F900006220023EEF75CFB0EE4C30880E44FF456
:101FA0008073FEF7CCBF4FF48075FFF79CB98009B2
:101FB000FFF785BB4FF480100021FFF7B9BB5348F2
:101FC0000021FFF7B5BB00230A22EEF741FB0346D1
:101FD00066E4C009FFF773BB4FF400200021FFF750
:101FE000A7BB4B480021FFF7A3BB0A220023EEF753
:101FF0002FFBFFF7E1BB5209FFF703BBC009FFF757
:1020000090BA4FF40070FFF7C7B9424BBAE5424BA4
:10201000B8E590090021FFF7FFBB4009FFF7FCBBC3
:102020003E480021FFF784BB3D480021FFF780BBFD
:10203000030935E400230C22EEF70AFB03462FE4E4
:102040000009FFF7E9BBC008FFF7B6BB4FF2244316
:10205000FFF796BAAD09FFF746B932480021FFF7FE
:1020600067BBED09FFF73FB9D209FFF7CABA92097A
:10207000FFF7C7BA2C480021FFF75ABB2B4B0021B2
:1020800080E54FF400300021FFF752BB4FF4802071
:102090000021FFF74DBB264B74E5264B72E5264B1E
:1020A00000216FE5254B00216CE54FF480300021C5
:1020B000FFF73EBBD0090021FFF7AEBB830900212B
:1020C000FFF7EEBB4309FFF7EBBBC0090021FFF7A9
:1020D00073BB80090021FFF76FBB19480021FFF790
:1020E00027BB18480021FFF723BB0C220023EEF783
:1020F000AFFAFFF761BBC3090021FFF7D1BB40096D
:102100000021FFF759BB0009FFF756BB00CC0C00BC
:1021100000AA0A000000A8610000127A0090D00313
:102120000015160500801A0600127A000020A1078B
:102130000000093D005561510040420F0080841E9F
:102140000024F4000048E801836ADA0710B406D5D9
:102150000168C46A4A6822F4003222434A609C073C
:1021600006D50168046B4A6822F4803222434A6033
:10217000590706D50168446B4A6822F4802222433D
:102180004A601A0706D50168846B4A6822F4004247
:1021900022434A60DC0606D50168C46B8A6822F4D3
:1021A000805222438A60990606D50168046C8A68C9
:1021B00022F4005222438A605A060AD50168446C10
:1021C0004A68B4F5801F22F4801242EA04024A6091
:1021D0000BD01B0606D50268C16C536823F400239C
:1021E0000B4353605DF8044B70474A68846C22F4DB
:1021F000C00222434A60ECE7002370B50446C0F8F1
:102200008830F3F73FF9054623681A6811070CD4A4
:102210001A68520725D420220023C4F880201846CB
:10222000C4F8842084F87C3070BDDE6916F4001692
:10223000EED1F3F727F9431BB3F1007F2368F4D302
:102240001A682021032022F4D0721A609A6822F0C2
:1022500001029A60C4F8801084F87C60C4F884108D
:1022600070BDDE6916F48006D5D1F3F70BF9431B78
:10227000B3F1007F2368F4D3E2E700BF80B3D0F866
:10228000803010B5044633B3226824232046C4F8B6
:102290008030136823F001031360FEF7F9FC012876
:1022A00017D0A36A8BB9236820465A6822F490425B
:1022B0005A609A6822F02A029A601A6842F0010273
:1022C000BDE810401A60FFF797BF2046FFF73CFFBC
:1022D000E9E7012010BD80F87C30FDF773F8D3E703
:1022E00001207047704700BF704700BF704700BFB4
:1022F0000B460146184600F0D7BD00000000000064
:1023000038B510EE104AC4F30A53B3F57D7FB7EE2B
:10231000C07A1ED227EE077BB3F5667F6FD327EE18
:10232000071B634B93ED142B93ED125B93ED0E3B68
:10233000A7EE025B93ED0C0B93ED104BA7EE030B96
:1023400027EE017BA1EE040BA5EE070BB7EEC00B49
:1023500038BD40F22E42934254D8554991ED086B56
:1023600027EE066BFDEEC66B91ED0A5B16EE903A1A
:1023700003F500031B1613F0020F06EE903A01F16D
:10238000700208BF0A46D807B8EEE66BA6EE457B9A
:1023900027EE076B1AD503F0030301EBC30393ED9C
:1023A000002B92ED1A4B92ED185B92ED163BA6EEC8
:1023B000045B27EE027B27EE064B26EE046BA4EEB1
:1023C000037BA5EE067BB7EEC70B38BD92ED142B51
:1023D00092ED127B92ED0E3B92ED0C0B92ED104BB9
:1023E00026EE065BA6EE027BA6EE030B26EE056B41
:1023F000A5EE040BA7EE060BB7EEC00B38BDB7EE8B
:10240000000A38BDB3F5FF6F3DD22A4BC4F3836297
:1024100003EB820153F822200D69C4F31603C4F3C1
:10242000C25043F400038340086A03FB02F2A3FB9B
:102430000010E3FB050202F100518D0F01F0404155
:10244000511AEEF7D7F81C4B9FED177B05EBD474B0
:1024500041EC160B14F0020FA3F1700208BF1346F3
:10246000E90726EE077B27EE076B10D504F003047F
:1024700002EBC40494ED002B93ED1A4B93ED185B23
:1024800093ED163B93E7BDE8384000F057B893ED65
:10249000142B93ED127B93ED0E3B93ED0C0B93ED10
:1024A000104B9DE7AFF30080182D4454FB21193CDD
:1024B000E0330108803301085034010810B582B0C0
:1024C0008DED010A044600F0FDFC9DED010A04605B
:1024D00002B010BD30B1F1EE407A27EE800A222022
:1024E000FFF7ECBFF0EE407A27EE800A2220FFF7DC
:1024F000E5BF00BF9FED010AFFF7ECBF0000001031
:102500009FED010AFFF7E6BF0000201A9FED010AC8
:10251000FFF7E0BF000000709FED070AFFEE007AB2
:10252000B7EE007A00284FF0220047FE277A87EEA8
:10253000800AFFF7C3BF00BF0000000070EE407AC2
:10254000B4EE400A87EEA77AF1EE10FAB0EE470A31
:1025500002D62120FFF7B2BF704700BF10EE103A3D
:1025600040F22A41C3F30A528A42B7EEC03A32D847
:10257000B7EE000B2D4B93ED4A2B93ED481BB0EEBD
:10258000417BA2EE037B17EE100A37EE417B00F091
:102590001F0203EBC20130B492EE037B93ED4C4B70
:1025A00053F832404D6893ED4E6B93ED505BA4EEC3
:1025B000076B27EE074B00210A1905EBC033A5EE88
:1025C000070B43EC172BA6EE040B30BC20EE070BD9
:1025D000B7EEC00B704713F5000F20D0B2F5FF6FB8
:1025E0001AD2DFED137AB4EEE70AF1EE10FA10DC3E
:1025F000DFED107AB4EEE70AF1EE10FA12D4DFED57
:102600000E7AB4EEE70AF1EE10FAB1D50020FFF72A
:1026100077BF0020FFF77ABF30EE000A70479FEDCA
:10262000070A70470020FFF765BF00BF103101089F
:102630001772B142B4F1CFC2CF8ECEC200000000FB
:1026400030B410EE103A2DED028BA3F5000110EE20
:10265000902AB1F1FE4F10EE104A82B04FEA4201CB
:102660007ED201F1FF3C6FF08070844580F0F980EC
:10267000002004F1404303F54D03C3F3C341DB0DD8
:10268000DB05E21ADB1507EE903ABFEE001BB24BFA
:1026900003EB011191ED004B05EE102AB7EEC55A80
:1026A000A4EE051B93ED444B21EE012B93ED465B0D
:1026B00093ED403BA1EE045B93ED426B93ED484BF1
:1026C000A1EE036B22EE023BB8EEE78BB7EEE07AA9
:1026D00091ED020B38EE000BA1EE040BA2EE050B00
:1026E000A6EE030B27EE000B10EE903A48F2BF0265
:1026F000C3F3CF33934252D2B7EE007B974B93EDA7
:10270000402B30EE023B13EE102A33EE423B02F038
:102710001F01821803EBC10053F83140456830EEC9
:10272000433B93ED465B93ED424BA3EE057BB0EE4E
:10273000470B93ED446B0023181905EBC23141ECB4
:10274000170BA3EE046B23EE034BA6EE040B20EE57
:10275000070BB7EEC00B02B0BDEC028B30BC70476C
:102760004D1E6FF08070854280F0CE8059004D1E66
:10277000854280F09280002B55DB0020B4F5000FDD
:10278000BFF477AFDFED767A07EE103A67EE277A7F
:1027900017EE904A24F00044A4F1386469E79FEDF5
:1027A000667BB4EEC70BF1EE10FA15DC9FED647B8F
:1027B000B4EEC70BF1EE10FA20DD4FF04C5388B1A8
:1027C0000193DDED017ABFEE007A77EE677AF4EEE1
:1027D000477AF1EE10FA11D002B0BDEC028B30BC9A
:1027E000FFF794BE0093DDED007AB7EE007A77EE46
:1027F000877AF4EE477AF1EE10FAEDD19FED527B35
:10280000B4EEC70BF1EE10FA57D99FED517BB4EE41
:10281000C70BF1EE10FA7FF56FAF02B0BDEC028B83
:1028200030BCFFF76DBEC2F3C7517E2911DD96297A
:1028300054DC0120C1F1960100FA01F1481E10425A
:1028400007D111EA020018BF4FF4803024F0004491
:1028500094E700EE103A02B0BDEC028B30BCFFF7FB
:102860006DBE002952D0B3F17E5F2CD06400B4F16C
:102870007F4F2ED8B1F17F4F2BD1B4F1FE4F4BD00B
:10288000B4F1FE4F6FEA020234BF00240124D20FDC
:1028900094424CD09FED330A5DE7002B20EE000AF6
:1028A0001EDB002000293AD1002ABFF654AF02B047
:1028B000BDEC028B30BCFFF72FBE02B0BDEC028B2B
:1028C00030BCFFF717BE82F48002520012F5000FF1
:1028D00022D907EE903A37EEA00A3CE70020B5E790
:1028E000C2F3C753A3F17F001728DAD8C3F19600CB
:1028F000012303FA00F0441E1442D2D11040D1D07B
:10290000B1EE400A1846CDE70029AFD184F4800229
:10291000520012F5000FDCD8B7EE000A1BE7002AC0
:10292000BFF619AFF7EE007A87EE800A13E720EEC4
:10293000A00A10E7AFF3008071D5D1FFFFFF5F4021
:10294000E2AAA3FFFFFF5F400000000000C062C0DA
:102950000000000000A062C05832010810310108D8
:102960000000004B0000000010B582B08DED010AA0
:10297000019C24F00043B3F1FF4F0BDB002CF7EE7A
:10298000007A29DBB0EE407A87EE870A30EE270A1C
:1029900002B010BD214A934207DDB7EE000A002CB9
:1029A000B8BFB1EE400A02B010BDB3F1105F1BDB3F
:1029B000B3F17E5F21DB00F06FFA30EE000A00F029
:1029C00035F9B0EE007A30EE070AF7EE007AC7EE7E
:1029D000006A37EEE60AE2E79DED017A87EE870AA4
:1029E00030EE670A02B010BDDDED017AB7EE000AE5
:1029F00037EE800A20EE270ACAE700F04DFAF8EE1B
:102A0000007A20EE270A00F011F9B0EE007A30EEDD
:102A1000077AF1EE407A87EE870AC0E7FFFFAF4101
:102A200030B510EE104AC4F30A53B3F57D7FB7EE0C
:102A3000C06A83B01BD226EE065BB3F5667F70D307
:102A400026EE052B25EE021B754B93ED1A3B93EDFD
:102A5000187B93ED164BA5EE037BA2EE046BB0EE54
:102A6000460BA7EE010BB7EEC00B03B030BD40F232
:102A70002E42934260D86A4991ED087B26EE077B8F
:102A8000FDEEC77B91ED0A5B17EE903A03F500036C
:102A90001B1613F0020F07EE903A01F1700208BF07
:102AA0000A46D807B8EEE77BA7EE456BB0EE460BBB
:102AB00026EE067B1BD403F0030301EBC30392ED68
:102AC0001A5B93ED003B92ED186B20EE030B92ED39
:102AD000164BA7EE056B20EE075B27EE057BA5EEF8
:102AE000040BA6EE070BB7EEC00B03B030BD92EDA2
:102AF000142B27EE075B92ED126B92ED0E3BA7EEC7
:102B0000026B92ED0C0B92ED104BA7EE030B27EE30
:102B1000057BA5EE040BA6EE070BB7EEC00B03B0CA
:102B200030BD220D12F4FF6FDFD1B7EEC55B00EEB2
:102B3000104A8DED015AD8E7B3F5FF6F4BD2394BF0
:102B4000C4F3836203EB820153F822200D69C4F3BE
:102B50001603C4F3C25043F400038340086A03FB26
:102B600002F2A3FB0010E3FB050202F100518D0FFE
:102B700001F04041511AEDF73DFD2B4B9FED267BB7
:102B800005EBD47441EC160B14F0020FA3F17002A4
:102B900008BF1346E90726EE077B27EE076B1FD415
:102BA00004F0030402EBC40493ED1A4B94ED002BE4
:102BB00093ED185B27EE027B93ED163BA6EE045BCC
:102BC00027EE064B26EE046BA4EE037BA5EE067BF8
:102BD000B7EEC70B89E703B0BDE83040FFF7AEBCE6
:102BE00093ED142B26EE065B93ED127B93ED0E3BDB
:102BF000A6EE027B93ED0C0B93ED104BA6EE030BB0
:102C000026EE056BA5EE040BA7EE060BB7EEC00B88
:102C10006BE700BFAFF30080182D4454FB21193C33
:102C2000E0330108803301085034010810EE102A07
:102C30008A4922F000438B422AD9B3F1FF4F7ED854
:102C400000F0D880002AC0F28A80854A934200F2C0
:102C5000F280DFED846A60EE266AF6EE007A77EEA7
:102C6000A67A9FED816ADFED816AFDEEE77AB0EE2C
:102C7000407A17EE903AF8EEE77AA7EEC67A67EE5A
:102C8000A66A37EE660A77EE407A77EEE67A07E0D4
:102C900077498B4256D8B3F14C5FC0F08480002353
:102CA000B6EE003A20EE034ADFED726A9FED726ADB
:102CB000DFED724A9FED725A20EE047AF7EE003A89
:102CC000A7EE266ADFED6F6AE6EE074AB0EE086A05
:102CD000E4EE876AF1EE085AA6EE875AF0EE636AD0
:102CE000E5EE076AA4EE666AE0EE465A36EEC66A7C
:102CF000C6EE256A66EE876A002B4DD076EEE76A4F
:102D00005A1CD6EE807A77EEC77A65D0012B53D065
:102D10005A1C392A33D8162B72DC4FF080721A41B4
:102D2000C2F17E5277EEC07A00EE102A30EE670ACA
:102D300010EE102A02EBC35300EE103A704730EE4B
:102D4000000A704750498B427BD8002A9FED467A93
:102D500049DBDFED466A30EE477A012391E7DFED8C
:102D60004B7A70EE277AF5EEC07AF1EE10FA65D460
:102D7000DFED3C6AFEEE007A60EE266A6FE777EEE2
:102D8000C07A33EEE70A10EE102A02EBC35300EECE
:102D9000103A30EE630A7047F0EE477AD0EE267AAA
:102DA00030EE670A7047DFED3A7A70EE277A77EEF9
:102DB000E77A30EE670A7047BDEE007AB4EEC70AD4
:102DC000F1EE10FA2ED530EE033AB8EE000A77EEA7
:102DD000C37A27EE800A704770EE677ABEEE000A6B
:102DE000A7EE830A7047DFED2B6A30EE077A4FF0CB
:102DF000FF3346E7FFEE007A002A20FE270A7047DD
:102E0000C3F17F02D20507EE102A77EE877A70EEC3
:102E1000677A37EEA30A10EE102A02EBC35300EED6
:102E2000103A704770EE677AB0EE007AE7EE873AB4
:102E3000B0EE630A70470020FFF768BBBFEE000AE0
:102E40007047DFED087AB6EE007A60EE276AFEEE94
:102E5000007A002A67FE277A01E700BF43B8954150
:102E60001772B1423BAAB83F8071313FD1F7173793
:102E70001872B13EBBED57B4547E8636CD70A6B8FD
:102E8000898808BD010DD03A9115853F6042A20D99
:102E9000CAF24971D1F717B710EE103A23F0004388
:102EA00000EE103A704700BF10B5054C13462CB128
:102EB0000A4601460220AFF3008010BD2046FCE721
:102EC00000000000014B1868704700BF2004002478
:102ED00070B50D4D0D4C641BA4100026A64209D1FF
:102EE0000B4D0C4C00F01CFB641BA4100026A642EA
:102EF00005D170BD55F8043B98470136EEE755F80B
:102F0000043B98470136F2E7403501084035010897
:102F100040350108683501080A44914200F1FF3349
:102F200000D1704710B511F8014B03F8014F9142E1
:102F3000F9D110BD02440346934200D1704703F813
:102F4000011BF9E70003000600020007020102006E
:102F500001010204000100000203020200540040CB
:102F600000580040005C0040001C00580000004079
:102F70000004004000080040000C0040250026002E
:102F80002700340035004700520053008E00000037
:102F9000060E0000060D0000060000000C000000F8
:102FA00012000000180000000001000006010000EF
:102FB0000C010000120100001801000000020000D6
:102FC000060200000C0200001202000018020000BD
:102FD00000030000060300000002030000000000E0
:102FE00001000000000000000000FA4500007A46E1
:102FF0000000FA4600803B470080BB47000000000D
:103000000102030401020304060708090002010289
:10301000000201020100020004000800100020006C
:1030200040008000000100020004000800100020A1
:1030300000400080000002580004025800080258B6
:10304000000C0258001002580014025800180258D0
:10305000001C025800200258002402580028025880
:103060000000000000061016000610160B00FF00FE
:1030700048010024300100243C0100240001002408
:103080006C01002454010024600100240C01002480
:1030900090010024780100248401002418010024F8
:1030A000642400244C2400245824002434240024C4
:1030B00088240024702400247C240024402400243C
:1030C000B40100249C010024A80100242401002450
:1030D00001808080808080800480808080808080EB
:1030E00008808080808080801080808080808080C8
:1030F00020808080808080804000000000040810D4
:1031000020400000020408102040000000000000E1
:10311000000000000000F03F748515D3B0D9EF3FE8
:103120000F89F96C58B5EF3F515B12D00193EF3F17
:103130007B517D3CB872EF3FAAB968318754EF3FAD
:103140003862756E7A38EF3FE1DE1FF59D1EEF3F66
:1031500015B7310AFE06EF3FCBA93A37A7F1EE3F8C
:103160002234124CA6DEEE3F2D89616008CEEE3F80
:10317000272A36D5DABFEE3F824F9D562BB4EE3F5D
:10318000295448DD07ABEE3F85553AB07EA4EE3FAB
:10319000CD3B7F669EA0EE3F745FECE8759FEE3FEF
:1031A0008701EB7314A1EE3F13CE4C9989A5EE3F36
:1031B000DBA02A42E5ACEE3FE5C5CDB037B7EE3F28
:1031C00090F0A38291C4EE3F5D253EB203D5EE3F61
:1031D000ADD35A999FE8EE3F475EFBF276FFEE3F94
:1031E0009C5285DD9B19EF3F6990EFDC2037EF3F64
:1031F00087A4FBDC1858EF3F5F9B7B33977CEF3F46
:10320000DA90A4A2AFA4EF3F40456E5B76D0EF3FCB
:10321000000000000000E8429423914BF86AAC3FA4
:10322000F3C4FA50CEBFCE3FD6520CFF422EE63F3B
:103230000000000000003843FE822B654715474020
:103240009423914BF86ABC3EF3C4FA50CEBF2E3F94
:10325000D6520CFF422E963FBEF3F879EC61F63F52
:103260001930965BC6FEDEBF3D88AF4AED71F53F73
:10327000A4FCD432680BDBBFB010F0F03995F43FFA
:103280007BB71F0A8B41D7BF8503B8B095C9F33F01
:103290007BCF6D1AE99DD3BFA564880C190DF33F50
:1032A00031B6F2F39B1DD0BFA08E0B7B225EF23FA6
:1032B000F07A3B1B1D7CC9BF3F341A4A4ABBF13F21
:1032C0009F3CAF93E3F9C2BFBAE58AF05823F13FC0
:1032D0005C8D78BFCB60B9BFA70099413F95F03FA7
:1032E000CE5F47B69D6FAABF000000000000F03F10
:1032F0000000000000000000AC479AFD8C60EE3F2B
:103300003DF5249FCA38B33FA06A021FB3A4EC3F27
:10331000BA913854A976C43FE6FC6A573620EB3F91
:10332000D2E4C44A0B84CE3F2DAAA163D1C2E93FA7
:103330001C65C6F04506D43FED417803E686E83FBC
:10334000F89F1B2C9C8ED83F624853F5DC67E73F03
:10335000CC7BB14EA4E0DC3F0B6E49C91676D23F60
:103360007AC675A06919D7BFDDBAA76C0AC7DE3F58
:10337000C8F6BE484715E7BF2BB82A654715F73F83
:10338000A2000000F9A2000083F9A2006E83F9A256
:103390004E6E83F9444E6E8315444E6E2915444E8D
:1033A000FC29154427FC29155727FC29D15727FC50
:1033B000F5D1572734F5D157DD34F5D1C0DD34F5DB
:1033C000DBC0DD3462DBC0DD9562DBC0999562DB7A
:1033D0003C999562433C999590433C994190433C7C
:1033E000000000000000F03F000000000000F0BFFF
:1033F000000000000000F0BF000000000000F03FEF
:1034000083C8C96D305F6441182D4454FB21F93FD6
:10341000000000000000F03F1C620CFDFFFFDFBF5A
:10342000198F06E15355A53F9D359AE887C056BFD1
:10343000C3F87B024393F93E03A695595455C5BF83
:10344000C40B23057610813F24CF7437EB9429BF3A
:10345000000000000000F03F000000000000F0BF8E
:10346000000000000000F0BF000000000000F03F7E
:1034700083C8C96D305F6441182D4454FB21F93F66
:10348000000000000000F0BF1C620CFDFFFFDF3FEA
:10349000198F06E15355A5BF9D359AE887C0563F61
:1034A000C3F87B024393F9BE03A695595455C5BF93
:1034B000C40B23057610813F24CF7437EB9429BFCA
:1034C00000000000000000000000000000000000FC
:1034D00000000000000000000000000000000000EC
:1034E00000000000000000000000000000000000DC
:1034F00000000000000000000000000000000000CC
:1035000000000000000000000000000000000000BB
:1035100000000000000000000000000000000000AB
:10352000F8B500BFF8BC08BC9E467047F8B500BFB0
:08353000F8BC08BC9E46704780
:0835380048D1FE7F01000000F4
:10354000BD02000839120008D116000845280008FD
:10355000B13D0008DD430008BD4F0008F5E8000854
:08356000EDED00083DFA000842
:0435680099020008BC
:10356C000000000077BE7F3F00803B47000000005A
:10357C000000484200000000CDCC4C3F00803B478F
:10358C000000000077BE7F3F00803B47000000003A
:10359C0077BE7F3F00803B470000000077BE7F3F37
:1035AC0000803B470000000077BE7F3F00803B4718
:1035BC0000000000CDCCCC3D00803B47000000005B
:1035CC00CDCCCC3D00803B4700000000000000004B
:1035DC0000000000000000000000000000000000DF
:1035EC0000000000000000000000000000803B47CD
:1035FC0000000000CDCCCC3D00000000000000001D
:10360C0052B87E3F010000001000000000000000D6
:10361C00000000000000000000000000000000009E
:10362C00100000000000000000000000000000007E
:10363C00000000000000000010000000000000006E
:10364C00000000000000000000000000000000006E
:10365C000090D0030090D003010000001000000087
:10366C00060A05000405000000000000010C05011D
:10367C00040701090500000000040600000000001A
:10368C000000000000040800000000000000000022
:10369C0001040500060506090500000001050500EA
:1036AC000705000000000000060B050005050000E2
:1036BC0000000000010E05020205000000000000E1
:1036CC00020105010F0502030500000003030500BC
:1036DC000000000000000000020B060104060000C0
:1036EC0000000000020C06010507000000000000AD
:1036FC00020A06000000000000000000010408009F
:10370C000608000000000000010508000708000082
:10371C000000000000050800000000000000000090
:10372C00000000000000000000000000000000008D
:10373C00000000000000000001000000000000007C
:10374C00000000000000000000000000000000006D
:10375C00000000000100000000000000000000005C
:10376C00000000000000000000000000000000004D
:10377C00010000000000000000000000000000003C
:10378C00000000000000000000000000010000002C
:10379C00000000000000000000000000000000001D
:1037AC00000000000000000001000000000000000C
:1037BC0000000000000000000000000000000000FD
:1037CC0000000000010000000000000000000000EC
:1037DC0000000000000000000000000000000000DD
:1037EC0001000000000000000000000000000000CC
:1037FC0000000000000000000000000001000000BC
:10380C0000000000000000000000000000000000AC
:10381C00000000000000000001000000000000009B
:10382C00000000000000000000000000000000008C
:10383C00000000000100000000000000000000007B
:10384C00000000000000000000000000000000006C
:10385C00010000000000000000000000000000005B
:10386C00000000000000000000000000010000004B
:10387C00000000000000000000000000000000003C
:10388C00000000000000000001000000010708001B
:10389C00000000000000000001060800000000000D
:1038AC00000000000B00FF00D8030024CC03002410
:1038BC00F0030024E403002408040024FC03002487
:1038CC009C03002490030024B4030024A8030024C8
:1038DC006035002414040024C00300243C3500246B
:1038EC005435002448350024380300242C030024CC
:1038FC00010808020B080001080000000109080279
:10390C000A08000008000000010C0E030208010563
:10391C000E000000020C0801060E00000000000062
:10392C0001040B000000000000000000010707016B
:10393C000F04000000000000010607010E04000047
:10394C000000000000030700000000000000000061
:10395C00000207000000000000000000020B07003E
:10396C000000000000000000020A07000000000038
:10397C000000000006090700000000000000000025
:10398C002404002400000000E03401080035010884
:10399C00C03401080000000000000000000000001E
:1039AC00000000000000000000000000000000000B
:1039BC0000000000000000000000000000000000FB
:1039CC0000000000000000000000000000000000EB
:1039DC0000000000000000000000000000000000DB
:0439EC0000000000D7
:04000005080009598D
:00000001FF
