ARM GAS  /var/folders/5h/m58cqcc50w3bl35rb6m75qwc0000gn/T//ccMbPTFj.s 			page 1


   1              		.cpu cortex-m7
   2              		.arch armv7e-m
   3              		.fpu fpv5-d16
   4              		.eabi_attribute 28, 1
   5              		.eabi_attribute 20, 1
   6              		.eabi_attribute 21, 1
   7              		.eabi_attribute 23, 3
   8              		.eabi_attribute 24, 1
   9              		.eabi_attribute 25, 1
  10              		.eabi_attribute 26, 1
  11              		.eabi_attribute 30, 2
  12              		.eabi_attribute 34, 1
  13              		.eabi_attribute 18, 4
  14              		.file	"JE-909.cpp"
  15              		.text
  16              	.Ltext0:
  17              		.cfi_sections	.debug_frame
  18              		.section	.text._ZN5daisy6SwitchD2Ev,"axG",%progbits,_ZN5daisy6SwitchD5Ev,comdat
  19              		.align	1
  20              		.p2align 2,,3
  21              		.weak	_ZN5daisy6SwitchD2Ev
  22              		.syntax unified
  23              		.thumb
  24              		.thumb_func
  26              	_ZN5daisy6SwitchD2Ev:
  27              	.LVL0:
  28              	.LFB1640:
  29              		.file 1 "../../libDaisy//src/hid/switch.h"
   1:../../libDaisy//src/hid/switch.h **** #pragma once
   2:../../libDaisy//src/hid/switch.h **** #ifndef DSY_SWITCH_H
   3:../../libDaisy//src/hid/switch.h **** #define DSY_SWITCH_H
   4:../../libDaisy//src/hid/switch.h **** #include "daisy_core.h"
   5:../../libDaisy//src/hid/switch.h **** #include "per/gpio.h"
   6:../../libDaisy//src/hid/switch.h **** #include "sys/system.h"
   7:../../libDaisy//src/hid/switch.h **** 
   8:../../libDaisy//src/hid/switch.h **** namespace daisy
   9:../../libDaisy//src/hid/switch.h **** {
  10:../../libDaisy//src/hid/switch.h **** /** 
  11:../../libDaisy//src/hid/switch.h ****     Generic Class for handling momentary/latching switches \n 
  12:../../libDaisy//src/hid/switch.h ****     Inspired/influenced by Mutable Instruments (pichenettes) Switch classes
  13:../../libDaisy//src/hid/switch.h ****     @author Stephen Hensley
  14:../../libDaisy//src/hid/switch.h ****     @date December 2019
  15:../../libDaisy//src/hid/switch.h ****     @ingroup controls
  16:../../libDaisy//src/hid/switch.h **** */
  17:../../libDaisy//src/hid/switch.h **** class Switch
  18:../../libDaisy//src/hid/switch.h **** {
  19:../../libDaisy//src/hid/switch.h ****   public:
  20:../../libDaisy//src/hid/switch.h ****     /** Specifies the expected behavior of the switch */
  21:../../libDaisy//src/hid/switch.h ****     enum Type
  22:../../libDaisy//src/hid/switch.h ****     {
  23:../../libDaisy//src/hid/switch.h ****         TYPE_TOGGLE,    /**< & */
  24:../../libDaisy//src/hid/switch.h ****         TYPE_MOMENTARY, /**< & */
  25:../../libDaisy//src/hid/switch.h ****     };
  26:../../libDaisy//src/hid/switch.h ****     /** Specifies whether the pressed is HIGH or LOW. */
  27:../../libDaisy//src/hid/switch.h ****     enum Polarity
  28:../../libDaisy//src/hid/switch.h ****     {
  29:../../libDaisy//src/hid/switch.h ****         POLARITY_NORMAL,   /**< & */
ARM GAS  /var/folders/5h/m58cqcc50w3bl35rb6m75qwc0000gn/T//ccMbPTFj.s 			page 2


  30:../../libDaisy//src/hid/switch.h ****         POLARITY_INVERTED, /**< & */
  31:../../libDaisy//src/hid/switch.h ****     };
  32:../../libDaisy//src/hid/switch.h **** 
  33:../../libDaisy//src/hid/switch.h ****     /** Specifies whether to use built-in Pull Up/Down resistors to hold button at a given state wh
  34:../../libDaisy//src/hid/switch.h ****     enum Pull
  35:../../libDaisy//src/hid/switch.h ****     {
  36:../../libDaisy//src/hid/switch.h ****         PULL_UP,   /**< & */
  37:../../libDaisy//src/hid/switch.h ****         PULL_DOWN, /**< & */
  38:../../libDaisy//src/hid/switch.h ****         PULL_NONE, /**< & */
  39:../../libDaisy//src/hid/switch.h ****     };
  40:../../libDaisy//src/hid/switch.h **** 
  41:../../libDaisy//src/hid/switch.h ****     Switch() {}
  42:../../libDaisy//src/hid/switch.h ****     ~Switch() {}
  30              		.loc 1 42 5 view -0
  31              		.cfi_startproc
  32              		@ args = 0, pretend = 0, frame = 0
  33              		@ frame_needed = 0, uses_anonymous_args = 0
  34              		@ link register save eliminated.
  35              		.loc 1 42 16 is_stmt 0 view .LVU1
  36 0000 7047     		bx	lr
  37              		.cfi_endproc
  38              	.LFE1640:
  40              		.weak	_ZN5daisy6SwitchD1Ev
  41              		.thumb_set _ZN5daisy6SwitchD1Ev,_ZN5daisy6SwitchD2Ev
  42 0002 00BF     		.section	.text._ZN5daisy8patch_sm12DaisyPatchSMD2Ev,"axG",%progbits,_ZN5daisy8patch_sm12DaisyPatch
  43              		.align	1
  44              		.p2align 2,,3
  45              		.weak	_ZN5daisy8patch_sm12DaisyPatchSMD2Ev
  46              		.syntax unified
  47              		.thumb
  48              		.thumb_func
  50              	_ZN5daisy8patch_sm12DaisyPatchSMD2Ev:
  51              	.LVL1:
  52              	.LFB2556:
  53              		.file 2 "../../libDaisy//src/daisy_patch_sm.h"
   1:../../libDaisy//src/daisy_patch_sm.h **** #pragma once
   2:../../libDaisy//src/daisy_patch_sm.h **** 
   3:../../libDaisy//src/daisy_patch_sm.h **** #include "daisy.h"
   4:../../libDaisy//src/daisy_patch_sm.h **** 
   5:../../libDaisy//src/daisy_patch_sm.h **** namespace daisy
   6:../../libDaisy//src/daisy_patch_sm.h **** {
   7:../../libDaisy//src/daisy_patch_sm.h **** namespace patch_sm
   8:../../libDaisy//src/daisy_patch_sm.h **** {
   9:../../libDaisy//src/daisy_patch_sm.h ****     /** Accessors for the Analog Controls. 
  10:../../libDaisy//src/daisy_patch_sm.h ****      *  These cover the 8x Bipolar CV inputs
  11:../../libDaisy//src/daisy_patch_sm.h ****      *  as well as the 4x 0-3V3 ADC inputs on
  12:../../libDaisy//src/daisy_patch_sm.h ****      *  the hardware 
  13:../../libDaisy//src/daisy_patch_sm.h ****      * 
  14:../../libDaisy//src/daisy_patch_sm.h ****      *  When reading a value with DaisyPatchSM::GetAdcValue()
  15:../../libDaisy//src/daisy_patch_sm.h ****      * 
  16:../../libDaisy//src/daisy_patch_sm.h ****      *  patch.GetAdcValue(patch_sm::CV_1);
  17:../../libDaisy//src/daisy_patch_sm.h ****      */
  18:../../libDaisy//src/daisy_patch_sm.h ****     enum
  19:../../libDaisy//src/daisy_patch_sm.h ****     {
  20:../../libDaisy//src/daisy_patch_sm.h ****         CV_1 = 0,
  21:../../libDaisy//src/daisy_patch_sm.h ****         CV_2,
  22:../../libDaisy//src/daisy_patch_sm.h ****         CV_3,
ARM GAS  /var/folders/5h/m58cqcc50w3bl35rb6m75qwc0000gn/T//ccMbPTFj.s 			page 3


  23:../../libDaisy//src/daisy_patch_sm.h ****         CV_4,
  24:../../libDaisy//src/daisy_patch_sm.h ****         CV_5,
  25:../../libDaisy//src/daisy_patch_sm.h ****         CV_6,
  26:../../libDaisy//src/daisy_patch_sm.h ****         CV_7,
  27:../../libDaisy//src/daisy_patch_sm.h ****         CV_8,
  28:../../libDaisy//src/daisy_patch_sm.h ****         ADC_9,
  29:../../libDaisy//src/daisy_patch_sm.h ****         ADC_10,
  30:../../libDaisy//src/daisy_patch_sm.h ****         ADC_11,
  31:../../libDaisy//src/daisy_patch_sm.h ****         ADC_12,
  32:../../libDaisy//src/daisy_patch_sm.h ****         ADC_LAST,
  33:../../libDaisy//src/daisy_patch_sm.h ****     };
  34:../../libDaisy//src/daisy_patch_sm.h **** 
  35:../../libDaisy//src/daisy_patch_sm.h ****     /** Enum for addressing the CV Outputs via the WriteCvOut function. */
  36:../../libDaisy//src/daisy_patch_sm.h ****     enum
  37:../../libDaisy//src/daisy_patch_sm.h ****     {
  38:../../libDaisy//src/daisy_patch_sm.h ****         CV_OUT_BOTH = 0,
  39:../../libDaisy//src/daisy_patch_sm.h ****         CV_OUT_1,
  40:../../libDaisy//src/daisy_patch_sm.h ****         CV_OUT_2,
  41:../../libDaisy//src/daisy_patch_sm.h ****     };
  42:../../libDaisy//src/daisy_patch_sm.h **** 
  43:../../libDaisy//src/daisy_patch_sm.h **** 
  44:../../libDaisy//src/daisy_patch_sm.h ****     /** @brief Board support file for DaisyPatchSM hardware
  45:../../libDaisy//src/daisy_patch_sm.h ****      *  @author shensley
  46:../../libDaisy//src/daisy_patch_sm.h ****      *  @ingroup boards
  47:../../libDaisy//src/daisy_patch_sm.h ****      * 
  48:../../libDaisy//src/daisy_patch_sm.h ****      *  Daisy Patch SM is a complete Eurorack module DSP engine.
  49:../../libDaisy//src/daisy_patch_sm.h ****      *  Based on the Daisy Seed, with circuits added for 
  50:../../libDaisy//src/daisy_patch_sm.h ****      *  interfacing directly with eurorack modular synthesizers.
  51:../../libDaisy//src/daisy_patch_sm.h ****      */
  52:../../libDaisy//src/daisy_patch_sm.h ****     class DaisyPatchSM
  53:../../libDaisy//src/daisy_patch_sm.h ****     {
  54:../../libDaisy//src/daisy_patch_sm.h ****       public:
  55:../../libDaisy//src/daisy_patch_sm.h ****         /** Helper for mapping pins, and accessing them using the `GetPin` function */
  56:../../libDaisy//src/daisy_patch_sm.h ****         enum class PinBank
  57:../../libDaisy//src/daisy_patch_sm.h ****         {
  58:../../libDaisy//src/daisy_patch_sm.h ****             A,
  59:../../libDaisy//src/daisy_patch_sm.h ****             B,
  60:../../libDaisy//src/daisy_patch_sm.h ****             C,
  61:../../libDaisy//src/daisy_patch_sm.h ****             D
  62:../../libDaisy//src/daisy_patch_sm.h ****         };
  63:../../libDaisy//src/daisy_patch_sm.h **** 
  64:../../libDaisy//src/daisy_patch_sm.h ****         DaisyPatchSM() {}
  65:../../libDaisy//src/daisy_patch_sm.h ****         ~DaisyPatchSM() {}
  54              		.loc 2 65 9 is_stmt 1 view -0
  55              		.cfi_startproc
  56              		@ args = 0, pretend = 0, frame = 0
  57              		@ frame_needed = 0, uses_anonymous_args = 0
  58              		@ link register save eliminated.
  59              	.LBB289:
  60              	.LBI289:
  61              		.file 3 "../../libDaisy//src/hid/gatein.h"
   1:../../libDaisy//src/hid/gatein.h **** #pragma once
   2:../../libDaisy//src/hid/gatein.h **** #ifndef DSY_GATEIN_H
   3:../../libDaisy//src/hid/gatein.h **** #define DSY_GATEIN_H
   4:../../libDaisy//src/hid/gatein.h **** #include "per/gpio.h"
   5:../../libDaisy//src/hid/gatein.h **** 
   6:../../libDaisy//src/hid/gatein.h **** namespace daisy
ARM GAS  /var/folders/5h/m58cqcc50w3bl35rb6m75qwc0000gn/T//ccMbPTFj.s 			page 4


   7:../../libDaisy//src/hid/gatein.h **** {
   8:../../libDaisy//src/hid/gatein.h **** /**
   9:../../libDaisy//src/hid/gatein.h ****    @brief Generic Class for handling gate inputs through GPIO.
  10:../../libDaisy//src/hid/gatein.h ****    @author Stephen Hensley
  11:../../libDaisy//src/hid/gatein.h ****    @date    March 2020
  12:../../libDaisy//src/hid/gatein.h ****    @ingroup controls
  13:../../libDaisy//src/hid/gatein.h **** */
  14:../../libDaisy//src/hid/gatein.h **** class GateIn
  15:../../libDaisy//src/hid/gatein.h **** {
  16:../../libDaisy//src/hid/gatein.h ****   public:
  17:../../libDaisy//src/hid/gatein.h ****     /** GateIn Constructor */
  18:../../libDaisy//src/hid/gatein.h ****     GateIn() {}
  19:../../libDaisy//src/hid/gatein.h **** 
  20:../../libDaisy//src/hid/gatein.h ****     /** GateIn Destructor */
  21:../../libDaisy//src/hid/gatein.h ****     ~GateIn() {}
  62              		.loc 3 21 5 view .LVU3
  63              		.loc 3 21 5 is_stmt 0 view .LVU4
  64              	.LBE289:
  65              	.LBB290:
  66              	.LBI290:
  67              		.loc 3 21 5 is_stmt 1 view .LVU5
  68              		.loc 3 21 5 is_stmt 0 view .LVU6
  69              	.LBE290:
  70              	.LBB291:
  71              	.LBI291:
  72              		.file 4 "../../libDaisy//src/dev/codec_pcm3060.h"
   1:../../libDaisy//src/dev/codec_pcm3060.h **** #pragma once
   2:../../libDaisy//src/dev/codec_pcm3060.h **** #ifndef DSY_CODEC_PCM3060_H
   3:../../libDaisy//src/dev/codec_pcm3060.h **** #define DSY_CODEC_PCM3060_H
   4:../../libDaisy//src/dev/codec_pcm3060.h **** #include "per/i2c.h"
   5:../../libDaisy//src/dev/codec_pcm3060.h **** namespace daisy
   6:../../libDaisy//src/dev/codec_pcm3060.h **** {
   7:../../libDaisy//src/dev/codec_pcm3060.h **** /**
   8:../../libDaisy//src/dev/codec_pcm3060.h ****  * @brief Driver for the TI PCM3060 Audio Codec.
   9:../../libDaisy//src/dev/codec_pcm3060.h ****  * @addtogroup codec
  10:../../libDaisy//src/dev/codec_pcm3060.h ****  * 
  11:../../libDaisy//src/dev/codec_pcm3060.h ****  * For now this is a limited interface that uses I2C to communicate with the PCM3060
  12:../../libDaisy//src/dev/codec_pcm3060.h ****  * The device can also be accessed with SPI, which is not yet supported.
  13:../../libDaisy//src/dev/codec_pcm3060.h ****  * 
  14:../../libDaisy//src/dev/codec_pcm3060.h ****  * For now all registers are set to their defaults, and the Init function will 
  15:../../libDaisy//src/dev/codec_pcm3060.h ****  * perform a MRST and SRST before setting the format to 24bit LJ, and disabling 
  16:../../libDaisy//src/dev/codec_pcm3060.h ****  * power save for both the ADC and DAC.
  17:../../libDaisy//src/dev/codec_pcm3060.h ****  *
  18:../../libDaisy//src/dev/codec_pcm3060.h ****  */
  19:../../libDaisy//src/dev/codec_pcm3060.h **** class Pcm3060
  20:../../libDaisy//src/dev/codec_pcm3060.h **** {
  21:../../libDaisy//src/dev/codec_pcm3060.h ****   public:
  22:../../libDaisy//src/dev/codec_pcm3060.h ****     enum class Result
  23:../../libDaisy//src/dev/codec_pcm3060.h ****     {
  24:../../libDaisy//src/dev/codec_pcm3060.h ****         OK,
  25:../../libDaisy//src/dev/codec_pcm3060.h ****         ERR,
  26:../../libDaisy//src/dev/codec_pcm3060.h ****     };
  27:../../libDaisy//src/dev/codec_pcm3060.h **** 
  28:../../libDaisy//src/dev/codec_pcm3060.h ****     Pcm3060() {}
  29:../../libDaisy//src/dev/codec_pcm3060.h ****     ~Pcm3060() {}
  73              		.loc 4 29 5 is_stmt 1 view .LVU7
  74              		.loc 4 29 5 is_stmt 0 view .LVU8
ARM GAS  /var/folders/5h/m58cqcc50w3bl35rb6m75qwc0000gn/T//ccMbPTFj.s 			page 5


  75              	.LBE291:
  76              	.LBB292:
  77              	.LBI292:
  78              		.file 5 "../../libDaisy//src/hid/usb.h"
   1:../../libDaisy//src/hid/usb.h **** #pragma once
   2:../../libDaisy//src/hid/usb.h **** #ifndef DSY_HID_USB_H
   3:../../libDaisy//src/hid/usb.h **** #define DSY_HID_USB_H
   4:../../libDaisy//src/hid/usb.h **** #include <stdint.h>
   5:../../libDaisy//src/hid/usb.h **** #include <stdlib.h>
   6:../../libDaisy//src/hid/usb.h **** 
   7:../../libDaisy//src/hid/usb.h **** namespace daisy
   8:../../libDaisy//src/hid/usb.h **** /** @addtogroup human_interface
   9:../../libDaisy//src/hid/usb.h ****     @{
  10:../../libDaisy//src/hid/usb.h **** */
  11:../../libDaisy//src/hid/usb.h **** 
  12:../../libDaisy//src/hid/usb.h **** {
  13:../../libDaisy//src/hid/usb.h **** /** 
  14:../../libDaisy//src/hid/usb.h ****     @brief Interface for initializing and using the USB Peripherals on the daisy
  15:../../libDaisy//src/hid/usb.h ****     @author Stephen Hensley
  16:../../libDaisy//src/hid/usb.h ****     @date December 2019
  17:../../libDaisy//src/hid/usb.h **** */
  18:../../libDaisy//src/hid/usb.h **** class UsbHandle
  19:../../libDaisy//src/hid/usb.h **** {
  20:../../libDaisy//src/hid/usb.h ****   public:
  21:../../libDaisy//src/hid/usb.h ****     /** Return values for USBHandle Functions */
  22:../../libDaisy//src/hid/usb.h ****     enum class Result
  23:../../libDaisy//src/hid/usb.h ****     {
  24:../../libDaisy//src/hid/usb.h ****         OK,
  25:../../libDaisy//src/hid/usb.h ****         ERR,
  26:../../libDaisy//src/hid/usb.h ****     };
  27:../../libDaisy//src/hid/usb.h **** 
  28:../../libDaisy//src/hid/usb.h ****     /** Specified which of the two USB Peripherals to initialize. */
  29:../../libDaisy//src/hid/usb.h ****     enum UsbPeriph
  30:../../libDaisy//src/hid/usb.h ****     {
  31:../../libDaisy//src/hid/usb.h ****         FS_INTERNAL, /**< Internal pin */
  32:../../libDaisy//src/hid/usb.h ****         FS_EXTERNAL, /**< FS External D+ pin is Pin 38 (GPIO32). FS External D- pin is Pin 37 (GPIO
  33:../../libDaisy//src/hid/usb.h ****         FS_BOTH,     /**< Both */
  34:../../libDaisy//src/hid/usb.h ****     };
  35:../../libDaisy//src/hid/usb.h **** 
  36:../../libDaisy//src/hid/usb.h **** 
  37:../../libDaisy//src/hid/usb.h ****     /** Function called upon reception of a buffer */
  38:../../libDaisy//src/hid/usb.h ****     typedef void (*ReceiveCallback)(uint8_t* buff, uint32_t* len);
  39:../../libDaisy//src/hid/usb.h **** 
  40:../../libDaisy//src/hid/usb.h ****     UsbHandle() {}
  41:../../libDaisy//src/hid/usb.h **** 
  42:../../libDaisy//src/hid/usb.h ****     ~UsbHandle() {}
  79              		.loc 5 42 5 is_stmt 1 view .LVU9
  80              		.loc 5 42 5 is_stmt 0 view .LVU10
  81              	.LBE292:
  82              	.LBB293:
  83              	.LBI293:
  84              		.file 6 "../../libDaisy//src/per/adc.h"
   1:../../libDaisy//src/per/adc.h **** #pragma once
   2:../../libDaisy//src/per/adc.h **** #ifndef DSY_ADC_H
   3:../../libDaisy//src/per/adc.h **** #define DSY_ADC_H /**< Macro */
   4:../../libDaisy//src/per/adc.h **** #include <stdint.h>
   5:../../libDaisy//src/per/adc.h **** #include <stdlib.h>
ARM GAS  /var/folders/5h/m58cqcc50w3bl35rb6m75qwc0000gn/T//ccMbPTFj.s 			page 6


   6:../../libDaisy//src/per/adc.h **** #include "daisy_core.h"
   7:../../libDaisy//src/per/adc.h **** #include "per/gpio.h"
   8:../../libDaisy//src/per/adc.h **** 
   9:../../libDaisy//src/per/adc.h **** #define DSY_ADC_MAX_CHANNELS 16 /**< Maximum number of ADC channels */
  10:../../libDaisy//src/per/adc.h **** 
  11:../../libDaisy//src/per/adc.h **** namespace daisy
  12:../../libDaisy//src/per/adc.h **** {
  13:../../libDaisy//src/per/adc.h **** /** @addtogroup per_analog
  14:../../libDaisy//src/per/adc.h ****     @{
  15:../../libDaisy//src/per/adc.h **** */
  16:../../libDaisy//src/per/adc.h **** 
  17:../../libDaisy//src/per/adc.h **** /* While there may not be many configuration options here,
  18:../../libDaisy//src/per/adc.h **** using a struct like this allows us to add more configuration
  19:../../libDaisy//src/per/adc.h **** later without breaking existing functionality.
  20:../../libDaisy//src/per/adc.h **** */
  21:../../libDaisy//src/per/adc.h **** 
  22:../../libDaisy//src/per/adc.h **** /** @brief   Configuration Structure for an ADC Channel 
  23:../../libDaisy//src/per/adc.h ****  *  @details This can be used to configure a a single input, 
  24:../../libDaisy//src/per/adc.h ****  *           or a multiplexed input, allowing up to 8 inputs on 
  25:../../libDaisy//src/per/adc.h ****  *           one channel.
  26:../../libDaisy//src/per/adc.h ****  *  @note    Sharing data lines to multiple muxes _is_ possible, but
  27:../../libDaisy//src/per/adc.h ****  *           each channel sharing data lines must be set to the maximum
  28:../../libDaisy//src/per/adc.h ****  *           number of channels, even if some multiplexers have fewer
  29:../../libDaisy//src/per/adc.h ****  *           inputs connected.
  30:../../libDaisy//src/per/adc.h **** */
  31:../../libDaisy//src/per/adc.h **** struct AdcChannelConfig
  32:../../libDaisy//src/per/adc.h **** {
  33:../../libDaisy//src/per/adc.h ****     /** Which pin to use for multiplexing */
  34:../../libDaisy//src/per/adc.h ****     enum MuxPin
  35:../../libDaisy//src/per/adc.h ****     {
  36:../../libDaisy//src/per/adc.h ****         MUX_SEL_0,    /**< & */
  37:../../libDaisy//src/per/adc.h ****         MUX_SEL_1,    /**< & */
  38:../../libDaisy//src/per/adc.h ****         MUX_SEL_2,    /**< & */
  39:../../libDaisy//src/per/adc.h ****         MUX_SEL_LAST, /**< & */
  40:../../libDaisy//src/per/adc.h ****     };
  41:../../libDaisy//src/per/adc.h **** 
  42:../../libDaisy//src/per/adc.h ****     /** \brief per channel conversion speed added to fixed time based on bitdepth, etc. */
  43:../../libDaisy//src/per/adc.h ****     enum ConversionSpeed
  44:../../libDaisy//src/per/adc.h ****     {
  45:../../libDaisy//src/per/adc.h ****         SPEED_1CYCLES_5,
  46:../../libDaisy//src/per/adc.h ****         SPEED_2CYCLES_5,
  47:../../libDaisy//src/per/adc.h ****         SPEED_8CYCLES_5,
  48:../../libDaisy//src/per/adc.h ****         SPEED_16CYCLES_5,
  49:../../libDaisy//src/per/adc.h ****         SPEED_32CYCLES_5,
  50:../../libDaisy//src/per/adc.h ****         SPEED_64CYCLES_5,
  51:../../libDaisy//src/per/adc.h ****         SPEED_387CYCLES_5,
  52:../../libDaisy//src/per/adc.h ****         SPEED_810CYCLES_5,
  53:../../libDaisy//src/per/adc.h ****     };
  54:../../libDaisy//src/per/adc.h **** 
  55:../../libDaisy//src/per/adc.h ****     /** Initializes a single ADC pin as an ADC. 
  56:../../libDaisy//src/per/adc.h ****     \param pin Pin to init.
  57:../../libDaisy//src/per/adc.h ****     \param speed conversion speed for this pin defaults to 8.5 cycles
  58:../../libDaisy//src/per/adc.h ****      */
  59:../../libDaisy//src/per/adc.h ****     void InitSingle(dsy_gpio_pin pin, ConversionSpeed speed = SPEED_8CYCLES_5);
  60:../../libDaisy//src/per/adc.h **** 
  61:../../libDaisy//src/per/adc.h ****     /** 
  62:../../libDaisy//src/per/adc.h ****     Initializes a single ADC pin as a Multiplexed ADC.
ARM GAS  /var/folders/5h/m58cqcc50w3bl35rb6m75qwc0000gn/T//ccMbPTFj.s 			page 7


  63:../../libDaisy//src/per/adc.h ****     Requires a CD405X Multiplexer connected to the pin.
  64:../../libDaisy//src/per/adc.h ****     You only need to supply the mux pins that are required,
  65:../../libDaisy//src/per/adc.h ****     e.g. a 4052 mux would only require mux_0 and mux_1.
  66:../../libDaisy//src/per/adc.h ****     Internal Callbacks handle the pin addressing.
  67:../../libDaisy//src/per/adc.h ****     \param adc_pin &
  68:../../libDaisy//src/per/adc.h ****     \param mux_channels must be 1-8
  69:../../libDaisy//src/per/adc.h ****     \param mux_0 First mux pin
  70:../../libDaisy//src/per/adc.h ****     \param mux_1 Second mux pin
  71:../../libDaisy//src/per/adc.h ****     \param mux_2 Third mux pin
  72:../../libDaisy//src/per/adc.h ****     \param speed conversion speed for this pin defaults to 8.5 cycles
  73:../../libDaisy//src/per/adc.h ****     */
  74:../../libDaisy//src/per/adc.h ****     void InitMux(dsy_gpio_pin    adc_pin,
  75:../../libDaisy//src/per/adc.h ****                  size_t          mux_channels,
  76:../../libDaisy//src/per/adc.h ****                  dsy_gpio_pin    mux_0,
  77:../../libDaisy//src/per/adc.h ****                  dsy_gpio_pin    mux_1 = {DSY_GPIOX, 0},
  78:../../libDaisy//src/per/adc.h ****                  dsy_gpio_pin    mux_2 = {DSY_GPIOX, 0},
  79:../../libDaisy//src/per/adc.h ****                  ConversionSpeed speed = SPEED_8CYCLES_5);
  80:../../libDaisy//src/per/adc.h **** 
  81:../../libDaisy//src/per/adc.h ****     dsy_gpio        pin_;                   /**< & */
  82:../../libDaisy//src/per/adc.h ****     dsy_gpio        mux_pin_[MUX_SEL_LAST]; /**< & */
  83:../../libDaisy//src/per/adc.h ****     uint8_t         mux_channels_;          /**< & */
  84:../../libDaisy//src/per/adc.h ****     ConversionSpeed speed_;
  85:../../libDaisy//src/per/adc.h **** };
  86:../../libDaisy//src/per/adc.h **** 
  87:../../libDaisy//src/per/adc.h **** /**
  88:../../libDaisy//src/per/adc.h ****    @brief Handler for analog to digital conversion
  89:../../libDaisy//src/per/adc.h **** */
  90:../../libDaisy//src/per/adc.h **** class AdcHandle
  91:../../libDaisy//src/per/adc.h **** {
  92:../../libDaisy//src/per/adc.h ****   public:
  93:../../libDaisy//src/per/adc.h ****     /** Supported oversampling amounts */
  94:../../libDaisy//src/per/adc.h ****     enum OverSampling
  95:../../libDaisy//src/per/adc.h ****     {
  96:../../libDaisy//src/per/adc.h ****         OVS_NONE, /**< & */
  97:../../libDaisy//src/per/adc.h ****         OVS_4,    /**< & */
  98:../../libDaisy//src/per/adc.h ****         OVS_8,    /**< & */
  99:../../libDaisy//src/per/adc.h ****         OVS_16,   /**< & */
 100:../../libDaisy//src/per/adc.h ****         OVS_32,   /**< & */
 101:../../libDaisy//src/per/adc.h ****         OVS_64,   /**< & */
 102:../../libDaisy//src/per/adc.h ****         OVS_128,  /**< & */
 103:../../libDaisy//src/per/adc.h ****         OVS_256,  /**< & */
 104:../../libDaisy//src/per/adc.h ****         OVS_512,  /**< & */
 105:../../libDaisy//src/per/adc.h ****         OVS_1024, /**< & */
 106:../../libDaisy//src/per/adc.h ****         OVS_LAST, /**< & */
 107:../../libDaisy//src/per/adc.h ****     };
 108:../../libDaisy//src/per/adc.h **** 
 109:../../libDaisy//src/per/adc.h ****     AdcHandle() {}
 110:../../libDaisy//src/per/adc.h ****     ~AdcHandle() {}
  85              		.loc 6 110 5 is_stmt 1 view .LVU11
  86              		.loc 6 110 5 is_stmt 0 view .LVU12
  87              	.LBE293:
  88              	.LBB294:
  89              	.LBI294:
  90              		.file 7 "../../libDaisy//src/hid/audio.h"
   1:../../libDaisy//src/hid/audio.h **** #ifndef DSY_AUDIO_H
   2:../../libDaisy//src/hid/audio.h **** #define DSY_AUDIO_H /**< & */
   3:../../libDaisy//src/hid/audio.h **** 
ARM GAS  /var/folders/5h/m58cqcc50w3bl35rb6m75qwc0000gn/T//ccMbPTFj.s 			page 8


   4:../../libDaisy//src/hid/audio.h **** #include "per/sai.h"
   5:../../libDaisy//src/hid/audio.h **** 
   6:../../libDaisy//src/hid/audio.h **** namespace daisy
   7:../../libDaisy//src/hid/audio.h **** {
   8:../../libDaisy//src/hid/audio.h **** /** @brief Audio Engine Handle
   9:../../libDaisy//src/hid/audio.h ****  *  @ingroup audio 
  10:../../libDaisy//src/hid/audio.h ****  *  @details This class allows for higher level access to an audio engine.
  11:../../libDaisy//src/hid/audio.h ****  *           If you're using a SOM like the DaisySeed or DaisyPatchSM (or any 
  12:../../libDaisy//src/hid/audio.h ****  *            board that includes one of those objects) then the intialization
  13:../../libDaisy//src/hid/audio.h ****  *            is already taken  care of.
  14:../../libDaisy//src/hid/audio.h ****  *           If you're setting up your own custom hardware, or need to make changes
  15:../../libDaisy//src/hid/audio.h ****  *           you will have to take the following steps:
  16:../../libDaisy//src/hid/audio.h ****  *             1. Create and Initialize an SaiHandle or two depending on your requirements
  17:../../libDaisy//src/hid/audio.h ****  *             2. Initialize the Audio Handle with the desired settings and the Initialized SaiHand
  18:../../libDaisy//src/hid/audio.h ****  *             3. If the connected codec requires special configuration or initialization, do so
  19:../../libDaisy//src/hid/audio.h ****  *             4. Write a callback method using either the AudioCallback or the InterleavingAudioCa
  20:../../libDaisy//src/hid/audio.h ****  *             5. Start the Audio using one of the StartAudio function
  21:../../libDaisy//src/hid/audio.h ****  */
  22:../../libDaisy//src/hid/audio.h **** class AudioHandle
  23:../../libDaisy//src/hid/audio.h **** {
  24:../../libDaisy//src/hid/audio.h ****   public:
  25:../../libDaisy//src/hid/audio.h ****     /** Manually configurable details about the Audio Engine */
  26:../../libDaisy//src/hid/audio.h ****     /** TODO: Figure out how to get samplerate in here. */
  27:../../libDaisy//src/hid/audio.h ****     struct Config
  28:../../libDaisy//src/hid/audio.h ****     {
  29:../../libDaisy//src/hid/audio.h ****         /** number of samples to process per callback */
  30:../../libDaisy//src/hid/audio.h ****         size_t blocksize;
  31:../../libDaisy//src/hid/audio.h **** 
  32:../../libDaisy//src/hid/audio.h ****         /**< Sample rate of audio */
  33:../../libDaisy//src/hid/audio.h ****         SaiHandle::Config::SampleRate samplerate;
  34:../../libDaisy//src/hid/audio.h **** 
  35:../../libDaisy//src/hid/audio.h ****         /** factor for adjustment before and after callback for hardware that may have extra headro
  36:../../libDaisy//src/hid/audio.h ****         float postgain;
  37:../../libDaisy//src/hid/audio.h **** 
  38:../../libDaisy//src/hid/audio.h ****         /** factor for additional one-sided compensation to audio path for hardware that may
  39:../../libDaisy//src/hid/audio.h ****          *  have unequal input/output ranges
  40:../../libDaisy//src/hid/audio.h ****          */
  41:../../libDaisy//src/hid/audio.h ****         float output_compensation;
  42:../../libDaisy//src/hid/audio.h **** 
  43:../../libDaisy//src/hid/audio.h ****         /** Sets default values for config struct */
  44:../../libDaisy//src/hid/audio.h ****         Config()
  45:../../libDaisy//src/hid/audio.h ****         : blocksize(48),
  46:../../libDaisy//src/hid/audio.h ****           samplerate(SaiHandle::Config::SampleRate::SAI_48KHZ),
  47:../../libDaisy//src/hid/audio.h ****           postgain(1.f),
  48:../../libDaisy//src/hid/audio.h ****           output_compensation(1.f)
  49:../../libDaisy//src/hid/audio.h ****         {
  50:../../libDaisy//src/hid/audio.h ****         }
  51:../../libDaisy//src/hid/audio.h ****     };
  52:../../libDaisy//src/hid/audio.h **** 
  53:../../libDaisy//src/hid/audio.h ****     enum class Result
  54:../../libDaisy//src/hid/audio.h ****     {
  55:../../libDaisy//src/hid/audio.h ****         OK,
  56:../../libDaisy//src/hid/audio.h ****         ERR,
  57:../../libDaisy//src/hid/audio.h ****     };
  58:../../libDaisy//src/hid/audio.h **** 
  59:../../libDaisy//src/hid/audio.h ****     /** Non-Interleaving input buffer
  60:../../libDaisy//src/hid/audio.h ****      * Buffer arranged by float[chn][sample] 
ARM GAS  /var/folders/5h/m58cqcc50w3bl35rb6m75qwc0000gn/T//ccMbPTFj.s 			page 9


  61:../../libDaisy//src/hid/audio.h ****      * const so that the user can't modify the input
  62:../../libDaisy//src/hid/audio.h ****      */
  63:../../libDaisy//src/hid/audio.h ****     typedef const float* const* InputBuffer;
  64:../../libDaisy//src/hid/audio.h **** 
  65:../../libDaisy//src/hid/audio.h ****     /** Non-Interleaving output buffer
  66:../../libDaisy//src/hid/audio.h ****      * Arranged by float[chn][sample] 
  67:../../libDaisy//src/hid/audio.h ****      */
  68:../../libDaisy//src/hid/audio.h ****     typedef float** OutputBuffer;
  69:../../libDaisy//src/hid/audio.h **** 
  70:../../libDaisy//src/hid/audio.h ****     /** Type for a Non-Interleaving audio callback 
  71:../../libDaisy//src/hid/audio.h ****      * Non-Interleaving audio callbacks in daisy will be of this type
  72:../../libDaisy//src/hid/audio.h ****      */
  73:../../libDaisy//src/hid/audio.h ****     typedef void (*AudioCallback)(InputBuffer  in,
  74:../../libDaisy//src/hid/audio.h ****                                   OutputBuffer out,
  75:../../libDaisy//src/hid/audio.h ****                                   size_t       size);
  76:../../libDaisy//src/hid/audio.h **** 
  77:../../libDaisy//src/hid/audio.h ****     /** Interleaving Input buffer
  78:../../libDaisy//src/hid/audio.h ****      ** audio is prepared as { L0, R0, L1, R1, . . . LN, RN }]
  79:../../libDaisy//src/hid/audio.h ****      ** this is const, as the user shouldn't modify it
  80:../../libDaisy//src/hid/audio.h ****     */
  81:../../libDaisy//src/hid/audio.h ****     typedef const float* InterleavingInputBuffer;
  82:../../libDaisy//src/hid/audio.h **** 
  83:../../libDaisy//src/hid/audio.h ****     /** Interleaving Output buffer 
  84:../../libDaisy//src/hid/audio.h ****      ** audio is prepared as { L0, R0, L1, R1, . . . LN, RN }
  85:../../libDaisy//src/hid/audio.h ****     */
  86:../../libDaisy//src/hid/audio.h ****     typedef float* InterleavingOutputBuffer;
  87:../../libDaisy//src/hid/audio.h **** 
  88:../../libDaisy//src/hid/audio.h ****     /** Interleaving Audio Callback 
  89:../../libDaisy//src/hid/audio.h ****      * Interleaving audio callbacks in daisy must be of this type
  90:../../libDaisy//src/hid/audio.h ****      */
  91:../../libDaisy//src/hid/audio.h ****     typedef void (*InterleavingAudioCallback)(InterleavingInputBuffer  in,
  92:../../libDaisy//src/hid/audio.h ****                                               InterleavingOutputBuffer out,
  93:../../libDaisy//src/hid/audio.h ****                                               size_t                   size);
  94:../../libDaisy//src/hid/audio.h **** 
  95:../../libDaisy//src/hid/audio.h ****     AudioHandle() : pimpl_(nullptr) {}
  96:../../libDaisy//src/hid/audio.h ****     ~AudioHandle() {}
  91              		.loc 7 96 5 is_stmt 1 view .LVU13
  92              		.loc 7 96 5 is_stmt 0 view .LVU14
  93              	.LBE294:
  94              	.LBB295:
  95              	.LBI295:
  96              		.file 8 "../../libDaisy//src/sys/system.h"
   1:../../libDaisy//src/sys/system.h **** #ifndef DSY_SYSTEM_H
   2:../../libDaisy//src/sys/system.h **** #define DSY_SYSTEM_H
   3:../../libDaisy//src/sys/system.h **** 
   4:../../libDaisy//src/sys/system.h **** #ifndef UNIT_TEST // for unit tests, a dummy implementation is provided below
   5:../../libDaisy//src/sys/system.h **** 
   6:../../libDaisy//src/sys/system.h **** #include <cstdint>
   7:../../libDaisy//src/sys/system.h **** #include "per/tim.h"
   8:../../libDaisy//src/sys/system.h **** 
   9:../../libDaisy//src/sys/system.h **** namespace daisy
  10:../../libDaisy//src/sys/system.h **** {
  11:../../libDaisy//src/sys/system.h **** /** A handle for interacting with the Core System.
  12:../../libDaisy//src/sys/system.h ****  ** This includes the Clock tree, MPU, global DMA initialization,
  13:../../libDaisy//src/sys/system.h ****  ** cache handling, and any other necessary global initiailzation
  14:../../libDaisy//src/sys/system.h ****  **
  15:../../libDaisy//src/sys/system.h ****  ** @author shensley
ARM GAS  /var/folders/5h/m58cqcc50w3bl35rb6m75qwc0000gn/T//ccMbPTFj.s 			page 10


  16:../../libDaisy//src/sys/system.h ****  ** @ingroup system
  17:../../libDaisy//src/sys/system.h ****  */
  18:../../libDaisy//src/sys/system.h **** class System
  19:../../libDaisy//src/sys/system.h **** {
  20:../../libDaisy//src/sys/system.h ****   public:
  21:../../libDaisy//src/sys/system.h ****     /** Contains settings for initializing the System */
  22:../../libDaisy//src/sys/system.h ****     struct Config
  23:../../libDaisy//src/sys/system.h ****     {
  24:../../libDaisy//src/sys/system.h ****         /** Specifies the system clock frequency that feeds APB/AHB clocks, etc. */
  25:../../libDaisy//src/sys/system.h ****         enum class SysClkFreq
  26:../../libDaisy//src/sys/system.h ****         {
  27:../../libDaisy//src/sys/system.h ****             FREQ_400MHZ,
  28:../../libDaisy//src/sys/system.h ****             FREQ_480MHZ,
  29:../../libDaisy//src/sys/system.h ****         };
  30:../../libDaisy//src/sys/system.h **** 
  31:../../libDaisy//src/sys/system.h ****         /** Method to call on the struct to set to defaults
  32:../../libDaisy//src/sys/system.h ****          ** CPU Freq set to 400MHz
  33:../../libDaisy//src/sys/system.h ****          ** Cache Enabled
  34:../../libDaisy//src/sys/system.h ****          ** */
  35:../../libDaisy//src/sys/system.h ****         void Defaults()
  36:../../libDaisy//src/sys/system.h ****         {
  37:../../libDaisy//src/sys/system.h ****             cpu_freq    = SysClkFreq::FREQ_400MHZ;
  38:../../libDaisy//src/sys/system.h ****             use_dcache  = true;
  39:../../libDaisy//src/sys/system.h ****             use_icache  = true;
  40:../../libDaisy//src/sys/system.h ****             skip_clocks = false;
  41:../../libDaisy//src/sys/system.h ****         }
  42:../../libDaisy//src/sys/system.h **** 
  43:../../libDaisy//src/sys/system.h ****         /** Method to call on the struct to set to boost mode:
  44:../../libDaisy//src/sys/system.h ****          ** CPU Freq set to 480MHz
  45:../../libDaisy//src/sys/system.h ****          ** Cache Enabled
  46:../../libDaisy//src/sys/system.h ****          ** */
  47:../../libDaisy//src/sys/system.h ****         void Boost()
  48:../../libDaisy//src/sys/system.h ****         {
  49:../../libDaisy//src/sys/system.h ****             cpu_freq    = SysClkFreq::FREQ_480MHZ;
  50:../../libDaisy//src/sys/system.h ****             use_dcache  = true;
  51:../../libDaisy//src/sys/system.h ****             use_icache  = true;
  52:../../libDaisy//src/sys/system.h ****             skip_clocks = false;
  53:../../libDaisy//src/sys/system.h ****         }
  54:../../libDaisy//src/sys/system.h **** 
  55:../../libDaisy//src/sys/system.h ****         SysClkFreq cpu_freq;
  56:../../libDaisy//src/sys/system.h ****         bool       use_dcache;
  57:../../libDaisy//src/sys/system.h ****         bool       use_icache;
  58:../../libDaisy//src/sys/system.h ****         bool       skip_clocks;
  59:../../libDaisy//src/sys/system.h ****     };
  60:../../libDaisy//src/sys/system.h **** 
  61:../../libDaisy//src/sys/system.h ****     /** Describes the different regions of memory available to the Daisy */
  62:../../libDaisy//src/sys/system.h ****     enum MemoryRegion
  63:../../libDaisy//src/sys/system.h ****     {
  64:../../libDaisy//src/sys/system.h ****         INTERNAL_FLASH = 0,
  65:../../libDaisy//src/sys/system.h ****         ITCMRAM,
  66:../../libDaisy//src/sys/system.h ****         DTCMRAM,
  67:../../libDaisy//src/sys/system.h ****         SRAM_D1,
  68:../../libDaisy//src/sys/system.h ****         SRAM_D2,
  69:../../libDaisy//src/sys/system.h ****         SRAM_D3,
  70:../../libDaisy//src/sys/system.h ****         SDRAM,
  71:../../libDaisy//src/sys/system.h ****         QSPI,
  72:../../libDaisy//src/sys/system.h ****         INVALID_ADDRESS,
ARM GAS  /var/folders/5h/m58cqcc50w3bl35rb6m75qwc0000gn/T//ccMbPTFj.s 			page 11


  73:../../libDaisy//src/sys/system.h ****     };
  74:../../libDaisy//src/sys/system.h **** 
  75:../../libDaisy//src/sys/system.h ****     /** Bootloader struct for controlling bootloading parameters */
  76:../../libDaisy//src/sys/system.h ****     struct BootInfo
  77:../../libDaisy//src/sys/system.h ****     {
  78:../../libDaisy//src/sys/system.h ****         enum class Type : uint32_t
  79:../../libDaisy//src/sys/system.h ****         {
  80:../../libDaisy//src/sys/system.h ****             INVALID      = 0x00000000,
  81:../../libDaisy//src/sys/system.h ****             JUMP         = 0xDEADBEEF,
  82:../../libDaisy//src/sys/system.h ****             SKIP_TIMEOUT = 0x5AFEB007,
  83:../../libDaisy//src/sys/system.h ****             INF_TIMEOUT  = 0xB0074EFA,
  84:../../libDaisy//src/sys/system.h ****         } status;
  85:../../libDaisy//src/sys/system.h ****         uint32_t data;
  86:../../libDaisy//src/sys/system.h ****         enum class Version : uint32_t
  87:../../libDaisy//src/sys/system.h ****         {
  88:../../libDaisy//src/sys/system.h ****             LT_v6_0 = 0, // Less than v6.0
  89:../../libDaisy//src/sys/system.h ****             NONE,        // No bootloader present
  90:../../libDaisy//src/sys/system.h ****             v6_0,        // v6.0
  91:../../libDaisy//src/sys/system.h ****             v6_1,        // v6.1 or greater
  92:../../libDaisy//src/sys/system.h ****             LAST
  93:../../libDaisy//src/sys/system.h ****         } version;
  94:../../libDaisy//src/sys/system.h ****     };
  95:../../libDaisy//src/sys/system.h **** 
  96:../../libDaisy//src/sys/system.h ****     System() {}
  97:../../libDaisy//src/sys/system.h ****     ~System() {}
  97              		.loc 8 97 5 is_stmt 1 view .LVU15
  98              		.loc 8 97 5 is_stmt 0 view .LVU16
  99              	.LBE295:
 100              		.loc 2 65 26 view .LVU17
 101 0000 7047     		bx	lr
 102              		.cfi_endproc
 103              	.LFE2556:
 105              		.weak	_ZN5daisy8patch_sm12DaisyPatchSMD1Ev
 106              		.thumb_set _ZN5daisy8patch_sm12DaisyPatchSMD1Ev,_ZN5daisy8patch_sm12DaisyPatchSMD2Ev
 107 0002 00BF     		.section	.text._ZN7Kick9097ProcessEv,"axG",%progbits,_ZN7Kick9097ProcessEv,comdat
 108              		.align	1
 109              		.p2align 2,,3
 110              		.weak	_ZN7Kick9097ProcessEv
 111              		.syntax unified
 112              		.thumb
 113              		.thumb_func
 115              	_ZN7Kick9097ProcessEv:
 116              	.LVL2:
 117              	.LFB4708:
 118              		.file 9 "JE-909.cpp"
   1:JE-909.cpp    **** #include "daisy_patch_sm.h"
   2:JE-909.cpp    **** #include "daisysp.h"
   3:JE-909.cpp    **** #include <cmath>
   4:JE-909.cpp    **** #include <cstdint>
   5:JE-909.cpp    **** 
   6:JE-909.cpp    **** 
   7:JE-909.cpp    **** using namespace daisy;
   8:JE-909.cpp    **** using namespace patch_sm;
   9:JE-909.cpp    **** using namespace daisysp;
  10:JE-909.cpp    **** 
  11:JE-909.cpp    **** DaisyPatchSM hw;
  12:JE-909.cpp    **** Switch button; // B7 Kick mute
ARM GAS  /var/folders/5h/m58cqcc50w3bl35rb6m75qwc0000gn/T//ccMbPTFj.s 			page 12


  13:JE-909.cpp    **** Switch toggle; // B8 Sidechain on/off
  14:JE-909.cpp    **** 
  15:JE-909.cpp    **** // ------------------------------------------------------------
  16:JE-909.cpp    **** // Constants
  17:JE-909.cpp    **** // ------------------------------------------------------------
  18:JE-909.cpp    **** 
  19:JE-909.cpp    **** static constexpr float TWO_PI = 6.28318530718f;
  20:JE-909.cpp    **** 
  21:JE-909.cpp    **** // CV_5 trigger detector thresholds.
  22:JE-909.cpp    **** // These are intentionally conservative.
  23:JE-909.cpp    **** // If trigger is not detected, lower TRIG_HIGH.
  24:JE-909.cpp    **** // If it double-triggers, reaise TRIG_HIGH or raise TRIG_LOW slightly.
  25:JE-909.cpp    **** static constexpr float TRIG_HIGH = 0.25f;
  26:JE-909.cpp    **** static constexpr float TRIG_LOW  = 0.10f;
  27:JE-909.cpp    **** 
  28:JE-909.cpp    **** // ------------------------------------------------------------
  29:JE-909.cpp    **** // Utility functions
  30:JE-909.cpp    **** // ------------------------------------------------------------
  31:JE-909.cpp    **** 
  32:JE-909.cpp    **** static inline float Clamp(float x, float lo, float hi)
  33:JE-909.cpp    **** {
  34:JE-909.cpp    **** 	if (x < lo) return lo;
  35:JE-909.cpp    **** 	if (x > hi) return hi;
  36:JE-909.cpp    **** 	return x;
  37:JE-909.cpp    **** }
  38:JE-909.cpp    **** 
  39:JE-909.cpp    **** static inline float MapLin(float x, float out_min, float out_max)
  40:JE-909.cpp    **** {
  41:JE-909.cpp    **** 	x = Clamp(x, 0.0f, 1.0f);
  42:JE-909.cpp    **** 	return out_min + x * (out_max - out_min);
  43:JE-909.cpp    **** }
  44:JE-909.cpp    **** 
  45:JE-909.cpp    **** static inline float MapExp(float x, float out_min, float out_max)
  46:JE-909.cpp    **** {
  47:JE-909.cpp    **** 	x = Clamp(x, 0.0f, 1.0f);
  48:JE-909.cpp    **** 
  49:JE-909.cpp    **** 	// Exponential mapping is better for frequency and time
  50:JE-909.cpp    ****     // because our ears do not perceive those linearly.
  51:JE-909.cpp    **** 	return out_min * powf(out_max / out_min, x);
  52:JE-909.cpp    **** }
  53:JE-909.cpp    **** 
  54:JE-909.cpp    **** static inline float OnePoleCoeff(float cutoff_hz, float sample_rate)
  55:JE-909.cpp    **** {
  56:JE-909.cpp    **** 	cutoff_hz = Clamp(cutoff_hz, 1.0f, sample_rate * 0.45f);
  57:JE-909.cpp    **** 	return 1.0f - expf(-TWO_PI * cutoff_hz / sample_rate);
  58:JE-909.cpp    **** }
  59:JE-909.cpp    **** 
  60:JE-909.cpp    **** // ------------------------------------------------------------
  61:JE-909.cpp    **** // Exponential decay envelope
  62:JE-909.cpp    **** // This models the behavior of a capacitor discharging through
  63:JE-909.cpp    **** // a resistor: V(t) = V0 * e^(-t / tau)
  64:JE-909.cpp    **** // ------------------------------------------------------------
  65:JE-909.cpp    **** 
  66:JE-909.cpp    **** struct ExpDecayEnv
  67:JE-909.cpp    **** {
  68:JE-909.cpp    **** 	float sample_rate = 48000.0f;
  69:JE-909.cpp    **** 	float value = 0.0f;
ARM GAS  /var/folders/5h/m58cqcc50w3bl35rb6m75qwc0000gn/T//ccMbPTFj.s 			page 13


  70:JE-909.cpp    **** 	float coeff = 0.999f;
  71:JE-909.cpp    **** 
  72:JE-909.cpp    **** 	void Init(float sr, float decay_seconds)
  73:JE-909.cpp    **** 	{
  74:JE-909.cpp    **** 		sample_rate = sr;
  75:JE-909.cpp    **** 		SetDecay(decay_seconds);
  76:JE-909.cpp    **** 		value = 0.0f;
  77:JE-909.cpp    **** 	}
  78:JE-909.cpp    **** 
  79:JE-909.cpp    **** 	void SetDecay(float decay_seconds)
  80:JE-909.cpp    **** 	{
  81:JE-909.cpp    **** 		decay_seconds = Clamp(decay_seconds, 0.0001f, 10.0f);
  82:JE-909.cpp    **** 		coeff = expf(-1.0f / (decay_seconds * sample_rate));
  83:JE-909.cpp    **** 	}
  84:JE-909.cpp    **** 
  85:JE-909.cpp    **** 	void Trigger()
  86:JE-909.cpp    **** 	{
  87:JE-909.cpp    **** 		value = 1.0f;
  88:JE-909.cpp    **** 	}
  89:JE-909.cpp    **** 
  90:JE-909.cpp    **** 	float Process()
  91:JE-909.cpp    **** 	{
  92:JE-909.cpp    **** 		float out = value;
  93:JE-909.cpp    **** 
  94:JE-909.cpp    **** 		value *= coeff;
  95:JE-909.cpp    **** 
  96:JE-909.cpp    **** 		if(value < 0.000001f)
  97:JE-909.cpp    **** 			value = 0.0f;
  98:JE-909.cpp    **** 		return out;
  99:JE-909.cpp    **** 	}
 100:JE-909.cpp    **** };
 101:JE-909.cpp    **** 
 102:JE-909.cpp    **** // ------------------------------------------------------------
 103:JE-909.cpp    **** // One-pole low-pass filter
 104:JE-909.cpp    **** // Digital equivalent of a simple RC low-pass filter.
 105:JE-909.cpp    **** // ------------------------------------------------------------
 106:JE-909.cpp    **** 
 107:JE-909.cpp    **** struct OnePoleLPF
 108:JE-909.cpp    **** {
 109:JE-909.cpp    **** 	float sample_rate = 48000.0f;
 110:JE-909.cpp    **** 	float z = 0.0f;
 111:JE-909.cpp    **** 	float a = 0.1f;
 112:JE-909.cpp    **** 
 113:JE-909.cpp    **** 	void Init(float sr, float cutoff_hz)
 114:JE-909.cpp    **** 	{ 
 115:JE-909.cpp    **** 		sample_rate = sr;
 116:JE-909.cpp    **** 		z = 0.0f;
 117:JE-909.cpp    **** 		SetCutoff(cutoff_hz);
 118:JE-909.cpp    **** 	}
 119:JE-909.cpp    **** 
 120:JE-909.cpp    **** 	void SetCutoff(float cutoff_hz)
 121:JE-909.cpp    **** 	{ 
 122:JE-909.cpp    **** 		a = OnePoleCoeff(cutoff_hz, sample_rate);
 123:JE-909.cpp    **** 	}
 124:JE-909.cpp    **** 
 125:JE-909.cpp    **** 	float Process(float x)
 126:JE-909.cpp    **** 	{
ARM GAS  /var/folders/5h/m58cqcc50w3bl35rb6m75qwc0000gn/T//ccMbPTFj.s 			page 14


 127:JE-909.cpp    **** 		z += a * (x - z);
 128:JE-909.cpp    **** 		return z;
 129:JE-909.cpp    **** 	}
 130:JE-909.cpp    **** 
 131:JE-909.cpp    **** };
 132:JE-909.cpp    **** 
 133:JE-909.cpp    **** // ------------------------------------------------------------
 134:JE-909.cpp    **** // Biquad band-pass filter
 135:JE-909.cpp    **** // This is used to model the band-pass part of the 909 pulse
 136:JE-909.cpp    **** // shaping circuit.
 137:JE-909.cpp    **** // ------------------------------------------------------------
 138:JE-909.cpp    **** 
 139:JE-909.cpp    **** struct BiquadBandpass
 140:JE-909.cpp    **** {
 141:JE-909.cpp    **** 	float sample_rate = 48000.0f;
 142:JE-909.cpp    **** 
 143:JE-909.cpp    **** 	float b0 = 0.0f;
 144:JE-909.cpp    **** 	float b1 = 0.0f;
 145:JE-909.cpp    **** 	float b2 = 0.0f;
 146:JE-909.cpp    **** 	float a1 = 0.0f;
 147:JE-909.cpp    **** 	float a2 = 0.0f;
 148:JE-909.cpp    **** 
 149:JE-909.cpp    **** 	float x1 = 0.0f;
 150:JE-909.cpp    **** 	float x2 = 0.0f;
 151:JE-909.cpp    **** 	float y1 = 0.0f;
 152:JE-909.cpp    **** 	float y2 = 0.0f;
 153:JE-909.cpp    **** 
 154:JE-909.cpp    **** 	void Init(float sr, float cutoff_hz, float q)
 155:JE-909.cpp    **** 	{
 156:JE-909.cpp    **** 		sample_rate = sr;
 157:JE-909.cpp    **** 		x1 = x2 = y1 = y2 = 0.0f;
 158:JE-909.cpp    **** 		Set(cutoff_hz, q);
 159:JE-909.cpp    **** 	}
 160:JE-909.cpp    **** 
 161:JE-909.cpp    **** 	void Set(float cutoff_hz, float q)
 162:JE-909.cpp    **** 	{
 163:JE-909.cpp    **** 		cutoff_hz = Clamp(cutoff_hz, 20.0f, sample_rate * 0.45f);
 164:JE-909.cpp    **** 		q = Clamp(q, 0.1f, 10.0f);
 165:JE-909.cpp    **** 
 166:JE-909.cpp    **** 		float omega = TWO_PI * cutoff_hz / sample_rate;
 167:JE-909.cpp    **** 		float sn = sinf(omega);
 168:JE-909.cpp    **** 		float cs = cosf(omega);
 169:JE-909.cpp    **** 		float alpha = sn / (2.0f * q);
 170:JE-909.cpp    **** 
 171:JE-909.cpp    **** 		float raw_b0 = alpha;
 172:JE-909.cpp    **** 		float raw_b1 = 0.0f;
 173:JE-909.cpp    **** 		float raw_b2 = -alpha;
 174:JE-909.cpp    **** 		float raw_a0 = 1.0f + alpha;
 175:JE-909.cpp    **** 		float raw_a1 = -2.0f * cs;
 176:JE-909.cpp    **** 		float raw_a2 = 1.0f - alpha;
 177:JE-909.cpp    **** 
 178:JE-909.cpp    **** 		b0 = raw_b0 / raw_a0;
 179:JE-909.cpp    ****         b1 = raw_b1 / raw_a0;
 180:JE-909.cpp    ****         b2 = raw_b2 / raw_a0;
 181:JE-909.cpp    ****         a1 = raw_a1 / raw_a0;
 182:JE-909.cpp    ****         a2 = raw_a2 / raw_a0;
 183:JE-909.cpp    **** 	}
ARM GAS  /var/folders/5h/m58cqcc50w3bl35rb6m75qwc0000gn/T//ccMbPTFj.s 			page 15


 184:JE-909.cpp    **** 
 185:JE-909.cpp    **** 	float Process (float x)
 186:JE-909.cpp    **** 	{
 187:JE-909.cpp    **** 		float y = b0 * x + b1 * x1 + b2 * x2 - a1 * y1 - a2 * y2;
 188:JE-909.cpp    **** 
 189:JE-909.cpp    **** 		x2 = x1;
 190:JE-909.cpp    **** 		x1 = x;
 191:JE-909.cpp    **** 
 192:JE-909.cpp    **** 		y2 = y1;
 193:JE-909.cpp    **** 		y1 = y;
 194:JE-909.cpp    **** 
 195:JE-909.cpp    **** 		return y;
 196:JE-909.cpp    **** 	}
 197:JE-909.cpp    **** };
 198:JE-909.cpp    **** 
 199:JE-909.cpp    **** // ------------------------------------------------------------
 200:JE-909.cpp    **** // DC blocker
 201:JE-909.cpp    **** // Removes offset from asymmetric saturation.
 202:JE-909.cpp    **** // Similar in purpose to AC coupling at an analog output.
 203:JE-909.cpp    **** // ------------------------------------------------------------
 204:JE-909.cpp    **** 
 205:JE-909.cpp    **** struct DCBlocker
 206:JE-909.cpp    **** {
 207:JE-909.cpp    **** 	float x1 = 0.0f;
 208:JE-909.cpp    **** 	float y1 = 0.0f;
 209:JE-909.cpp    **** 	float R = 0.995f;
 210:JE-909.cpp    **** 
 211:JE-909.cpp    **** 	void Init()
 212:JE-909.cpp    **** 	{
 213:JE-909.cpp    **** 		x1 = 0.0f;
 214:JE-909.cpp    **** 		y1 = 0.0f;
 215:JE-909.cpp    **** 	}
 216:JE-909.cpp    **** 
 217:JE-909.cpp    **** 	float Process(float x)
 218:JE-909.cpp    **** 	{
 219:JE-909.cpp    **** 		float y = x - x1 + R * y1;
 220:JE-909.cpp    **** 
 221:JE-909.cpp    **** 		x1 = x;
 222:JE-909.cpp    **** 		y1 = y;
 223:JE-909.cpp    **** 
 224:JE-909.cpp    **** 		return y;
 225:JE-909.cpp    **** 	}
 226:JE-909.cpp    **** };
 227:JE-909.cpp    **** 
 228:JE-909.cpp    **** struct Kick909
 229:JE-909.cpp    **** {
 230:JE-909.cpp    **** 	float sample_rate = 48000.0f;
 231:JE-909.cpp    **** 
 232:JE-909.cpp    **** 	float phase = 0.0f;
 233:JE-909.cpp    **** 	float base_freq = 50.f;
 234:JE-909.cpp    **** 	float drive_amount = 0.0f;
 235:JE-909.cpp    **** 	float level = 0.8f;
 236:JE-909.cpp    **** 
 237:JE-909.cpp    **** 	ExpDecayEnv env1_body;   // ENV-1: body amplitude, responsible for punch
 238:JE-909.cpp    ****     ExpDecayEnv env2_attack; // ENV-2: attack VCA envelope
 239:JE-909.cpp    ****     ExpDecayEnv env3_pitch;  // ENV-3: pitch modulation envelope
 240:JE-909.cpp    ****     ExpDecayEnv pulse_env;   // helper envelope for pulse-generator behavior
ARM GAS  /var/folders/5h/m58cqcc50w3bl35rb6m75qwc0000gn/T//ccMbPTFj.s 			page 16


 241:JE-909.cpp    **** 
 242:JE-909.cpp    ****     OnePoleLPF noise_lpf;    // low-pass filtered noise path
 243:JE-909.cpp    ****     OnePoleLPF pulse_lpf;    // low-pass part of pulse shaping
 244:JE-909.cpp    ****     BiquadBandpass pulse_bpf; // band-pass part of pulse shaping
 245:JE-909.cpp    ****     OnePoleLPF output_lpf;   // final output smoothing
 246:JE-909.cpp    ****     DCBlocker dc_blocker;
 247:JE-909.cpp    **** 
 248:JE-909.cpp    **** 	uint32_t rng = 1;
 249:JE-909.cpp    **** 
 250:JE-909.cpp    **** 	void Init(float sr)
 251:JE-909.cpp    **** 	{
 252:JE-909.cpp    **** 		sample_rate = sr;
 253:JE-909.cpp    **** 		phase = 0.0f;
 254:JE-909.cpp    **** 
 255:JE-909.cpp    **** 		env1_body.Init(sample_rate, 0.45f);
 256:JE-909.cpp    **** 		env2_attack.Init(sample_rate, 0.014f);
 257:JE-909.cpp    **** 		env3_pitch.Init(sample_rate, 0.035f);
 258:JE-909.cpp    **** 		pulse_env.Init(sample_rate, 0.0011f);
 259:JE-909.cpp    **** 
 260:JE-909.cpp    **** 		noise_lpf.Init(sample_rate, 6500.0f);
 261:JE-909.cpp    **** 		pulse_lpf.Init(sample_rate, 8500.0f);
 262:JE-909.cpp    **** 		pulse_bpf.Init(sample_rate, 4800.0f, 0.85f);
 263:JE-909.cpp    **** 		output_lpf.Init(sample_rate, 14000.0f);
 264:JE-909.cpp    **** 
 265:JE-909.cpp    **** 		dc_blocker.Init();
 266:JE-909.cpp    **** 
 267:JE-909.cpp    **** 		rng = 1;
 268:JE-909.cpp    **** 	}
 269:JE-909.cpp    **** 
 270:JE-909.cpp    **** 	void SetParrams(float tune_knob, float decay_knob, float drive_knob, float level_knob)
 271:JE-909.cpp    **** 	{
 272:JE-909.cpp    **** 		base_freq = MapExp(tune_knob, 32.70f, 65.41f);
 273:JE-909.cpp    **** 
 274:JE-909.cpp    **** 		float decay_seconds = MapExp(decay_knob, 0.10f, 1.60f);
 275:JE-909.cpp    **** 		env1_body.SetDecay(decay_seconds);
 276:JE-909.cpp    **** 
 277:JE-909.cpp    **** 		env2_attack.SetDecay(0.014f);
 278:JE-909.cpp    **** 		env3_pitch.SetDecay(0.035f);
 279:JE-909.cpp    **** 		pulse_env.SetDecay(0.0011f);
 280:JE-909.cpp    **** 
 281:JE-909.cpp    **** 		drive_amount = Clamp(drive_knob, 0.0f, 1.0f);
 282:JE-909.cpp    **** 
 283:JE-909.cpp    **** 		level = level_knob * 1.25f;
 284:JE-909.cpp    **** 	}
 285:JE-909.cpp    **** 
 286:JE-909.cpp    **** 	void Trigger()
 287:JE-909.cpp    **** 	{
 288:JE-909.cpp    **** 		env1_body.Trigger();
 289:JE-909.cpp    **** 		env2_attack.Trigger();
 290:JE-909.cpp    **** 		env3_pitch.Trigger();
 291:JE-909.cpp    **** 		pulse_env.Trigger();
 292:JE-909.cpp    **** 
 293:JE-909.cpp    **** 		phase = 0.0f;
 294:JE-909.cpp    **** 	}
 295:JE-909.cpp    **** 
 296:JE-909.cpp    **** 	float WhiteNoise()
 297:JE-909.cpp    **** 	{
ARM GAS  /var/folders/5h/m58cqcc50w3bl35rb6m75qwc0000gn/T//ccMbPTFj.s 			page 17


 298:JE-909.cpp    **** 		rng = 1664525UL * rng + 1013904223UL;
 299:JE-909.cpp    **** 
 300:JE-909.cpp    **** 		uint32_t bits = (rng >> 9) | 0x3f800000UL;
 301:JE-909.cpp    **** 		
 302:JE-909.cpp    **** 		union 
 303:JE-909.cpp    **** 		{
 304:JE-909.cpp    **** 			uint32_t i;
 305:JE-909.cpp    **** 			float f;
 306:JE-909.cpp    **** 		} u;
 307:JE-909.cpp    **** 
 308:JE-909.cpp    **** 		u.i = bits;
 309:JE-909.cpp    **** 
 310:JE-909.cpp    **** 		float uni = u.f - 1.0f;
 311:JE-909.cpp    **** 
 312:JE-909.cpp    **** 		return uni * 2.0f - 1.0f;
 313:JE-909.cpp    **** 	}
 314:JE-909.cpp    **** 
 315:JE-909.cpp    **** 	float DiodeShape(float x)
 316:JE-909.cpp    **** 	{
 317:JE-909.cpp    **** 		float shape_gain = 1.85f;
 318:JE-909.cpp    **** 
 319:JE-909.cpp    **** 		float y = tanhf(x * shape_gain);
 320:JE-909.cpp    **** 
 321:JE-909.cpp    **** 		y /= tanhf(shape_gain);
 322:JE-909.cpp    **** 
 323:JE-909.cpp    **** 		return y;
 324:JE-909.cpp    **** 	}
 325:JE-909.cpp    **** 
 326:JE-909.cpp    **** 	float Drive(float x)
 327:JE-909.cpp    **** 	{ 
 328:JE-909.cpp    **** 		float d = drive_amount;
 329:JE-909.cpp    **** 
 330:JE-909.cpp    **** 		float pregain = 1.0f + 24.0f * d * d;
 331:JE-909.cpp    **** 		float bias = 0.08f * d;
 332:JE-909.cpp    **** 
 333:JE-909.cpp    **** 		float saturated = tanhf((x * pregain) + bias) - tanhf(bias);
 334:JE-909.cpp    **** 
 335:JE-909.cpp    **** 		float norm = tanhf(pregain);
 336:JE-909.cpp    **** 
 337:JE-909.cpp    **** 		if(norm > 0.0001f)
 338:JE-909.cpp    **** 			saturated /= norm;
 339:JE-909.cpp    **** 
 340:JE-909.cpp    **** 		float y = (1.0f - d) * x + d * saturated;
 341:JE-909.cpp    **** 
 342:JE-909.cpp    **** 		return y;
 343:JE-909.cpp    **** 	}
 344:JE-909.cpp    **** 
 345:JE-909.cpp    **** 	float Process()
 119              		.loc 9 345 8 is_stmt 1 view -0
 120              		.cfi_startproc
 121              		@ args = 0, pretend = 0, frame = 0
 122              		@ frame_needed = 0, uses_anonymous_args = 0
 346:JE-909.cpp    **** 	{
 347:JE-909.cpp    **** 	    // ------------------------------------------------------------
 348:JE-909.cpp    ****         // ENV-1, ENV-2, ENV-3
 349:JE-909.cpp    ****         // ------------------------------------------------------------
 350:JE-909.cpp    **** 
ARM GAS  /var/folders/5h/m58cqcc50w3bl35rb6m75qwc0000gn/T//ccMbPTFj.s 			page 18


 351:JE-909.cpp    **** 		float env1 = env1_body.Process();
 123              		.loc 9 351 3 view .LVU19
 345:JE-909.cpp    **** 	{
 124              		.loc 9 345 8 is_stmt 0 view .LVU20
 125 0000 10B5     		push	{r4, lr}
 126              		.cfi_def_cfa_offset 8
 127              		.cfi_offset 4, -8
 128              		.cfi_offset 14, -4
 129              	.LBB322:
 130              	.LBB323:
  94:JE-909.cpp    **** 
 131              		.loc 9 94 9 view .LVU21
 132 0002 D0ED077A 		vldr.32	s15, [r0, #28]
 133              	.LBE323:
 134              	.LBE322:
 345:JE-909.cpp    **** 	{
 135              		.loc 9 345 8 view .LVU22
 136 0006 0446     		mov	r4, r0
 137              	.LVL3:
 138              	.LBB327:
 139              	.LBI322:
  90:JE-909.cpp    **** 	{
 140              		.loc 9 90 8 is_stmt 1 view .LVU23
 141              	.LBB324:
  92:JE-909.cpp    **** 
 142              		.loc 9 92 3 view .LVU24
  96:JE-909.cpp    **** 			value = 0.0f;
 143              		.loc 9 96 3 is_stmt 0 view .LVU25
 144 0008 9FEDAF7A 		vldr.32	s14, .L24
 145              	.LBE324:
 146              	.LBE327:
 345:JE-909.cpp    **** 	{
 147              		.loc 9 345 8 view .LVU26
 148 000c 2DED068B 		vpush.64	{d8, d9, d10}
 149              		.cfi_def_cfa_offset 32
 150              		.cfi_offset 80, -32
 151              		.cfi_offset 81, -28
 152              		.cfi_offset 82, -24
 153              		.cfi_offset 83, -20
 154              		.cfi_offset 84, -16
 155              		.cfi_offset 85, -12
 156              	.LBB328:
 157              	.LBB325:
  92:JE-909.cpp    **** 
 158              		.loc 9 92 9 view .LVU27
 159 0010 90ED069A 		vldr.32	s18, [r0, #24]
 160              	.LVL4:
  94:JE-909.cpp    **** 
 161              		.loc 9 94 3 is_stmt 1 view .LVU28
  94:JE-909.cpp    **** 
 162              		.loc 9 94 9 is_stmt 0 view .LVU29
 163 0014 69EE277A 		vmul.f32	s15, s18, s15
  96:JE-909.cpp    **** 			value = 0.0f;
 164              		.loc 9 96 3 is_stmt 1 view .LVU30
 165 0018 F4EEC77A 		vcmpe.f32	s15, s14
 166 001c F1EE10FA 		vmrs	APSR_nzcv, FPSCR
 167 0020 00F14381 		bmi	.L5
ARM GAS  /var/folders/5h/m58cqcc50w3bl35rb6m75qwc0000gn/T//ccMbPTFj.s 			page 19


  94:JE-909.cpp    **** 
 168              		.loc 9 94 9 is_stmt 0 view .LVU31
 169 0024 C0ED067A 		vstr.32	s15, [r0, #24]
 170              	.L6:
  98:JE-909.cpp    **** 	}
 171              		.loc 9 98 3 is_stmt 1 view .LVU32
 172              	.LVL5:
  98:JE-909.cpp    **** 	}
 173              		.loc 9 98 3 is_stmt 0 view .LVU33
 174              	.LBE325:
 175              	.LBE328:
 352:JE-909.cpp    **** 		float env2 = env2_attack.Process();
 176              		.loc 9 352 3 is_stmt 1 view .LVU34
 177              	.LBB329:
 178              	.LBI329:
  90:JE-909.cpp    **** 	{
 179              		.loc 9 90 8 view .LVU35
 180              	.LBB330:
  92:JE-909.cpp    **** 
 181              		.loc 9 92 3 view .LVU36
  92:JE-909.cpp    **** 
 182              		.loc 9 92 9 is_stmt 0 view .LVU37
 183 0028 D4ED098A 		vldr.32	s17, [r4, #36]
 184              	.LVL6:
  94:JE-909.cpp    **** 
 185              		.loc 9 94 3 is_stmt 1 view .LVU38
  94:JE-909.cpp    **** 
 186              		.loc 9 94 9 is_stmt 0 view .LVU39
 187 002c D4ED0A7A 		vldr.32	s15, [r4, #40]
  96:JE-909.cpp    **** 			value = 0.0f;
 188              		.loc 9 96 3 view .LVU40
 189 0030 9FEDA57A 		vldr.32	s14, .L24
  94:JE-909.cpp    **** 
 190              		.loc 9 94 9 view .LVU41
 191 0034 68EEA77A 		vmul.f32	s15, s17, s15
  96:JE-909.cpp    **** 			value = 0.0f;
 192              		.loc 9 96 3 is_stmt 1 view .LVU42
 193 0038 F4EEC77A 		vcmpe.f32	s15, s14
 194 003c F1EE10FA 		vmrs	APSR_nzcv, FPSCR
 195 0040 00F13681 		bmi	.L7
  94:JE-909.cpp    **** 
 196              		.loc 9 94 9 is_stmt 0 view .LVU43
 197 0044 C4ED097A 		vstr.32	s15, [r4, #36]
 198              	.L8:
  98:JE-909.cpp    **** 	}
 199              		.loc 9 98 3 is_stmt 1 view .LVU44
 200              	.LVL7:
  98:JE-909.cpp    **** 	}
 201              		.loc 9 98 3 is_stmt 0 view .LVU45
 202              	.LBE330:
 203              	.LBE329:
 353:JE-909.cpp    **** 		float env3 = env3_pitch.Process();
 204              		.loc 9 353 3 is_stmt 1 view .LVU46
 205              	.LBB332:
 206              	.LBI332:
  90:JE-909.cpp    **** 	{
 207              		.loc 9 90 8 view .LVU47
ARM GAS  /var/folders/5h/m58cqcc50w3bl35rb6m75qwc0000gn/T//ccMbPTFj.s 			page 20


 208              	.LBB333:
  92:JE-909.cpp    **** 
 209              		.loc 9 92 3 view .LVU48
  92:JE-909.cpp    **** 
 210              		.loc 9 92 9 is_stmt 0 view .LVU49
 211 0048 94ED0C7A 		vldr.32	s14, [r4, #48]
 212              	.LVL8:
  94:JE-909.cpp    **** 
 213              		.loc 9 94 3 is_stmt 1 view .LVU50
  94:JE-909.cpp    **** 
 214              		.loc 9 94 9 is_stmt 0 view .LVU51
 215 004c D4ED0D7A 		vldr.32	s15, [r4, #52]
  96:JE-909.cpp    **** 			value = 0.0f;
 216              		.loc 9 96 3 view .LVU52
 217 0050 DFED9D6A 		vldr.32	s13, .L24
  94:JE-909.cpp    **** 
 218              		.loc 9 94 9 view .LVU53
 219 0054 67EE277A 		vmul.f32	s15, s14, s15
  96:JE-909.cpp    **** 			value = 0.0f;
 220              		.loc 9 96 3 is_stmt 1 view .LVU54
 221 0058 F4EEE67A 		vcmpe.f32	s15, s13
 222 005c F1EE10FA 		vmrs	APSR_nzcv, FPSCR
 223 0060 00F12981 		bmi	.L9
  94:JE-909.cpp    **** 
 224              		.loc 9 94 9 is_stmt 0 view .LVU55
 225 0064 C4ED0C7A 		vstr.32	s15, [r4, #48]
 226              	.L10:
  98:JE-909.cpp    **** 	}
 227              		.loc 9 98 3 is_stmt 1 view .LVU56
 228              	.LVL9:
  98:JE-909.cpp    **** 	}
 229              		.loc 9 98 3 is_stmt 0 view .LVU57
 230              	.LBE333:
 231              	.LBE332:
 354:JE-909.cpp    **** 
 355:JE-909.cpp    **** 		float pulse_e = pulse_env.Process();
 232              		.loc 9 355 3 is_stmt 1 view .LVU58
 233              	.LBB335:
 234              	.LBI335:
  90:JE-909.cpp    **** 	{
 235              		.loc 9 90 8 view .LVU59
 236              	.LBB336:
  92:JE-909.cpp    **** 
 237              		.loc 9 92 3 view .LVU60
  92:JE-909.cpp    **** 
 238              		.loc 9 92 9 is_stmt 0 view .LVU61
 239 0068 D4ED0F9A 		vldr.32	s19, [r4, #60]
 240              	.LVL10:
  94:JE-909.cpp    **** 
 241              		.loc 9 94 3 is_stmt 1 view .LVU62
  94:JE-909.cpp    **** 
 242              		.loc 9 94 9 is_stmt 0 view .LVU63
 243 006c D4ED107A 		vldr.32	s15, [r4, #64]
  96:JE-909.cpp    **** 			value = 0.0f;
 244              		.loc 9 96 3 view .LVU64
 245 0070 DFED956A 		vldr.32	s13, .L24
  94:JE-909.cpp    **** 
ARM GAS  /var/folders/5h/m58cqcc50w3bl35rb6m75qwc0000gn/T//ccMbPTFj.s 			page 21


 246              		.loc 9 94 9 view .LVU65
 247 0074 69EEA77A 		vmul.f32	s15, s19, s15
  96:JE-909.cpp    **** 			value = 0.0f;
 248              		.loc 9 96 3 is_stmt 1 view .LVU66
 249 0078 F4EEE67A 		vcmpe.f32	s15, s13
 250 007c F1EE10FA 		vmrs	APSR_nzcv, FPSCR
 251 0080 00F11C81 		bmi	.L11
  94:JE-909.cpp    **** 
 252              		.loc 9 94 9 is_stmt 0 view .LVU67
 253 0084 C4ED0F7A 		vstr.32	s15, [r4, #60]
 254              	.L12:
  98:JE-909.cpp    **** 	}
 255              		.loc 9 98 3 is_stmt 1 view .LVU68
 256              	.LVL11:
  98:JE-909.cpp    **** 	}
 257              		.loc 9 98 3 is_stmt 0 view .LVU69
 258              	.LBE336:
 259              	.LBE335:
 356:JE-909.cpp    **** 
 357:JE-909.cpp    ****         // ------------------------------------------------------------
 358:JE-909.cpp    ****         // Control Voltage Generator + VCO
 359:JE-909.cpp    ****         // ENV-3 modulates pitch. Tune sets the base pitch.
 360:JE-909.cpp    ****         // ------------------------------------------------------------
 361:JE-909.cpp    **** 		
 362:JE-909.cpp    **** 		float pitch_sweep_octaves = 1.65f;
 260              		.loc 9 362 3 is_stmt 1 view .LVU70
 363:JE-909.cpp    **** 
 364:JE-909.cpp    **** 		float freq = base_freq * powf(2.0f, pitch_sweep_octaves * env3);
 261              		.loc 9 364 3 view .LVU71
 262              		.loc 9 364 32 is_stmt 0 view .LVU72
 263 0088 DFED900A 		vldr.32	s1, .L24+4
 264 008c B0EE000A 		vmov.f32	s0, #2.0e+0
 265              		.loc 9 364 16 view .LVU73
 266 0090 94ED028A 		vldr.32	s16, [r4, #8]
 267              		.loc 9 364 32 view .LVU74
 268 0094 67EE200A 		vmul.f32	s1, s14, s1
 269 0098 FFF7FEFF 		bl	powf
 270              	.LVL12:
 271              	.LBB338:
 272              	.LBB339:
  34:JE-909.cpp    **** 	if (x > hi) return hi;
 273              		.loc 9 34 2 view .LVU75
 274 009c F2EE047A 		vmov.f32	s15, #1.0e+1
 275              	.LBE339:
 276              	.LBE338:
 277              		.loc 9 364 65 view .LVU76
 278 00a0 28EE000A 		vmul.f32	s0, s16, s0
 279              	.LVL13:
 365:JE-909.cpp    **** 
 366:JE-909.cpp    **** 		freq = Clamp(freq, 10.0f, sample_rate * 0.40f);
 280              		.loc 9 366 3 is_stmt 1 view .LVU77
 281              		.loc 9 366 29 is_stmt 0 view .LVU78
 282 00a4 94ED007A 		vldr.32	s14, [r4]
 283              	.LVL14:
 284              	.LBB343:
 285              	.LBI338:
  32:JE-909.cpp    **** {
ARM GAS  /var/folders/5h/m58cqcc50w3bl35rb6m75qwc0000gn/T//ccMbPTFj.s 			page 22


 286              		.loc 9 32 21 is_stmt 1 view .LVU79
 287              	.LBB340:
  34:JE-909.cpp    **** 	if (x > hi) return hi;
 288              		.loc 9 34 2 view .LVU80
 289 00a8 B4EEE70A 		vcmpe.f32	s0, s15
 290 00ac F1EE10FA 		vmrs	APSR_nzcv, FPSCR
 291 00b0 00F10781 		bmi	.L19
 292              	.LBE340:
 293              	.LBE343:
 294              		.loc 9 366 15 is_stmt 0 view .LVU81
 295 00b4 DFED867A 		vldr.32	s15, .L24+8
 296 00b8 67EE277A 		vmul.f32	s15, s14, s15
 297              	.LVL15:
 298              	.LBB344:
 299              	.LBB341:
  35:JE-909.cpp    **** 	return x;
 300              		.loc 9 35 2 is_stmt 1 view .LVU82
  35:JE-909.cpp    **** 	return x;
 301              		.loc 9 35 21 is_stmt 0 view .LVU83
 302 00bc F4EE407A 		vcmp.f32	s15, s0
 303 00c0 F1EE10FA 		vmrs	APSR_nzcv, FPSCR
 304 00c4 48BF     		it	mi
 305 00c6 B0EE670A 		vmovmi.f32	s0, s15
 306              	.LVL16:
 307              	.L13:
  35:JE-909.cpp    **** 	return x;
 308              		.loc 9 35 21 view .LVU84
 309              	.LBE341:
 310              	.LBE344:
 367:JE-909.cpp    **** 
 368:JE-909.cpp    **** 		phase += freq / sample_rate;
 311              		.loc 9 368 3 is_stmt 1 view .LVU85
 312              		.loc 9 368 17 is_stmt 0 view .LVU86
 313 00ca C0EE077A 		vdiv.f32	s15, s0, s14
 314              		.loc 9 368 9 view .LVU87
 315 00ce D4ED016A 		vldr.32	s13, [r4, #4]
 316              	.LBB345:
 317              	.LBB346:
 331:JE-909.cpp    **** 
 318              		.loc 9 331 9 view .LVU88
 319 00d2 9FED80AA 		vldr.32	s20, .L24+12
 320              	.LBE346:
 321              	.LBE345:
 369:JE-909.cpp    **** 
 370:JE-909.cpp    **** 		if(phase >= 1.0f)
 322              		.loc 9 370 3 view .LVU89
 323 00d6 B7EE007A 		vmov.f32	s14, #1.0e+0
 371:JE-909.cpp    **** 			phase -= 1.0f;
 372:JE-909.cpp    **** 
 373:JE-909.cpp    **** 		// ------------------------------------------------------------
 374:JE-909.cpp    ****         // VCO body path
 375:JE-909.cpp    ****         // Original analysis: VCO triangle passes diode clipper
 376:JE-909.cpp    ****         // to become sine-like.
 377:JE-909.cpp    ****         // ------------------------------------------------------------
 378:JE-909.cpp    **** 
 379:JE-909.cpp    **** 		float tri = 1.0f - 4.0f * fabsf(phase - 0.5f);
 324              		.loc 9 379 41 view .LVU90
ARM GAS  /var/folders/5h/m58cqcc50w3bl35rb6m75qwc0000gn/T//ccMbPTFj.s 			page 23


 325 00da B6EE006A 		vmov.f32	s12, #5.0e-1
 326              		.loc 9 379 9 view .LVU91
 327 00de B7EE008A 		vmov.f32	s16, #1.0e+0
 328 00e2 B0EE480A 		vmov.f32	s0, s16
 329              	.LVL17:
 368:JE-909.cpp    **** 
 330              		.loc 9 368 9 view .LVU92
 331 00e6 77EEA67A 		vadd.f32	s15, s15, s13
 370:JE-909.cpp    **** 			phase -= 1.0f;
 332              		.loc 9 370 3 is_stmt 1 view .LVU93
 333              		.loc 9 379 9 is_stmt 0 view .LVU94
 334 00ea F1EE006A 		vmov.f32	s13, #4.0e+0
 370:JE-909.cpp    **** 			phase -= 1.0f;
 335              		.loc 9 370 3 view .LVU95
 336 00ee F4EEC77A 		vcmpe.f32	s15, s14
 337 00f2 F1EE10FA 		vmrs	APSR_nzcv, FPSCR
 371:JE-909.cpp    **** 			phase -= 1.0f;
 338              		.loc 9 371 4 is_stmt 1 view .LVU96
 339              		.loc 9 379 3 view .LVU97
 371:JE-909.cpp    **** 			phase -= 1.0f;
 340              		.loc 9 371 10 is_stmt 0 view .LVU98
 341 00f6 A8BF     		it	ge
 342 00f8 77EEC77A 		vsubge.f32	s15, s15, s14
 343              	.LBB357:
 344              	.LBB358:
 319:JE-909.cpp    **** 
 345              		.loc 9 319 18 view .LVU99
 346 00fc 9FED767A 		vldr.32	s14, .L24+16
 347              	.LBE358:
 348              	.LBE357:
 371:JE-909.cpp    **** 
 349              		.loc 9 371 10 view .LVU100
 350 0100 C4ED017A 		vstr.32	s15, [r4, #4]
 351              		.loc 9 379 41 view .LVU101
 352 0104 77EEC67A 		vsub.f32	s15, s15, s12
 353              		.loc 9 379 34 view .LVU102
 354 0108 F0EEE77A 		vabs.f32	s15, s15
 355              		.loc 9 379 9 view .LVU103
 356 010c A7EEE60A 		vfms.f32	s0, s15, s13
 357              	.LVL18:
 380:JE-909.cpp    **** 
 381:JE-909.cpp    **** 		float body_wave = DiodeShape(tri);
 358              		.loc 9 381 3 is_stmt 1 view .LVU104
 359              	.LBB363:
 360              	.LBI357:
 315:JE-909.cpp    **** 	{
 361              		.loc 9 315 8 view .LVU105
 362              	.LBB359:
 317:JE-909.cpp    **** 
 363              		.loc 9 317 3 view .LVU106
 319:JE-909.cpp    **** 
 364              		.loc 9 319 3 view .LVU107
 319:JE-909.cpp    **** 
 365              		.loc 9 319 18 is_stmt 0 view .LVU108
 366 0110 20EE070A 		vmul.f32	s0, s0, s14
 367              	.LVL19:
 319:JE-909.cpp    **** 
ARM GAS  /var/folders/5h/m58cqcc50w3bl35rb6m75qwc0000gn/T//ccMbPTFj.s 			page 24


 368              		.loc 9 319 18 view .LVU109
 369 0114 FFF7FEFF 		bl	tanhf
 370              	.LVL20:
 319:JE-909.cpp    **** 
 371              		.loc 9 319 18 view .LVU110
 372 0118 F0EE407A 		vmov.f32	s15, s0
 373              	.LBE359:
 374              	.LBE363:
 382:JE-909.cpp    **** 
 383:JE-909.cpp    **** 		// ENV-1 is described as punchy/compressed.
 384:JE-909.cpp    ****         // Power < 1.0 keeps the envelope stronger near the front.
 385:JE-909.cpp    **** 		float env1_punch = powf(env1, 0.65f);
 375              		.loc 9 385 26 view .LVU111
 376 011c DFED6F0A 		vldr.32	s1, .L24+20
 377 0120 B0EE490A 		vmov.f32	s0, s18
 378              	.LBB364:
 379              	.LBB360:
 319:JE-909.cpp    **** 
 380              		.loc 9 319 18 view .LVU112
 381 0124 B0EE679A 		vmov.f32	s18, s15
 382              	.LVL21:
 321:JE-909.cpp    **** 
 383              		.loc 9 321 3 is_stmt 1 view .LVU113
 323:JE-909.cpp    **** 	}
 384              		.loc 9 323 3 view .LVU114
 323:JE-909.cpp    **** 	}
 385              		.loc 9 323 3 is_stmt 0 view .LVU115
 386              	.LBE360:
 387              	.LBE364:
 388              		.loc 9 385 3 is_stmt 1 view .LVU116
 389              		.loc 9 385 26 is_stmt 0 view .LVU117
 390 0128 FFF7FEFF 		bl	powf
 391              	.LVL22:
 386:JE-909.cpp    **** 
 387:JE-909.cpp    **** 		float body = body_wave * env1_punch;
 392              		.loc 9 387 3 is_stmt 1 view .LVU118
 393              	.LBB365:
 394              	.LBB366:
 187:JE-909.cpp    **** 
 395              		.loc 9 187 27 is_stmt 0 view .LVU119
 396 012c D4ED1D6A 		vldr.32	s13, [r4, #116]
 397              	.LBE366:
 398              	.LBE365:
 399              	.LBB379:
 400              	.LBB380:
 312:JE-909.cpp    **** 	}
 401              		.loc 9 312 23 view .LVU120
 402 0130 B0EE002A 		vmov.f32	s4, #2.0e+0
 403              	.LBE380:
 404              	.LBE379:
 405              	.LBB391:
 406              	.LBB367:
 187:JE-909.cpp    **** 
 407              		.loc 9 187 25 view .LVU121
 408 0134 94ED197A 		vldr.32	s14, [r4, #100]
 187:JE-909.cpp    **** 
 409              		.loc 9 187 20 view .LVU122
ARM GAS  /var/folders/5h/m58cqcc50w3bl35rb6m75qwc0000gn/T//ccMbPTFj.s 			page 25


 410 0138 D4ED187A 		vldr.32	s15, [r4, #96]
 187:JE-909.cpp    **** 
 411              		.loc 9 187 25 view .LVU123
 412 013c 26EE877A 		vmul.f32	s14, s13, s14
 187:JE-909.cpp    **** 
 413              		.loc 9 187 30 view .LVU124
 414 0140 94ED1E5A 		vldr.32	s10, [r4, #120]
 415 0144 D4ED1A3A 		vldr.32	s7, [r4, #104]
 416              	.LBE367:
 417              	.LBE391:
 418              	.LBB392:
 419              	.LBB381:
 298:JE-909.cpp    **** 
 420              		.loc 9 298 19 view .LVU125
 421 0148 6549     		ldr	r1, .L24+24
 422              	.LBE381:
 423              	.LBE392:
 424              	.LBB393:
 425              	.LBB368:
 187:JE-909.cpp    **** 
 426              		.loc 9 187 20 view .LVU126
 427 014a A9EEA77A 		vfma.f32	s14, s19, s15
 428              	.LBE368:
 429              	.LBE393:
 430              	.LBB394:
 431              	.LBB382:
 298:JE-909.cpp    **** 
 432              		.loc 9 298 19 view .LVU127
 433 014e D4F89C30 		ldr	r3, [r4, #156]
 298:JE-909.cpp    **** 
 434              		.loc 9 298 25 view .LVU128
 435 0152 644A     		ldr	r2, .L24+28
 312:JE-909.cpp    **** 	}
 436              		.loc 9 312 23 view .LVU129
 437 0154 FFEE007A 		vmov.f32	s15, #-1.0e+0
 438              	.LBE382:
 439              	.LBE394:
 440              	.LBB395:
 441              	.LBB369:
 187:JE-909.cpp    **** 
 442              		.loc 9 187 47 view .LVU130
 443 0158 94ED1F4A 		vldr.32	s8, [r4, #124]
 444              	.LBE369:
 445              	.LBE395:
 446              	.LBB396:
 447              	.LBB383:
 298:JE-909.cpp    **** 
 448              		.loc 9 298 25 view .LVU131
 449 015c 01FB0322 		mla	r2, r1, r3, r2
 450              	.LBE383:
 451              	.LBE396:
 452              	.LBB397:
 453              	.LBB370:
 187:JE-909.cpp    **** 
 454              		.loc 9 187 40 view .LVU132
 455 0160 D4ED1B2A 		vldr.32	s5, [r4, #108]
 189:JE-909.cpp    **** 		x1 = x;
ARM GAS  /var/folders/5h/m58cqcc50w3bl35rb6m75qwc0000gn/T//ccMbPTFj.s 			page 26


 456              		.loc 9 189 6 view .LVU133
 457 0164 C4ED1E6A 		vstr.32	s13, [r4, #120]
 458              	.LBE370:
 459              	.LBE397:
 460              	.LBB398:
 461              	.LBB384:
 300:JE-909.cpp    **** 		
 462              		.loc 9 300 24 view .LVU134
 463 0168 530A     		lsrs	r3, r2, #9
 464              	.LBE384:
 465              	.LBE398:
 466              	.LBB399:
 467              	.LBB400:
 127:JE-909.cpp    **** 		return z;
 468              		.loc 9 127 5 view .LVU135
 469 016a 94ED156A 		vldr.32	s12, [r4, #84]
 470              	.LBE400:
 471              	.LBE399:
 472              	.LBB406:
 473              	.LBB371:
 187:JE-909.cpp    **** 
 474              		.loc 9 187 30 view .LVU136
 475 016e A3EE857A 		vfma.f32	s14, s7, s10
 187:JE-909.cpp    **** 
 476              		.loc 9 187 9 view .LVU137
 477 0172 94ED205A 		vldr.32	s10, [r4, #128]
 478              	.LBE371:
 479              	.LBE406:
 480              	.LBB407:
 481              	.LBB385:
 300:JE-909.cpp    **** 		
 482              		.loc 9 300 12 view .LVU138
 483 0176 43F07E53 		orr	r3, r3, #1065353216
 484              	.LBE385:
 485              	.LBE407:
 486              	.LBB408:
 487              	.LBB372:
 187:JE-909.cpp    **** 
 488              		.loc 9 187 9 view .LVU139
 489 017a D4ED1C3A 		vldr.32	s7, [r4, #112]
 490              	.LBE372:
 491              	.LBE408:
 492              	.LBB409:
 493              	.LBB401:
 127:JE-909.cpp    **** 		return z;
 494              		.loc 9 127 15 view .LVU140
 495 017e 79EEC64A 		vsub.f32	s9, s19, s12
 496              	.LBE401:
 497              	.LBE409:
 498              	.LBB410:
 499              	.LBB411:
 127:JE-909.cpp    **** 		return z;
 500              		.loc 9 127 5 view .LVU141
 501 0182 D4ED125A 		vldr.32	s11, [r4, #72]
 502              	.LBE411:
 503              	.LBE410:
 504              	.LBB417:
ARM GAS  /var/folders/5h/m58cqcc50w3bl35rb6m75qwc0000gn/T//ccMbPTFj.s 			page 27


 505              	.LBB386:
 310:JE-909.cpp    **** 
 506              		.loc 9 310 9 view .LVU142
 507 0186 06EE903A 		vmov	s13, r3
 508              	.LBE386:
 509              	.LBE417:
 510              	.LBB418:
 511              	.LBB402:
 127:JE-909.cpp    **** 		return z;
 512              		.loc 9 127 5 view .LVU143
 513 018a 94ED163A 		vldr.32	s6, [r4, #88]
 514              	.LBE402:
 515              	.LBE418:
 516              	.LBB419:
 517              	.LBB373:
 190:JE-909.cpp    **** 
 518              		.loc 9 190 6 view .LVU144
 519 018e C4ED1D9A 		vstr.32	s19, [r4, #116]
 520              	.LBE373:
 521              	.LBE419:
 522              	.LBB420:
 523              	.LBB387:
 310:JE-909.cpp    **** 
 524              		.loc 9 310 9 view .LVU145
 525 0192 76EEC86A 		vsub.f32	s13, s13, s16
 526 0196 D4ED039A 		vldr.32	s19, [r4, #12]
 527              	.LVL23:
 310:JE-909.cpp    **** 
 528              		.loc 9 310 9 view .LVU146
 529              	.LBE387:
 530              	.LBE420:
 531              	.LBB421:
 532              	.LBB374:
 187:JE-909.cpp    **** 
 533              		.loc 9 187 40 view .LVU147
 534 019a A2EEC47A 		vfms.f32	s14, s5, s8
 535              	.LBE374:
 536              	.LBE421:
 388:JE-909.cpp    **** 
 389:JE-909.cpp    **** 		// ------------------------------------------------------------
 390:JE-909.cpp    ****         // Attack path: pulse + noise
 391:JE-909.cpp    ****         // Pulse is shaped by low-pass and band-pass filtering.
 392:JE-909.cpp    ****         // Noise is low-pass filtered.
 393:JE-909.cpp    ****         // Both pass through VCA controlled by ENV-2.
 394:JE-909.cpp    ****         // ------------------------------------------------------------
 395:JE-909.cpp    **** 
 396:JE-909.cpp    **** 		float pulse_lp = pulse_lpf.Process(pulse_e);
 397:JE-909.cpp    **** 		float pulse_bp = pulse_bpf.Process(pulse_e);
 398:JE-909.cpp    **** 		float pulse = (0.62f * pulse_lp) + (0.38f * pulse_bp);
 399:JE-909.cpp    **** 
 400:JE-909.cpp    **** 		float raw_noise = WhiteNoise();
 401:JE-909.cpp    **** 		float filtered_noise = noise_lpf.Process(raw_noise);
 402:JE-909.cpp    **** 
 403:JE-909.cpp    **** 		float attack = ((0.90f * pulse) + (0.22f * filtered_noise)) * env2;
 537              		.loc 9 403 35 view .LVU148
 538 019e DFED522A 		vldr.32	s5, .L24+32
 539              	.LBB422:
ARM GAS  /var/folders/5h/m58cqcc50w3bl35rb6m75qwc0000gn/T//ccMbPTFj.s 			page 28


 540              	.LBB403:
 127:JE-909.cpp    **** 		return z;
 541              		.loc 9 127 5 view .LVU149
 542 01a2 A3EE246A 		vfma.f32	s12, s6, s9
 543              	.LBE403:
 544              	.LBE422:
 545              	.LBB423:
 546              	.LBB412:
 547 01a6 94ED133A 		vldr.32	s6, [r4, #76]
 548              	.LBE412:
 549              	.LBE423:
 550              	.LBB424:
 551              	.LBB388:
 312:JE-909.cpp    **** 	}
 552              		.loc 9 312 23 view .LVU150
 553 01aa E6EE827A 		vfma.f32	s15, s13, s4
 554              	.LBE388:
 555              	.LBE424:
 398:JE-909.cpp    **** 
 556              		.loc 9 398 45 view .LVU151
 557 01ae DFED4F6A 		vldr.32	s13, .L24+36
 558              	.LBB425:
 559              	.LBB361:
 321:JE-909.cpp    **** 
 560              		.loc 9 321 5 view .LVU152
 561 01b2 DFED4F4A 		vldr.32	s9, .L24+40
 562              	.LBE361:
 563              	.LBE425:
 564              	.LBB426:
 565              	.LBB347:
 331:JE-909.cpp    **** 
 566              		.loc 9 331 9 view .LVU153
 567 01b6 29EE8AAA 		vmul.f32	s20, s19, s20
 568              	.LBE347:
 569              	.LBE426:
 398:JE-909.cpp    **** 
 570              		.loc 9 398 9 view .LVU154
 571 01ba 9FED4E2A 		vldr.32	s4, .L24+44
 572              	.LBB427:
 573              	.LBB389:
 298:JE-909.cpp    **** 
 574              		.loc 9 298 7 view .LVU155
 575 01be C4F89C20 		str	r2, [r4, #156]
 576              	.LBE389:
 577              	.LBE427:
 578              	.LBB428:
 579              	.LBB375:
 187:JE-909.cpp    **** 
 580              		.loc 9 187 9 view .LVU156
 581 01c2 A3EEC57A 		vfms.f32	s14, s7, s10
 582              	.LBE375:
 583              	.LBE428:
 404:JE-909.cpp    **** 
 405:JE-909.cpp    ****         // ------------------------------------------------------------
 406:JE-909.cpp    ****         // Final summing and output stage
 407:JE-909.cpp    ****         // ------------------------------------------------------------
 408:JE-909.cpp    **** 
ARM GAS  /var/folders/5h/m58cqcc50w3bl35rb6m75qwc0000gn/T//ccMbPTFj.s 			page 29


 409:JE-909.cpp    **** 		float summed = (0.95f * body) + (0.75f * attack);
 584              		.loc 9 409 9 view .LVU157
 585 01c6 DFED4C3A 		vldr.32	s7, .L24+48
 586              	.LBB429:
 587              	.LBB362:
 321:JE-909.cpp    **** 
 588              		.loc 9 321 5 view .LVU158
 589 01ca 89EE245A 		vdiv.f32	s10, s18, s9
 590              	.LVL24:
 321:JE-909.cpp    **** 
 591              		.loc 9 321 5 view .LVU159
 592              	.LBE362:
 593              	.LBE429:
 594              	.LBB430:
 595              	.LBB404:
 127:JE-909.cpp    **** 		return z;
 596              		.loc 9 127 5 view .LVU160
 597 01ce 84ED156A 		vstr.32	s12, [r4, #84]
 598              	.LBE404:
 599              	.LBE430:
 600              	.LBB431:
 601              	.LBB376:
 192:JE-909.cpp    **** 		y1 = y;
 602              		.loc 9 192 6 view .LVU161
 603 01d2 84ED204A 		vstr.32	s8, [r4, #128]
 604              	.LBE376:
 605              	.LBE431:
 398:JE-909.cpp    **** 
 606              		.loc 9 398 45 view .LVU162
 607 01d6 67EE266A 		vmul.f32	s13, s14, s13
 608              	.LBB432:
 609              	.LBB377:
 193:JE-909.cpp    **** 
 610              		.loc 9 193 6 view .LVU163
 611 01da 84ED1F7A 		vstr.32	s14, [r4, #124]
 612              	.LBE377:
 613              	.LBE432:
 614              	.LBB433:
 615              	.LBB413:
 127:JE-909.cpp    **** 		return z;
 616              		.loc 9 127 15 view .LVU164
 617 01de 77EEE57A 		vsub.f32	s15, s15, s11
 618              	.LBE413:
 619              	.LBE433:
 620              	.LBB434:
 621              	.LBB348:
 330:JE-909.cpp    **** 		float bias = 0.08f * d;
 622              		.loc 9 330 32 view .LVU165
 623 01e2 F3EE084A 		vmov.f32	s9, #2.4e+1
 624              	.LBE348:
 625              	.LBE434:
 398:JE-909.cpp    **** 
 626              		.loc 9 398 9 view .LVU166
 627 01e6 B0EE667A 		vmov.f32	s14, s13
 628              	.LBB435:
 629              	.LBB414:
 127:JE-909.cpp    **** 		return z;
ARM GAS  /var/folders/5h/m58cqcc50w3bl35rb6m75qwc0000gn/T//ccMbPTFj.s 			page 30


 630              		.loc 9 127 5 view .LVU167
 631 01ea E3EE275A 		vfma.f32	s11, s6, s15
 632              	.LBE414:
 633              	.LBE435:
 403:JE-909.cpp    **** 
 634              		.loc 9 403 44 view .LVU168
 635 01ee DFED437A 		vldr.32	s15, .L24+52
 636              		.loc 9 409 42 view .LVU169
 637 01f2 B6EE083A 		vmov.f32	s6, #7.5e-1
 398:JE-909.cpp    **** 
 638              		.loc 9 398 9 view .LVU170
 639 01f6 A6EE027A 		vfma.f32	s14, s12, s4
 640              	.LBB436:
 641              	.LBB349:
 330:JE-909.cpp    **** 		float bias = 0.08f * d;
 642              		.loc 9 330 32 view .LVU171
 643 01fa 69EEA44A 		vmul.f32	s9, s19, s9
 644              	.LBE349:
 645              	.LBE436:
 403:JE-909.cpp    **** 
 646              		.loc 9 403 44 view .LVU172
 647 01fe 65EEA77A 		vmul.f32	s15, s11, s15
 648              	.LBB437:
 649              	.LBB415:
 127:JE-909.cpp    **** 		return z;
 650              		.loc 9 127 5 view .LVU173
 651 0202 C4ED125A 		vstr.32	s11, [r4, #72]
 652              	.LBE415:
 653              	.LBE437:
 387:JE-909.cpp    **** 
 654              		.loc 9 387 9 view .LVU174
 655 0206 25EE000A 		vmul.f32	s0, s10, s0
 656              	.LVL25:
 657              	.LBB438:
 658              	.LBB350:
 330:JE-909.cpp    **** 		float bias = 0.08f * d;
 659              		.loc 9 330 9 view .LVU175
 660 020a A9EEA48A 		vfma.f32	s16, s19, s9
 661              	.LBE350:
 662              	.LBE438:
 403:JE-909.cpp    **** 
 663              		.loc 9 403 35 view .LVU176
 664 020e E7EE227A 		vfma.f32	s15, s14, s5
 665              	.LBB439:
 666              	.LBB351:
 330:JE-909.cpp    **** 		float bias = 0.08f * d;
 667              		.loc 9 330 9 view .LVU177
 668 0212 B0EE489A 		vmov.f32	s18, s16
 669              	.LVL26:
 330:JE-909.cpp    **** 		float bias = 0.08f * d;
 670              		.loc 9 330 9 view .LVU178
 671              	.LBE351:
 672              	.LBE439:
 396:JE-909.cpp    **** 		float pulse_bp = pulse_bpf.Process(pulse_e);
 673              		.loc 9 396 3 is_stmt 1 view .LVU179
 674              	.LBB440:
 675              	.LBI399:
ARM GAS  /var/folders/5h/m58cqcc50w3bl35rb6m75qwc0000gn/T//ccMbPTFj.s 			page 31


 125:JE-909.cpp    **** 	{
 676              		.loc 9 125 8 view .LVU180
 677              	.LBB405:
 127:JE-909.cpp    **** 		return z;
 678              		.loc 9 127 3 view .LVU181
 128:JE-909.cpp    **** 	}
 679              		.loc 9 128 3 view .LVU182
 128:JE-909.cpp    **** 	}
 680              		.loc 9 128 3 is_stmt 0 view .LVU183
 681              	.LBE405:
 682              	.LBE440:
 397:JE-909.cpp    **** 		float pulse = (0.62f * pulse_lp) + (0.38f * pulse_bp);
 683              		.loc 9 397 3 is_stmt 1 view .LVU184
 684              	.LBB441:
 685              	.LBI365:
 185:JE-909.cpp    **** 	{
 686              		.loc 9 185 8 view .LVU185
 687              	.LBB378:
 187:JE-909.cpp    **** 
 688              		.loc 9 187 3 view .LVU186
 189:JE-909.cpp    **** 		x1 = x;
 689              		.loc 9 189 3 view .LVU187
 190:JE-909.cpp    **** 
 690              		.loc 9 190 3 view .LVU188
 192:JE-909.cpp    **** 		y1 = y;
 691              		.loc 9 192 3 view .LVU189
 193:JE-909.cpp    **** 
 692              		.loc 9 193 3 view .LVU190
 195:JE-909.cpp    **** 	}
 693              		.loc 9 195 3 view .LVU191
 195:JE-909.cpp    **** 	}
 694              		.loc 9 195 3 is_stmt 0 view .LVU192
 695              	.LBE378:
 696              	.LBE441:
 398:JE-909.cpp    **** 
 697              		.loc 9 398 3 is_stmt 1 view .LVU193
 400:JE-909.cpp    **** 		float filtered_noise = noise_lpf.Process(raw_noise);
 698              		.loc 9 400 3 view .LVU194
 699              	.LBB442:
 700              	.LBI379:
 296:JE-909.cpp    **** 	{
 701              		.loc 9 296 8 view .LVU195
 702              	.LBB390:
 298:JE-909.cpp    **** 
 703              		.loc 9 298 3 view .LVU196
 300:JE-909.cpp    **** 		
 704              		.loc 9 300 3 view .LVU197
 302:JE-909.cpp    **** 		{
 705              		.loc 9 302 3 view .LVU198
 308:JE-909.cpp    **** 
 706              		.loc 9 308 3 view .LVU199
 310:JE-909.cpp    **** 
 707              		.loc 9 310 3 view .LVU200
 312:JE-909.cpp    **** 	}
 708              		.loc 9 312 3 view .LVU201
 312:JE-909.cpp    **** 	}
 709              		.loc 9 312 3 is_stmt 0 view .LVU202
ARM GAS  /var/folders/5h/m58cqcc50w3bl35rb6m75qwc0000gn/T//ccMbPTFj.s 			page 32


 710              	.LBE390:
 711              	.LBE442:
 401:JE-909.cpp    **** 
 712              		.loc 9 401 3 is_stmt 1 view .LVU203
 713              	.LBB443:
 714              	.LBI410:
 125:JE-909.cpp    **** 	{
 715              		.loc 9 125 8 view .LVU204
 716              	.LBB416:
 127:JE-909.cpp    **** 		return z;
 717              		.loc 9 127 3 view .LVU205
 128:JE-909.cpp    **** 	}
 718              		.loc 9 128 3 view .LVU206
 128:JE-909.cpp    **** 	}
 719              		.loc 9 128 3 is_stmt 0 view .LVU207
 720              	.LBE416:
 721              	.LBE443:
 403:JE-909.cpp    **** 
 722              		.loc 9 403 3 is_stmt 1 view .LVU208
 723              		.loc 9 409 3 view .LVU209
 403:JE-909.cpp    **** 
 724              		.loc 9 403 9 is_stmt 0 view .LVU210
 725 0216 67EEA88A 		vmul.f32	s17, s15, s17
 726              	.LVL27:
 727              		.loc 9 409 42 view .LVU211
 728 021a 68EE838A 		vmul.f32	s17, s17, s6
 729              	.LVL28:
 730              		.loc 9 409 9 view .LVU212
 731 021e E0EE238A 		vfma.f32	s17, s0, s7
 732              	.LVL29:
 410:JE-909.cpp    **** 
 411:JE-909.cpp    **** 		float driven = Drive(summed);
 733              		.loc 9 411 3 is_stmt 1 view .LVU213
 734              	.LBB444:
 735              	.LBI345:
 326:JE-909.cpp    **** 	{ 
 736              		.loc 9 326 8 view .LVU214
 737              	.LBB352:
 328:JE-909.cpp    **** 
 738              		.loc 9 328 3 view .LVU215
 330:JE-909.cpp    **** 		float bias = 0.08f * d;
 739              		.loc 9 330 3 view .LVU216
 331:JE-909.cpp    **** 
 740              		.loc 9 331 3 view .LVU217
 333:JE-909.cpp    **** 
 741              		.loc 9 333 3 view .LVU218
 333:JE-909.cpp    **** 
 742              		.loc 9 333 26 is_stmt 0 view .LVU219
 743 0222 B0EE4A0A 		vmov.f32	s0, s20
 744              	.LVL30:
 333:JE-909.cpp    **** 
 745              		.loc 9 333 26 view .LVU220
 746 0226 A8EE880A 		vfma.f32	s0, s17, s16
 747 022a FFF7FEFF 		bl	tanhf
 748              	.LVL31:
 333:JE-909.cpp    **** 
 749              		.loc 9 333 26 view .LVU221
ARM GAS  /var/folders/5h/m58cqcc50w3bl35rb6m75qwc0000gn/T//ccMbPTFj.s 			page 33


 750 022e B0EE408A 		vmov.f32	s16, s0
 751              	.LVL32:
 333:JE-909.cpp    **** 
 752              		.loc 9 333 56 view .LVU222
 753 0232 B0EE4A0A 		vmov.f32	s0, s20
 754 0236 FFF7FEFF 		bl	tanhf
 755              	.LVL33:
 756 023a F0EE407A 		vmov.f32	s15, s0
 335:JE-909.cpp    **** 
 757              		.loc 9 335 21 view .LVU223
 758 023e B0EE490A 		vmov.f32	s0, s18
 333:JE-909.cpp    **** 
 759              		.loc 9 333 9 view .LVU224
 760 0242 38EE678A 		vsub.f32	s16, s16, s15
 761              	.LVL34:
 335:JE-909.cpp    **** 
 762              		.loc 9 335 3 is_stmt 1 view .LVU225
 335:JE-909.cpp    **** 
 763              		.loc 9 335 21 is_stmt 0 view .LVU226
 764 0246 FFF7FEFF 		bl	tanhf
 765              	.LVL35:
 337:JE-909.cpp    **** 			saturated /= norm;
 766              		.loc 9 337 3 view .LVU227
 767 024a DFED2D7A 		vldr.32	s15, .L24+56
 768              	.LVL36:
 337:JE-909.cpp    **** 			saturated /= norm;
 769              		.loc 9 337 3 is_stmt 1 view .LVU228
 340:JE-909.cpp    **** 
 770              		.loc 9 340 19 is_stmt 0 view .LVU229
 771 024e F7EE006A 		vmov.f32	s13, #1.0e+0
 772              	.LBE352:
 773              	.LBE444:
 774              	.LBB445:
 775              	.LBB446:
 127:JE-909.cpp    **** 		return z;
 776              		.loc 9 127 5 view .LVU230
 777 0252 94ED227A 		vldr.32	s14, [r4, #136]
 778              	.LBE446:
 779              	.LBE445:
 780              	.LBB450:
 781              	.LBB353:
 337:JE-909.cpp    **** 			saturated /= norm;
 782              		.loc 9 337 3 view .LVU231
 783 0256 B4EEE70A 		vcmpe.f32	s0, s15
 784              	.LBE353:
 785              	.LBE450:
 786              	.LBB451:
 787              	.LBB447:
 127:JE-909.cpp    **** 		return z;
 788              		.loc 9 127 5 view .LVU232
 789 025a D4ED235A 		vldr.32	s11, [r4, #140]
 790              	.LBE447:
 791              	.LBE451:
 792              	.LBB452:
 793              	.LBB453:
 219:JE-909.cpp    **** 
 794              		.loc 9 219 15 view .LVU233
ARM GAS  /var/folders/5h/m58cqcc50w3bl35rb6m75qwc0000gn/T//ccMbPTFj.s 			page 34


 795 025e D4ED247A 		vldr.32	s15, [r4, #144]
 219:JE-909.cpp    **** 
 796              		.loc 9 219 9 view .LVU234
 797 0262 94ED256A 		vldr.32	s12, [r4, #148]
 798              	.LBE453:
 799              	.LBE452:
 800              	.LBB458:
 801              	.LBB354:
 337:JE-909.cpp    **** 			saturated /= norm;
 802              		.loc 9 337 3 view .LVU235
 803 0266 F1EE10FA 		vmrs	APSR_nzcv, FPSCR
 338:JE-909.cpp    **** 
 804              		.loc 9 338 4 is_stmt 1 view .LVU236
 338:JE-909.cpp    **** 
 805              		.loc 9 338 14 is_stmt 0 view .LVU237
 806 026a C8BF     		it	gt
 807 026c 88EE008A 		vdivgt.f32	s16, s16, s0
 808              	.LVL37:
 340:JE-909.cpp    **** 
 809              		.loc 9 340 3 is_stmt 1 view .LVU238
 810              	.LBE354:
 811              	.LBE458:
 412:JE-909.cpp    **** 
 413:JE-909.cpp    **** 		float filtered = output_lpf.Process(driven);
 414:JE-909.cpp    **** 
 415:JE-909.cpp    **** 		float out = dc_blocker.Process(filtered);
 416:JE-909.cpp    **** 
 417:JE-909.cpp    **** 		return out * level;
 812              		.loc 9 417 16 is_stmt 0 view .LVU239
 813 0270 94ED040A 		vldr.32	s0, [r4, #16]
 814              	.LVL38:
 815              	.LBB459:
 816              	.LBB355:
 340:JE-909.cpp    **** 
 817              		.loc 9 340 32 view .LVU240
 818 0274 29EE888A 		vmul.f32	s16, s19, s16
 819              	.LVL39:
 340:JE-909.cpp    **** 
 820              		.loc 9 340 19 view .LVU241
 821 0278 76EEE99A 		vsub.f32	s19, s13, s19
 822              	.LVL40:
 340:JE-909.cpp    **** 
 823              		.loc 9 340 19 view .LVU242
 824              	.LBE355:
 825              	.LBE459:
 826              	.LBB460:
 827              	.LBB454:
 219:JE-909.cpp    **** 
 828              		.loc 9 219 9 view .LVU243
 829 027c D4ED266A 		vldr.32	s13, [r4, #152]
 830              	.LBE454:
 831              	.LBE460:
 832              	.LBB461:
 833              	.LBB356:
 340:JE-909.cpp    **** 
 834              		.loc 9 340 9 view .LVU244
 835 0280 A8EEA98A 		vfma.f32	s16, s17, s19
ARM GAS  /var/folders/5h/m58cqcc50w3bl35rb6m75qwc0000gn/T//ccMbPTFj.s 			page 35


 836              	.LVL41:
 342:JE-909.cpp    **** 	}
 837              		.loc 9 342 3 is_stmt 1 view .LVU245
 342:JE-909.cpp    **** 	}
 838              		.loc 9 342 3 is_stmt 0 view .LVU246
 839              	.LBE356:
 840              	.LBE461:
 413:JE-909.cpp    **** 
 841              		.loc 9 413 3 is_stmt 1 view .LVU247
 842              	.LBB462:
 843              	.LBI445:
 125:JE-909.cpp    **** 	{
 844              		.loc 9 125 8 view .LVU248
 845              	.LBB448:
 127:JE-909.cpp    **** 		return z;
 846              		.loc 9 127 3 view .LVU249
 127:JE-909.cpp    **** 		return z;
 847              		.loc 9 127 15 is_stmt 0 view .LVU250
 848 0284 38EE478A 		vsub.f32	s16, s16, s14
 849              	.LVL42:
 127:JE-909.cpp    **** 		return z;
 850              		.loc 9 127 5 view .LVU251
 851 0288 A5EE887A 		vfma.f32	s14, s11, s16
 852              	.LBE448:
 853              	.LBE462:
 418:JE-909.cpp    **** 	}
 854              		.loc 9 418 2 view .LVU252
 855 028c BDEC068B 		vldm	sp!, {d8-d10}
 856              		.cfi_remember_state
 857              		.cfi_restore 84
 858              		.cfi_restore 85
 859              		.cfi_restore 82
 860              		.cfi_restore 83
 861              		.cfi_restore 80
 862              		.cfi_restore 81
 863              		.cfi_def_cfa_offset 8
 864              	.LBB463:
 865              	.LBB455:
 219:JE-909.cpp    **** 
 866              		.loc 9 219 15 view .LVU253
 867 0290 77EE677A 		vsub.f32	s15, s14, s15
 868              	.LBE455:
 869              	.LBE463:
 870              	.LBB464:
 871              	.LBB449:
 127:JE-909.cpp    **** 		return z;
 872              		.loc 9 127 5 view .LVU254
 873 0294 84ED227A 		vstr.32	s14, [r4, #136]
 128:JE-909.cpp    **** 	}
 874              		.loc 9 128 3 is_stmt 1 view .LVU255
 875              	.LVL43:
 128:JE-909.cpp    **** 	}
 876              		.loc 9 128 3 is_stmt 0 view .LVU256
 877              	.LBE449:
 878              	.LBE464:
 415:JE-909.cpp    **** 
 879              		.loc 9 415 3 is_stmt 1 view .LVU257
ARM GAS  /var/folders/5h/m58cqcc50w3bl35rb6m75qwc0000gn/T//ccMbPTFj.s 			page 36


 880              	.LBB465:
 881              	.LBI452:
 217:JE-909.cpp    **** 	{
 882              		.loc 9 217 8 view .LVU258
 883              	.LBB456:
 219:JE-909.cpp    **** 
 884              		.loc 9 219 3 view .LVU259
 221:JE-909.cpp    **** 		y1 = y;
 885              		.loc 9 221 6 is_stmt 0 view .LVU260
 886 0298 84ED247A 		vstr.32	s14, [r4, #144]
 219:JE-909.cpp    **** 
 887              		.loc 9 219 9 view .LVU261
 888 029c E6EE867A 		vfma.f32	s15, s13, s12
 889              	.LVL44:
 221:JE-909.cpp    **** 		y1 = y;
 890              		.loc 9 221 3 is_stmt 1 view .LVU262
 222:JE-909.cpp    **** 
 891              		.loc 9 222 3 view .LVU263
 892              	.LBE456:
 893              	.LBE465:
 894              		.loc 9 418 2 is_stmt 0 view .LVU264
 895 02a0 27EE800A 		vmul.f32	s0, s15, s0
 896              	.LBB466:
 897              	.LBB457:
 222:JE-909.cpp    **** 
 898              		.loc 9 222 6 view .LVU265
 899 02a4 C4ED257A 		vstr.32	s15, [r4, #148]
 224:JE-909.cpp    **** 	}
 900              		.loc 9 224 3 is_stmt 1 view .LVU266
 901              	.LVL45:
 224:JE-909.cpp    **** 	}
 902              		.loc 9 224 3 is_stmt 0 view .LVU267
 903              	.LBE457:
 904              	.LBE466:
 417:JE-909.cpp    **** 	}
 905              		.loc 9 417 3 is_stmt 1 view .LVU268
 906              		.loc 9 418 2 is_stmt 0 view .LVU269
 907 02a8 10BD     		pop	{r4, pc}
 908              	.LVL46:
 909              	.L5:
 910              		.cfi_restore_state
 911              	.LBB467:
 912              	.LBB326:
  97:JE-909.cpp    **** 		return out;
 913              		.loc 9 97 4 is_stmt 1 view .LVU270
  97:JE-909.cpp    **** 		return out;
 914              		.loc 9 97 10 is_stmt 0 view .LVU271
 915 02aa 0023     		movs	r3, #0
 916 02ac 8361     		str	r3, [r0, #24]	@ float
 917 02ae BBE6     		b	.L6
 918              	.LVL47:
 919              	.L7:
  97:JE-909.cpp    **** 		return out;
 920              		.loc 9 97 10 view .LVU272
 921              	.LBE326:
 922              	.LBE467:
 923              	.LBB468:
ARM GAS  /var/folders/5h/m58cqcc50w3bl35rb6m75qwc0000gn/T//ccMbPTFj.s 			page 37


 924              	.LBB331:
  97:JE-909.cpp    **** 		return out;
 925              		.loc 9 97 4 is_stmt 1 view .LVU273
  97:JE-909.cpp    **** 		return out;
 926              		.loc 9 97 10 is_stmt 0 view .LVU274
 927 02b0 0023     		movs	r3, #0
 928 02b2 6362     		str	r3, [r4, #36]	@ float
 929 02b4 C8E6     		b	.L8
 930              	.LVL48:
 931              	.L9:
  97:JE-909.cpp    **** 		return out;
 932              		.loc 9 97 10 view .LVU275
 933              	.LBE331:
 934              	.LBE468:
 935              	.LBB469:
 936              	.LBB334:
  97:JE-909.cpp    **** 		return out;
 937              		.loc 9 97 4 is_stmt 1 view .LVU276
  97:JE-909.cpp    **** 		return out;
 938              		.loc 9 97 10 is_stmt 0 view .LVU277
 939 02b6 0023     		movs	r3, #0
 940 02b8 2363     		str	r3, [r4, #48]	@ float
 941 02ba D5E6     		b	.L10
 942              	.LVL49:
 943              	.L11:
  97:JE-909.cpp    **** 		return out;
 944              		.loc 9 97 10 view .LVU278
 945              	.LBE334:
 946              	.LBE469:
 947              	.LBB470:
 948              	.LBB337:
  97:JE-909.cpp    **** 		return out;
 949              		.loc 9 97 4 is_stmt 1 view .LVU279
  97:JE-909.cpp    **** 		return out;
 950              		.loc 9 97 10 is_stmt 0 view .LVU280
 951 02bc 0023     		movs	r3, #0
 952 02be E363     		str	r3, [r4, #60]	@ float
 953 02c0 E2E6     		b	.L12
 954              	.LVL50:
 955              	.L19:
  97:JE-909.cpp    **** 		return out;
 956              		.loc 9 97 10 view .LVU281
 957              	.LBE337:
 958              	.LBE470:
 959              	.LBB471:
 960              	.LBB342:
  34:JE-909.cpp    **** 	if (x > hi) return hi;
 961              		.loc 9 34 21 view .LVU282
 962 02c2 B0EE670A 		vmov.f32	s0, s15
 963              	.LVL51:
  34:JE-909.cpp    **** 	if (x > hi) return hi;
 964              		.loc 9 34 21 view .LVU283
 965 02c6 00E7     		b	.L13
 966              	.L25:
 967              		.align	2
 968              	.L24:
 969 02c8 BD378635 		.word	897988541
ARM GAS  /var/folders/5h/m58cqcc50w3bl35rb6m75qwc0000gn/T//ccMbPTFj.s 			page 38


 970 02cc 3333D33F 		.word	1070805811
 971 02d0 CDCCCC3E 		.word	1053609165
 972 02d4 0AD7A33D 		.word	1034147594
 973 02d8 CDCCEC3F 		.word	1072483533
 974 02dc 6666263F 		.word	1059481190
 975 02e0 0D661900 		.word	1664525
 976 02e4 5FF36E3C 		.word	1013904223
 977 02e8 6666663F 		.word	1063675494
 978 02ec 5C8FC23E 		.word	1052938076
 979 02f0 A0A5733F 		.word	1064543648
 980 02f4 52B81E3F 		.word	1058977874
 981 02f8 3333733F 		.word	1064514355
 982 02fc AE47613E 		.word	1046562734
 983 0300 17B7D138 		.word	953267991
 984              	.LBE342:
 985              	.LBE471:
 986              		.cfi_endproc
 987              	.LFE4708:
 989              		.section	.text._Z13AudioCallbackPKPKfPPfj,"ax",%progbits
 990              		.align	1
 991              		.p2align 2,,3
 992              		.global	_Z13AudioCallbackPKPKfPPfj
 993              		.syntax unified
 994              		.thumb
 995              		.thumb_func
 997              	_Z13AudioCallbackPKPKfPPfj:
 998              	.LVL52:
 999              	.LFB4726:
 419:JE-909.cpp    **** };
 420:JE-909.cpp    **** 
 421:JE-909.cpp    **** Kick909 kick;
 422:JE-909.cpp    **** 
 423:JE-909.cpp    **** // ------------------------------------------------------------
 424:JE-909.cpp    **** // Sidechain duck envelope
 425:JE-909.cpp    **** // ------------------------------------------------------------
 426:JE-909.cpp    **** 
 427:JE-909.cpp    **** float duck_env = 0.0f;
 428:JE-909.cpp    **** float duck_coeff = 0.999f;
 429:JE-909.cpp    **** 
 430:JE-909.cpp    **** void TriggerDuck()
 431:JE-909.cpp    **** {
 432:JE-909.cpp    **** 	duck_env = 1.0f;
 433:JE-909.cpp    **** }
 434:JE-909.cpp    **** 
 435:JE-909.cpp    **** float ProcessDuck()
 436:JE-909.cpp    **** {
 437:JE-909.cpp    **** 	float out = duck_env;
 438:JE-909.cpp    **** 
 439:JE-909.cpp    **** 	duck_env *= duck_coeff;
 440:JE-909.cpp    **** 
 441:JE-909.cpp    **** 	if(duck_env < 0.000001f)
 442:JE-909.cpp    **** 		duck_env = 0.0f;
 443:JE-909.cpp    **** 
 444:JE-909.cpp    **** 	return out;
 445:JE-909.cpp    **** }
 446:JE-909.cpp    **** 
 447:JE-909.cpp    **** // ------------------------------------------------------------
ARM GAS  /var/folders/5h/m58cqcc50w3bl35rb6m75qwc0000gn/T//ccMbPTFj.s 			page 39


 448:JE-909.cpp    **** // Global state
 449:JE-909.cpp    **** // ------------------------------------------------------------
 450:JE-909.cpp    **** 
 451:JE-909.cpp    **** bool kick_muted = false;
 452:JE-909.cpp    **** bool trig_was_high = false;
 453:JE-909.cpp    **** 
 454:JE-909.cpp    **** // ------------------------------------------------------------
 455:JE-909.cpp    **** // Audio callback
 456:JE-909.cpp    **** // -----------------------------------------------------------
 457:JE-909.cpp    **** 
 458:JE-909.cpp    **** void AudioCallback(AudioHandle::InputBuffer in, AudioHandle::OutputBuffer out, size_t size)
 459:JE-909.cpp    **** {
 1000              		.loc 9 459 1 is_stmt 1 view -0
 1001              		.cfi_startproc
 1002              		@ args = 0, pretend = 0, frame = 8
 1003              		@ frame_needed = 0, uses_anonymous_args = 0
 460:JE-909.cpp    ****     // Update all ADC and digital controls once per audio block.    
 461:JE-909.cpp    **** 	hw.ProcessAllControls();
 1004              		.loc 9 461 2 view .LVU285
 1005              	.LBB518:
 1006              	.LBI518:
  66:../../libDaisy//src/daisy_patch_sm.h **** 
  67:../../libDaisy//src/daisy_patch_sm.h ****         /** Initializes the memories, and core peripherals for the Daisy Patch SM */
  68:../../libDaisy//src/daisy_patch_sm.h ****         void Init();
  69:../../libDaisy//src/daisy_patch_sm.h **** 
  70:../../libDaisy//src/daisy_patch_sm.h ****         /** Starts a non-interleaving audio callback */
  71:../../libDaisy//src/daisy_patch_sm.h ****         void StartAudio(AudioHandle::AudioCallback cb);
  72:../../libDaisy//src/daisy_patch_sm.h **** 
  73:../../libDaisy//src/daisy_patch_sm.h ****         /** Starts an interleaving audio callback */
  74:../../libDaisy//src/daisy_patch_sm.h ****         void StartAudio(AudioHandle::InterleavingAudioCallback cb);
  75:../../libDaisy//src/daisy_patch_sm.h **** 
  76:../../libDaisy//src/daisy_patch_sm.h ****         /** Changes the callback that is executing.
  77:../../libDaisy//src/daisy_patch_sm.h ****          *  This may cause clicks if done while audio is processing.
  78:../../libDaisy//src/daisy_patch_sm.h ****          */
  79:../../libDaisy//src/daisy_patch_sm.h ****         void ChangeAudioCallback(AudioHandle::AudioCallback cb);
  80:../../libDaisy//src/daisy_patch_sm.h **** 
  81:../../libDaisy//src/daisy_patch_sm.h ****         /** Changes the callback that is executing.
  82:../../libDaisy//src/daisy_patch_sm.h ****          *  This may cause clicks if done while audio is processing.
  83:../../libDaisy//src/daisy_patch_sm.h ****          */
  84:../../libDaisy//src/daisy_patch_sm.h ****         void ChangeAudioCallback(AudioHandle::InterleavingAudioCallback cb);
  85:../../libDaisy//src/daisy_patch_sm.h **** 
  86:../../libDaisy//src/daisy_patch_sm.h ****         /** Stops the transmission of audio. */
  87:../../libDaisy//src/daisy_patch_sm.h ****         void StopAudio();
  88:../../libDaisy//src/daisy_patch_sm.h **** 
  89:../../libDaisy//src/daisy_patch_sm.h ****         /** Sets the number of samples processed in an audio callback. 
  90:../../libDaisy//src/daisy_patch_sm.h ****          *  This will only take effect on the next invocation of `StartAudio`
  91:../../libDaisy//src/daisy_patch_sm.h ****          */
  92:../../libDaisy//src/daisy_patch_sm.h ****         void SetAudioBlockSize(size_t size);
  93:../../libDaisy//src/daisy_patch_sm.h **** 
  94:../../libDaisy//src/daisy_patch_sm.h ****         /** Sets the samplerate for the audio engine 
  95:../../libDaisy//src/daisy_patch_sm.h ****          *  This will set it to the closest valid samplerate. Options being:
  96:../../libDaisy//src/daisy_patch_sm.h ****          *  8kHz, 16kHz, 32kHz, 48kHz, and 96kHz
  97:../../libDaisy//src/daisy_patch_sm.h ****          */
  98:../../libDaisy//src/daisy_patch_sm.h ****         void SetAudioSampleRate(float sr);
  99:../../libDaisy//src/daisy_patch_sm.h **** 
 100:../../libDaisy//src/daisy_patch_sm.h ****         void SetAudioSampleRate(SaiHandle::Config::SampleRate sample_rate);
 101:../../libDaisy//src/daisy_patch_sm.h **** 
ARM GAS  /var/folders/5h/m58cqcc50w3bl35rb6m75qwc0000gn/T//ccMbPTFj.s 			page 40


 102:../../libDaisy//src/daisy_patch_sm.h ****         /** Returns the number of samples processed in an audio callback */
 103:../../libDaisy//src/daisy_patch_sm.h ****         size_t AudioBlockSize();
 104:../../libDaisy//src/daisy_patch_sm.h **** 
 105:../../libDaisy//src/daisy_patch_sm.h ****         /** Returns the audio engine's samplerate in Hz */
 106:../../libDaisy//src/daisy_patch_sm.h ****         float AudioSampleRate();
 107:../../libDaisy//src/daisy_patch_sm.h **** 
 108:../../libDaisy//src/daisy_patch_sm.h ****         /** Returns the rate at which the audio callback will be called in Hz */
 109:../../libDaisy//src/daisy_patch_sm.h ****         float AudioCallbackRate();
 110:../../libDaisy//src/daisy_patch_sm.h **** 
 111:../../libDaisy//src/daisy_patch_sm.h ****         /** Starts the Control ADCs 
 112:../../libDaisy//src/daisy_patch_sm.h ****          * 
 113:../../libDaisy//src/daisy_patch_sm.h ****          *  This is started automatically when Init() is called.
 114:../../libDaisy//src/daisy_patch_sm.h ****          */
 115:../../libDaisy//src/daisy_patch_sm.h ****         void StartAdc();
 116:../../libDaisy//src/daisy_patch_sm.h **** 
 117:../../libDaisy//src/daisy_patch_sm.h ****         /** Stops the Control ADCs */
 118:../../libDaisy//src/daisy_patch_sm.h ****         void StopAdc();
 119:../../libDaisy//src/daisy_patch_sm.h **** 
 120:../../libDaisy//src/daisy_patch_sm.h ****         /** Reads and filters all of the analog control inputs */
 121:../../libDaisy//src/daisy_patch_sm.h ****         void ProcessAnalogControls();
 122:../../libDaisy//src/daisy_patch_sm.h **** 
 123:../../libDaisy//src/daisy_patch_sm.h ****         /** Reads and debounces any of the digital control inputs 
 124:../../libDaisy//src/daisy_patch_sm.h ****          *  This does nothing on this board at this time.
 125:../../libDaisy//src/daisy_patch_sm.h ****          */
 126:../../libDaisy//src/daisy_patch_sm.h ****         void ProcessDigitalControls();
 127:../../libDaisy//src/daisy_patch_sm.h **** 
 128:../../libDaisy//src/daisy_patch_sm.h ****         /** Does both of the above */
 129:../../libDaisy//src/daisy_patch_sm.h ****         void ProcessAllControls()
 1007              		.loc 2 129 14 view .LVU286
 1008              	.LBB519:
 130:../../libDaisy//src/daisy_patch_sm.h ****         {
 131:../../libDaisy//src/daisy_patch_sm.h ****             ProcessAnalogControls();
 1009              		.loc 2 131 13 view .LVU287
 1010              	.LBE519:
 1011              	.LBE518:
 459:JE-909.cpp    ****     // Update all ADC and digital controls once per audio block.    
 1012              		.loc 9 459 1 is_stmt 0 view .LVU288
 1013 0000 2DE9F04F 		push	{r4, r5, r6, r7, r8, r9, r10, fp, lr}
 1014              		.cfi_def_cfa_offset 36
 1015              		.cfi_offset 4, -36
 1016              		.cfi_offset 5, -32
 1017              		.cfi_offset 6, -28
 1018              		.cfi_offset 7, -24
 1019              		.cfi_offset 8, -20
 1020              		.cfi_offset 9, -16
 1021              		.cfi_offset 10, -12
 1022              		.cfi_offset 11, -8
 1023              		.cfi_offset 14, -4
 1024 0004 0546     		mov	r5, r0
 1025              	.LBB522:
 1026              	.LBB520:
 1027              		.loc 2 131 34 view .LVU289
 1028 0006 AB48     		ldr	r0, .L61
 1029              	.LVL53:
 1030              		.loc 2 131 34 view .LVU290
 1031              	.LBE520:
 1032              	.LBE522:
ARM GAS  /var/folders/5h/m58cqcc50w3bl35rb6m75qwc0000gn/T//ccMbPTFj.s 			page 41


 459:JE-909.cpp    ****     // Update all ADC and digital controls once per audio block.    
 1033              		.loc 9 459 1 view .LVU291
 1034 0008 1646     		mov	r6, r2
 1035 000a 8846     		mov	r8, r1
 1036 000c 2DED048B 		vpush.64	{d8, d9}
 1037              		.cfi_def_cfa_offset 52
 1038              		.cfi_offset 80, -52
 1039              		.cfi_offset 81, -48
 1040              		.cfi_offset 82, -44
 1041              		.cfi_offset 83, -40
 1042 0010 83B0     		sub	sp, sp, #12
 1043              		.cfi_def_cfa_offset 64
 1044              	.LBB523:
 1045              	.LBB521:
 1046              		.loc 2 131 34 view .LVU292
 1047 0012 FFF7FEFF 		bl	_ZN5daisy8patch_sm12DaisyPatchSM21ProcessAnalogControlsEv
 1048              	.LVL54:
 132:../../libDaisy//src/daisy_patch_sm.h ****             ProcessDigitalControls();
 1049              		.loc 2 132 13 is_stmt 1 view .LVU293
 1050              		.loc 2 132 35 is_stmt 0 view .LVU294
 1051 0016 A748     		ldr	r0, .L61
 1052 0018 FFF7FEFF 		bl	_ZN5daisy8patch_sm12DaisyPatchSM22ProcessDigitalControlsEv
 1053              	.LVL55:
 1054              		.loc 2 132 35 view .LVU295
 1055              	.LBE521:
 1056              	.LBE523:
 462:JE-909.cpp    **** 
 463:JE-909.cpp    ****     // Debounce button/switch states.
 464:JE-909.cpp    ****     button.Debounce();
 1057              		.loc 9 464 5 is_stmt 1 view .LVU296
 1058              		.loc 9 464 20 is_stmt 0 view .LVU297
 1059 001c A648     		ldr	r0, .L61+4
 1060 001e FFF7FEFF 		bl	_ZN5daisy6Switch8DebounceEv
 1061              	.LVL56:
 465:JE-909.cpp    ****     toggle.Debounce();
 1062              		.loc 9 465 5 is_stmt 1 view .LVU298
 1063              		.loc 9 465 20 is_stmt 0 view .LVU299
 1064 0022 A648     		ldr	r0, .L61+8
 1065 0024 FFF7FEFF 		bl	_ZN5daisy6Switch8DebounceEv
 1066              	.LVL57:
 466:JE-909.cpp    **** 
 467:JE-909.cpp    ****     // ------------------------------------------------------------
 468:JE-909.cpp    ****     // Read front-panel controls
 469:JE-909.cpp    ****     // ------------------------------------------------------------
 470:JE-909.cpp    **** 
 471:JE-909.cpp    **** 	float tune_knob = hw.GetAdcValue(CV_1);
 1067              		.loc 9 471 2 is_stmt 1 view .LVU300
 1068              		.loc 9 471 34 is_stmt 0 view .LVU301
 1069 0028 0021     		movs	r1, #0
 1070 002a A248     		ldr	r0, .L61
 1071 002c FFF7FEFF 		bl	_ZN5daisy8patch_sm12DaisyPatchSM11GetAdcValueEi
 1072              	.LVL58:
 472:JE-909.cpp    **** 	float decay_knob = hw.GetAdcValue(CV_2);
 1073              		.loc 9 472 35 view .LVU302
 1074 0030 0121     		movs	r1, #1
 471:JE-909.cpp    **** 	float decay_knob = hw.GetAdcValue(CV_2);
 1075              		.loc 9 471 34 view .LVU303
ARM GAS  /var/folders/5h/m58cqcc50w3bl35rb6m75qwc0000gn/T//ccMbPTFj.s 			page 42


 1076 0032 F0EE408A 		vmov.f32	s17, s0
 1077              	.LVL59:
 1078              		.loc 9 472 2 is_stmt 1 view .LVU304
 1079              		.loc 9 472 35 is_stmt 0 view .LVU305
 1080 0036 9F48     		ldr	r0, .L61
 1081 0038 FFF7FEFF 		bl	_ZN5daisy8patch_sm12DaisyPatchSM11GetAdcValueEi
 1082              	.LVL60:
 473:JE-909.cpp    **** 	float drive_knob = hw.GetAdcValue(CV_3);
 1083              		.loc 9 473 35 view .LVU306
 1084 003c 0221     		movs	r1, #2
 1085 003e 9D48     		ldr	r0, .L61
 472:JE-909.cpp    **** 	float decay_knob = hw.GetAdcValue(CV_2);
 1086              		.loc 9 472 35 view .LVU307
 1087 0040 B0EE409A 		vmov.f32	s18, s0
 1088              	.LVL61:
 1089              		.loc 9 473 2 is_stmt 1 view .LVU308
 1090              		.loc 9 473 35 is_stmt 0 view .LVU309
 1091 0044 FFF7FEFF 		bl	_ZN5daisy8patch_sm12DaisyPatchSM11GetAdcValueEi
 1092              	.LVL62:
 474:JE-909.cpp    **** 	float level_knob = hw.GetAdcValue(CV_4);
 1093              		.loc 9 474 35 view .LVU310
 1094 0048 0321     		movs	r1, #3
 1095 004a 9A48     		ldr	r0, .L61
 473:JE-909.cpp    **** 	float drive_knob = hw.GetAdcValue(CV_3);
 1096              		.loc 9 473 35 view .LVU311
 1097 004c B0EE408A 		vmov.f32	s16, s0
 1098              	.LVL63:
 1099              		.loc 9 474 2 is_stmt 1 view .LVU312
 1100              		.loc 9 474 35 is_stmt 0 view .LVU313
 1101 0050 FFF7FEFF 		bl	_ZN5daisy8patch_sm12DaisyPatchSM11GetAdcValueEi
 1102              	.LVL64:
 1103              	.LBB524:
 1104              	.LBB525:
 1105              	.LBB526:
 1106              	.LBB527:
 1107              	.LBB528:
 1108              	.LBB529:
  34:JE-909.cpp    **** 	if (x > hi) return hi;
 1109              		.loc 9 34 2 view .LVU314
 1110 0054 F5EEC08A 		vcmpe.f32	s17, #0
 1111              	.LBE529:
 1112              	.LBE528:
 1113              	.LBE527:
 1114              	.LBE526:
 1115              	.LBE525:
 1116              	.LBE524:
 1117              		.loc 9 474 35 view .LVU315
 1118 0058 F0EE409A 		vmov.f32	s19, s0
 1119              	.LVL65:
 475:JE-909.cpp    **** 
 476:JE-909.cpp    **** 	kick.SetParrams(tune_knob, decay_knob, drive_knob, level_knob);
 1120              		.loc 9 476 2 is_stmt 1 view .LVU316
 1121              	.LBB608:
 1122              	.LBI524:
 270:JE-909.cpp    **** 	{
 1123              		.loc 9 270 7 view .LVU317
 1124              	.LBB600:
ARM GAS  /var/folders/5h/m58cqcc50w3bl35rb6m75qwc0000gn/T//ccMbPTFj.s 			page 43


 272:JE-909.cpp    **** 
 1125              		.loc 9 272 3 view .LVU318
 1126              	.LBB538:
 1127              	.LBI526:
  45:JE-909.cpp    **** {
 1128              		.loc 9 45 21 view .LVU319
 1129              	.LBB534:
  47:JE-909.cpp    **** 
 1130              		.loc 9 47 2 view .LVU320
 1131              	.LBB532:
 1132              	.LBI528:
  32:JE-909.cpp    **** {
 1133              		.loc 9 32 21 view .LVU321
 1134              	.LBB530:
  34:JE-909.cpp    **** 	if (x > hi) return hi;
 1135              		.loc 9 34 2 view .LVU322
 1136 005c F1EE10FA 		vmrs	APSR_nzcv, FPSCR
 1137 0060 00F12181 		bmi	.L46
  35:JE-909.cpp    **** 	return x;
 1138              		.loc 9 35 2 view .LVU323
 1139 0064 F7EE007A 		vmov.f32	s15, #1.0e+0
  35:JE-909.cpp    **** 	return x;
 1140              		.loc 9 35 21 is_stmt 0 view .LVU324
 1141 0068 F4EE678A 		vcmp.f32	s17, s15
 1142 006c F1EE10FA 		vmrs	APSR_nzcv, FPSCR
 1143 0070 77FEA88A 		vselgt.f32	s17, s15, s17
 1144              	.LVL66:
 1145              	.L27:
  35:JE-909.cpp    **** 	return x;
 1146              		.loc 9 35 21 view .LVU325
 1147              	.LBE530:
 1148              	.LBE532:
  51:JE-909.cpp    **** }
 1149              		.loc 9 51 2 is_stmt 1 view .LVU326
  51:JE-909.cpp    **** }
 1150              		.loc 9 51 23 is_stmt 0 view .LVU327
 1151 0074 F0EE680A 		vmov.f32	s1, s17
 1152 0078 9FED910A 		vldr.32	s0, .L61+12
 1153              	.LVL67:
  51:JE-909.cpp    **** }
 1154              		.loc 9 51 23 view .LVU328
 1155 007c FFF7FEFF 		bl	powf
 1156              	.LVL68:
  51:JE-909.cpp    **** }
 1157              		.loc 9 51 23 view .LVU329
 1158              	.LBE534:
 1159              	.LBE538:
 1160              	.LBB539:
 1161              	.LBB540:
 1162              	.LBB541:
 1163              	.LBB542:
  34:JE-909.cpp    **** 	if (x > hi) return hi;
 1164              		.loc 9 34 2 view .LVU330
 1165 0080 B5EEC09A 		vcmpe.f32	s18, #0
 1166              	.LBE542:
 1167              	.LBE541:
 1168              	.LBE540:
ARM GAS  /var/folders/5h/m58cqcc50w3bl35rb6m75qwc0000gn/T//ccMbPTFj.s 			page 44


 1169              	.LBE539:
 1170              	.LBB553:
 1171              	.LBB535:
  51:JE-909.cpp    **** }
 1172              		.loc 9 51 44 view .LVU331
 1173 0084 DFED8F7A 		vldr.32	s15, .L61+16
 1174              	.LBE535:
 1175              	.LBE553:
 272:JE-909.cpp    **** 
 1176              		.loc 9 272 13 view .LVU332
 1177 0088 8F4C     		ldr	r4, .L61+20
 1178              	.LBB554:
 1179              	.LBB536:
  51:JE-909.cpp    **** }
 1180              		.loc 9 51 44 view .LVU333
 1181 008a 20EE270A 		vmul.f32	s0, s0, s15
 1182              	.LBE536:
 1183              	.LBE554:
 1184              	.LBB555:
 1185              	.LBB549:
 1186              	.LBB546:
 1187              	.LBB543:
  34:JE-909.cpp    **** 	if (x > hi) return hi;
 1188              		.loc 9 34 2 view .LVU334
 1189 008e F1EE10FA 		vmrs	APSR_nzcv, FPSCR
 1190              	.LBE543:
 1191              	.LBE546:
 1192              	.LBE549:
 1193              	.LBE555:
 272:JE-909.cpp    **** 
 1194              		.loc 9 272 13 view .LVU335
 1195 0092 84ED020A 		vstr.32	s0, [r4, #8]
 274:JE-909.cpp    **** 		env1_body.SetDecay(decay_seconds);
 1196              		.loc 9 274 3 is_stmt 1 view .LVU336
 1197              	.LVL69:
 1198              	.LBB556:
 1199              	.LBI539:
  45:JE-909.cpp    **** {
 1200              		.loc 9 45 21 view .LVU337
 1201              	.LBB550:
  47:JE-909.cpp    **** 
 1202              		.loc 9 47 2 view .LVU338
 1203              	.LBB547:
 1204              	.LBI541:
  32:JE-909.cpp    **** {
 1205              		.loc 9 32 21 view .LVU339
 1206              	.LBB544:
  34:JE-909.cpp    **** 	if (x > hi) return hi;
 1207              		.loc 9 34 2 view .LVU340
 1208 0096 00F1DA80 		bmi	.L47
  35:JE-909.cpp    **** 	return x;
 1209              		.loc 9 35 2 view .LVU341
 1210 009a F7EE000A 		vmov.f32	s1, #1.0e+0
 1211 009e B4EEE09A 		vcmpe.f32	s18, s1
 1212 00a2 F1EE10FA 		vmrs	APSR_nzcv, FPSCR
 1213 00a6 00F3D480 		bgt	.L29
 1214              	.LVL70:
ARM GAS  /var/folders/5h/m58cqcc50w3bl35rb6m75qwc0000gn/T//ccMbPTFj.s 			page 45


  35:JE-909.cpp    **** 	return x;
 1215              		.loc 9 35 2 is_stmt 0 view .LVU342
 1216              	.LBE544:
 1217              	.LBE547:
  51:JE-909.cpp    **** }
 1218              		.loc 9 51 2 is_stmt 1 view .LVU343
  51:JE-909.cpp    **** }
 1219              		.loc 9 51 23 is_stmt 0 view .LVU344
 1220 00aa B3EE000A 		vmov.f32	s0, #1.6e+1
 1221 00ae F0EE490A 		vmov.f32	s1, s18
 1222 00b2 FFF7FEFF 		bl	powf
 1223              	.LVL71:
  51:JE-909.cpp    **** }
 1224              		.loc 9 51 44 view .LVU345
 1225 00b6 DFED857A 		vldr.32	s15, .L61+24
 1226              	.LBE550:
 1227              	.LBE556:
 1228              	.LBB557:
 1229              	.LBB558:
 1230              	.LBB559:
 1231              	.LBB560:
  34:JE-909.cpp    **** 	if (x > hi) return hi;
 1232              		.loc 9 34 2 view .LVU346
 1233 00ba 9FED857A 		vldr.32	s14, .L61+28
 1234              	.LBE560:
 1235              	.LBE559:
 1236              	.LBE558:
 1237              	.LBE557:
 1238              	.LBB568:
 1239              	.LBB551:
  51:JE-909.cpp    **** }
 1240              		.loc 9 51 44 view .LVU347
 1241 00be 60EE277A 		vmul.f32	s15, s0, s15
 1242              	.LVL72:
  51:JE-909.cpp    **** }
 1243              		.loc 9 51 44 view .LVU348
 1244              	.LBE551:
 1245              	.LBE568:
 275:JE-909.cpp    **** 
 1246              		.loc 9 275 3 is_stmt 1 view .LVU349
 1247              	.LBB569:
 1248              	.LBI557:
  79:JE-909.cpp    **** 	{
 1249              		.loc 9 79 7 view .LVU350
 1250              	.LBB565:
  81:JE-909.cpp    **** 		coeff = expf(-1.0f / (decay_seconds * sample_rate));
 1251              		.loc 9 81 3 view .LVU351
 1252              	.LBB563:
 1253              	.LBI559:
  32:JE-909.cpp    **** {
 1254              		.loc 9 32 21 view .LVU352
 1255              	.LBB561:
  34:JE-909.cpp    **** 	if (x > hi) return hi;
 1256              		.loc 9 34 2 view .LVU353
 1257 00c2 F4EEC77A 		vcmpe.f32	s15, s14
 1258 00c6 F1EE10FA 		vmrs	APSR_nzcv, FPSCR
 1259 00ca 40F1CB80 		bpl	.L59
ARM GAS  /var/folders/5h/m58cqcc50w3bl35rb6m75qwc0000gn/T//ccMbPTFj.s 			page 46


  34:JE-909.cpp    **** 	if (x > hi) return hi;
 1260              		.loc 9 34 21 is_stmt 0 view .LVU354
 1261 00ce F0EE477A 		vmov.f32	s15, s14
 1262              	.LVL73:
 1263              	.L30:
  34:JE-909.cpp    **** 	if (x > hi) return hi;
 1264              		.loc 9 34 21 view .LVU355
 1265              	.LBE561:
 1266              	.LBE563:
  82:JE-909.cpp    **** 	}
 1267              		.loc 9 82 3 is_stmt 1 view .LVU356
  82:JE-909.cpp    **** 	}
 1268              		.loc 9 82 39 is_stmt 0 view .LVU357
 1269 00d2 94ED050A 		vldr.32	s0, [r4, #20]
  82:JE-909.cpp    **** 	}
 1270              		.loc 9 82 15 view .LVU358
 1271 00d6 FFEE008A 		vmov.f32	s17, #-1.0e+0
  82:JE-909.cpp    **** 	}
 1272              		.loc 9 82 39 view .LVU359
 1273 00da 27EE800A 		vmul.f32	s0, s15, s0
  82:JE-909.cpp    **** 	}
 1274              		.loc 9 82 15 view .LVU360
 1275 00de 88EE800A 		vdiv.f32	s0, s17, s0
 1276 00e2 FFF7FEFF 		bl	expf
 1277              	.LVL74:
  82:JE-909.cpp    **** 	}
 1278              		.loc 9 82 15 view .LVU361
 1279              	.LBE565:
 1280              	.LBE569:
 1281              	.LBB570:
 1282              	.LBB571:
  82:JE-909.cpp    **** 	}
 1283              		.loc 9 82 39 view .LVU362
 1284 00e6 D4ED087A 		vldr.32	s15, [r4, #32]
 1285 00ea 9FED7A7A 		vldr.32	s14, .L61+32
 1286              	.LBE571:
 1287              	.LBE570:
 1288              	.LBB575:
 1289              	.LBB566:
  82:JE-909.cpp    **** 	}
 1290              		.loc 9 82 9 view .LVU363
 1291 00ee 84ED070A 		vstr.32	s0, [r4, #28]
 1292              	.LVL75:
  82:JE-909.cpp    **** 	}
 1293              		.loc 9 82 9 view .LVU364
 1294              	.LBE566:
 1295              	.LBE575:
 277:JE-909.cpp    **** 		env3_pitch.SetDecay(0.035f);
 1296              		.loc 9 277 3 is_stmt 1 view .LVU365
 1297              	.LBB576:
 1298              	.LBI570:
  79:JE-909.cpp    **** 	{
 1299              		.loc 9 79 7 view .LVU366
 1300              	.LBB572:
  81:JE-909.cpp    **** 		coeff = expf(-1.0f / (decay_seconds * sample_rate));
 1301              		.loc 9 81 3 view .LVU367
  81:JE-909.cpp    **** 		coeff = expf(-1.0f / (decay_seconds * sample_rate));
ARM GAS  /var/folders/5h/m58cqcc50w3bl35rb6m75qwc0000gn/T//ccMbPTFj.s 			page 47


 1302              		.loc 9 81 3 is_stmt 0 view .LVU368
 1303              	.LBE572:
 1304              	.LBE576:
 1305              	.LBE600:
 1306              	.LBE608:
  34:JE-909.cpp    **** 	if (x > hi) return hi;
 1307              		.loc 9 34 2 is_stmt 1 view .LVU369
  35:JE-909.cpp    **** 	return x;
 1308              		.loc 9 35 2 view .LVU370
 1309              	.LBB609:
 1310              	.LBB601:
 1311              	.LBB577:
 1312              	.LBB573:
  82:JE-909.cpp    **** 	}
 1313              		.loc 9 82 3 view .LVU371
  82:JE-909.cpp    **** 	}
 1314              		.loc 9 82 39 is_stmt 0 view .LVU372
 1315 00f2 27EE870A 		vmul.f32	s0, s15, s14
  82:JE-909.cpp    **** 	}
 1316              		.loc 9 82 15 view .LVU373
 1317 00f6 88EE800A 		vdiv.f32	s0, s17, s0
 1318 00fa FFF7FEFF 		bl	expf
 1319              	.LVL76:
 1320              	.LBE573:
 1321              	.LBE577:
 1322              	.LBB578:
 1323              	.LBB579:
  82:JE-909.cpp    **** 	}
 1324              		.loc 9 82 39 view .LVU374
 1325 00fe D4ED0B7A 		vldr.32	s15, [r4, #44]
 1326 0102 9FED757A 		vldr.32	s14, .L61+36
 1327              	.LBE579:
 1328              	.LBE578:
 1329              	.LBB583:
 1330              	.LBB574:
  82:JE-909.cpp    **** 	}
 1331              		.loc 9 82 9 view .LVU375
 1332 0106 84ED0A0A 		vstr.32	s0, [r4, #40]
 1333              	.LVL77:
  82:JE-909.cpp    **** 	}
 1334              		.loc 9 82 9 view .LVU376
 1335              	.LBE574:
 1336              	.LBE583:
 278:JE-909.cpp    **** 		pulse_env.SetDecay(0.0011f);
 1337              		.loc 9 278 3 is_stmt 1 view .LVU377
 1338              	.LBB584:
 1339              	.LBI578:
  79:JE-909.cpp    **** 	{
 1340              		.loc 9 79 7 view .LVU378
 1341              	.LBB580:
  81:JE-909.cpp    **** 		coeff = expf(-1.0f / (decay_seconds * sample_rate));
 1342              		.loc 9 81 3 view .LVU379
  81:JE-909.cpp    **** 		coeff = expf(-1.0f / (decay_seconds * sample_rate));
 1343              		.loc 9 81 3 is_stmt 0 view .LVU380
 1344              	.LBE580:
 1345              	.LBE584:
 1346              	.LBE601:
ARM GAS  /var/folders/5h/m58cqcc50w3bl35rb6m75qwc0000gn/T//ccMbPTFj.s 			page 48


 1347              	.LBE609:
  34:JE-909.cpp    **** 	if (x > hi) return hi;
 1348              		.loc 9 34 2 is_stmt 1 view .LVU381
  35:JE-909.cpp    **** 	return x;
 1349              		.loc 9 35 2 view .LVU382
 1350              	.LBB610:
 1351              	.LBB602:
 1352              	.LBB585:
 1353              	.LBB581:
  82:JE-909.cpp    **** 	}
 1354              		.loc 9 82 3 view .LVU383
  82:JE-909.cpp    **** 	}
 1355              		.loc 9 82 39 is_stmt 0 view .LVU384
 1356 010a 27EE870A 		vmul.f32	s0, s15, s14
  82:JE-909.cpp    **** 	}
 1357              		.loc 9 82 15 view .LVU385
 1358 010e 88EE800A 		vdiv.f32	s0, s17, s0
 1359 0112 FFF7FEFF 		bl	expf
 1360              	.LVL78:
 1361              	.LBE581:
 1362              	.LBE585:
 1363              	.LBB586:
 1364              	.LBB587:
  82:JE-909.cpp    **** 	}
 1365              		.loc 9 82 39 view .LVU386
 1366 0116 D4ED0E7A 		vldr.32	s15, [r4, #56]
 1367 011a 9FED707A 		vldr.32	s14, .L61+40
 1368              	.LBE587:
 1369              	.LBE586:
 1370              	.LBB590:
 1371              	.LBB582:
  82:JE-909.cpp    **** 	}
 1372              		.loc 9 82 9 view .LVU387
 1373 011e 84ED0D0A 		vstr.32	s0, [r4, #52]
 1374              	.LVL79:
  82:JE-909.cpp    **** 	}
 1375              		.loc 9 82 9 view .LVU388
 1376              	.LBE582:
 1377              	.LBE590:
 279:JE-909.cpp    **** 
 1378              		.loc 9 279 3 is_stmt 1 view .LVU389
 1379              	.LBB591:
 1380              	.LBI586:
  79:JE-909.cpp    **** 	{
 1381              		.loc 9 79 7 view .LVU390
 1382              	.LBB588:
  81:JE-909.cpp    **** 		coeff = expf(-1.0f / (decay_seconds * sample_rate));
 1383              		.loc 9 81 3 view .LVU391
  81:JE-909.cpp    **** 		coeff = expf(-1.0f / (decay_seconds * sample_rate));
 1384              		.loc 9 81 3 is_stmt 0 view .LVU392
 1385              	.LBE588:
 1386              	.LBE591:
 1387              	.LBE602:
 1388              	.LBE610:
  34:JE-909.cpp    **** 	if (x > hi) return hi;
 1389              		.loc 9 34 2 is_stmt 1 view .LVU393
  35:JE-909.cpp    **** 	return x;
ARM GAS  /var/folders/5h/m58cqcc50w3bl35rb6m75qwc0000gn/T//ccMbPTFj.s 			page 49


 1390              		.loc 9 35 2 view .LVU394
 1391              	.LBB611:
 1392              	.LBB603:
 1393              	.LBB592:
 1394              	.LBB589:
  82:JE-909.cpp    **** 	}
 1395              		.loc 9 82 3 view .LVU395
  82:JE-909.cpp    **** 	}
 1396              		.loc 9 82 39 is_stmt 0 view .LVU396
 1397 0122 27EE870A 		vmul.f32	s0, s15, s14
  82:JE-909.cpp    **** 	}
 1398              		.loc 9 82 15 view .LVU397
 1399 0126 88EE800A 		vdiv.f32	s0, s17, s0
 1400 012a FFF7FEFF 		bl	expf
 1401              	.LVL80:
  82:JE-909.cpp    **** 	}
 1402              		.loc 9 82 9 view .LVU398
 1403 012e 84ED100A 		vstr.32	s0, [r4, #64]
 1404              	.LVL81:
  82:JE-909.cpp    **** 	}
 1405              		.loc 9 82 9 view .LVU399
 1406              	.LBE589:
 1407              	.LBE592:
 281:JE-909.cpp    **** 
 1408              		.loc 9 281 3 is_stmt 1 view .LVU400
 1409              	.LBB593:
 1410              	.LBI593:
  32:JE-909.cpp    **** {
 1411              		.loc 9 32 21 view .LVU401
 1412              	.LBB594:
  34:JE-909.cpp    **** 	if (x > hi) return hi;
 1413              		.loc 9 34 2 view .LVU402
 1414 0132 B5EEC08A 		vcmpe.f32	s16, #0
 1415 0136 F1EE10FA 		vmrs	APSR_nzcv, FPSCR
 1416 013a 00F1B780 		bmi	.L50
  35:JE-909.cpp    **** 	return x;
 1417              		.loc 9 35 2 view .LVU403
 1418 013e F7EE007A 		vmov.f32	s15, #1.0e+0
  35:JE-909.cpp    **** 	return x;
 1419              		.loc 9 35 21 is_stmt 0 view .LVU404
 1420 0142 B4EE678A 		vcmp.f32	s16, s15
 1421 0146 F1EE10FA 		vmrs	APSR_nzcv, FPSCR
 1422 014a 37FE888A 		vselgt.f32	s16, s15, s16
 1423              	.LVL82:
 1424              	.L32:
  35:JE-909.cpp    **** 	return x;
 1425              		.loc 9 35 21 view .LVU405
 1426              	.LBE594:
 1427              	.LBE593:
 283:JE-909.cpp    **** 	}
 1428              		.loc 9 283 22 view .LVU406
 1429 014e B7EE040A 		vmov.f32	s0, #1.25e+0
 1430              	.LBE603:
 1431              	.LBE611:
 1432              	.LBB612:
 1433              	.LBB613:
  43:../../libDaisy//src/hid/switch.h **** 
ARM GAS  /var/folders/5h/m58cqcc50w3bl35rb6m75qwc0000gn/T//ccMbPTFj.s 			page 50


  44:../../libDaisy//src/hid/switch.h ****     /** 
  45:../../libDaisy//src/hid/switch.h ****     Initializes the switch object with a given port/pin combo.
  46:../../libDaisy//src/hid/switch.h ****     \param pin port/pin object to tell the switch which hardware pin to use.
  47:../../libDaisy//src/hid/switch.h ****     \param update_rate Does nothing. Backwards compatibility until next breaking update.
  48:../../libDaisy//src/hid/switch.h ****     \param t switch type -- Default: TYPE_MOMENTARY
  49:../../libDaisy//src/hid/switch.h ****     \param pol switch polarity -- Default: POLARITY_INVERTED
  50:../../libDaisy//src/hid/switch.h ****     \param pu switch pull up/down -- Default: PULL_UP
  51:../../libDaisy//src/hid/switch.h ****     */
  52:../../libDaisy//src/hid/switch.h ****     void
  53:../../libDaisy//src/hid/switch.h ****     Init(dsy_gpio_pin pin, float update_rate, Type t, Polarity pol, Pull pu);
  54:../../libDaisy//src/hid/switch.h **** 
  55:../../libDaisy//src/hid/switch.h ****     /**
  56:../../libDaisy//src/hid/switch.h ****        Simplified Init.
  57:../../libDaisy//src/hid/switch.h ****        \param pin port/pin object to tell the switch which hardware pin to use.
  58:../../libDaisy//src/hid/switch.h ****        \param update_rate Left for backwards compatibility until next breaking change.
  59:../../libDaisy//src/hid/switch.h ****     */
  60:../../libDaisy//src/hid/switch.h ****     void Init(dsy_gpio_pin pin, float update_rate = 0.f);
  61:../../libDaisy//src/hid/switch.h **** 
  62:../../libDaisy//src/hid/switch.h ****     /** 
  63:../../libDaisy//src/hid/switch.h ****     Called at update_rate to debounce and handle timing for the switch.
  64:../../libDaisy//src/hid/switch.h ****     In order for events not to be missed, its important that the Edge/Pressed checks
  65:../../libDaisy//src/hid/switch.h ****     be made at the same rate as the debounce function is being called.
  66:../../libDaisy//src/hid/switch.h ****     */
  67:../../libDaisy//src/hid/switch.h ****     void Debounce();
  68:../../libDaisy//src/hid/switch.h **** 
  69:../../libDaisy//src/hid/switch.h ****     /** \return true if a button was just pressed. */
  70:../../libDaisy//src/hid/switch.h ****     inline bool RisingEdge() const { return updated_ ? state_ == 0x7f : false; }
 1434              		.loc 1 70 45 view .LVU407
 1435 0152 594B     		ldr	r3, .L61+4
 1436              	.LBE613:
 1437              	.LBE612:
 477:JE-909.cpp    **** 
 478:JE-909.cpp    **** 	if(button.RisingEdge())
 479:JE-909.cpp    **** 	{
 480:JE-909.cpp    **** 		kick_muted = !kick_muted;
 1438              		.loc 9 480 16 view .LVU408
 1439 0154 624F     		ldr	r7, .L61+44
 1440              	.LBB616:
 1441              	.LBB614:
 1442              		.loc 1 70 54 view .LVU409
 1443 0156 1A79     		ldrb	r2, [r3, #4]	@ zero_extendqisi2
 1444              	.LBE614:
 1445              	.LBE616:
 1446              	.LBB617:
 1447              	.LBB604:
 283:JE-909.cpp    **** 	}
 1448              		.loc 9 283 22 view .LVU410
 1449 0158 69EE809A 		vmul.f32	s19, s19, s0
 1450              	.LVL83:
 283:JE-909.cpp    **** 	}
 1451              		.loc 9 283 22 view .LVU411
 1452              	.LBE604:
 1453              	.LBE617:
 1454              		.loc 9 480 16 view .LVU412
 1455 015c 3978     		ldrb	r1, [r7]	@ zero_extendqisi2
 1456              	.LBB618:
 1457              	.LBB605:
ARM GAS  /var/folders/5h/m58cqcc50w3bl35rb6m75qwc0000gn/T//ccMbPTFj.s 			page 51


 281:JE-909.cpp    **** 
 1458              		.loc 9 281 16 view .LVU413
 1459 015e 84ED038A 		vstr.32	s16, [r4, #12]
 283:JE-909.cpp    **** 	}
 1460              		.loc 9 283 3 is_stmt 1 view .LVU414
 283:JE-909.cpp    **** 	}
 1461              		.loc 9 283 9 is_stmt 0 view .LVU415
 1462 0162 C4ED049A 		vstr.32	s19, [r4, #16]
 1463              	.LVL84:
 283:JE-909.cpp    **** 	}
 1464              		.loc 9 283 9 view .LVU416
 1465              	.LBE605:
 1466              	.LBE618:
 478:JE-909.cpp    **** 	{
 1467              		.loc 9 478 2 is_stmt 1 view .LVU417
 1468              	.LBB619:
 1469              	.LBI612:
 1470              		.loc 1 70 17 view .LVU418
 1471              	.LBB615:
 1472              		.loc 1 70 38 view .LVU419
 1473              		.loc 1 70 54 is_stmt 0 view .LVU420
 1474 0166 002A     		cmp	r2, #0
 1475 0168 00F08580 		beq	.L36
 1476              	.LVL85:
 1477              		.loc 1 70 54 view .LVU421
 1478              	.LBE615:
 1479              	.LBE619:
 478:JE-909.cpp    **** 	{
 1480              		.loc 9 478 2 view .LVU422
 1481 016c 9B7A     		ldrb	r3, [r3, #10]	@ zero_extendqisi2
 1482 016e 7F2B     		cmp	r3, #127
 1483 0170 40F08180 		bne	.L36
 1484              		.loc 9 480 3 is_stmt 1 view .LVU423
 1485              		.loc 9 480 16 is_stmt 0 view .LVU424
 1486 0174 81F00103 		eor	r3, r1, #1
 1487              		.loc 9 480 14 view .LVU425
 1488 0178 3B70     		strb	r3, [r7]
 1489              	.L35:
 481:JE-909.cpp    **** 	}
 482:JE-909.cpp    **** 
 483:JE-909.cpp    **** 	// Optional LED feedback:
 484:JE-909.cpp    ****     // LED on means kick is NOT muted.
 485:JE-909.cpp    **** 	hw.SetLed(!kick_muted);
 1490              		.loc 9 485 2 is_stmt 1 view .LVU426
 1491              		.loc 9 485 11 is_stmt 0 view .LVU427
 1492 017a 4E48     		ldr	r0, .L61
 1493 017c FFF7FEFF 		bl	_ZN5daisy8patch_sm12DaisyPatchSM6SetLedEb
 1494              	.LVL86:
 486:JE-909.cpp    **** 
 487:JE-909.cpp    **** 	// ------------------------------------------------------------
 488:JE-909.cpp    ****     // B8: sidechain on/off
 489:JE-909.cpp    ****     // ------------------------------------------------------------
 490:JE-909.cpp    **** 
 491:JE-909.cpp    **** 	bool sidechain_on = toggle.Pressed();
 1495              		.loc 9 491 2 is_stmt 1 view .LVU428
 1496              	.LBB620:
 1497              	.LBI620:
ARM GAS  /var/folders/5h/m58cqcc50w3bl35rb6m75qwc0000gn/T//ccMbPTFj.s 			page 52


  71:../../libDaisy//src/hid/switch.h **** 
  72:../../libDaisy//src/hid/switch.h ****     /** \return true if the button was just released */
  73:../../libDaisy//src/hid/switch.h ****     inline bool FallingEdge() const
  74:../../libDaisy//src/hid/switch.h ****     {
  75:../../libDaisy//src/hid/switch.h ****         return updated_ ? state_ == 0x80 : false;
  76:../../libDaisy//src/hid/switch.h ****     }
  77:../../libDaisy//src/hid/switch.h **** 
  78:../../libDaisy//src/hid/switch.h ****     /** \return true if the button is held down (or if the toggle is on) */
  79:../../libDaisy//src/hid/switch.h ****     inline bool Pressed() const { return state_ == 0xff; }
 1498              		.loc 1 79 17 view .LVU429
 1499              	.LBB621:
 1500              		.loc 1 79 35 view .LVU430
 1501              		.loc 1 79 42 is_stmt 0 view .LVU431
 1502 0180 4E4B     		ldr	r3, .L61+8
 1503              	.LBE621:
 1504              	.LBE620:
 492:JE-909.cpp    **** 
 493:JE-909.cpp    **** 	// ------------------------------------------------------------
 494:JE-909.cpp    ****     // CV_5: exclusive kick trigger input
 495:JE-909.cpp    ****     // ------------------------------------------------------------
 496:JE-909.cpp    **** 
 497:JE-909.cpp    **** 	float trig_cv = hw.GetAdcValue(CV_5);
 1505              		.loc 9 497 32 view .LVU432
 1506 0182 0421     		movs	r1, #4
 1507 0184 4B48     		ldr	r0, .L61
 1508              	.LBB623:
 1509              	.LBB622:
 1510              		.loc 1 79 42 view .LVU433
 1511 0186 9B7A     		ldrb	r3, [r3, #10]	@ zero_extendqisi2
 1512 0188 0193     		str	r3, [sp, #4]
 1513              	.LVL87:
 1514              		.loc 1 79 42 view .LVU434
 1515              	.LBE622:
 1516              	.LBE623:
 1517              		.loc 9 497 2 is_stmt 1 view .LVU435
 1518              		.loc 9 497 32 is_stmt 0 view .LVU436
 1519 018a FFF7FEFF 		bl	_ZN5daisy8patch_sm12DaisyPatchSM11GetAdcValueEi
 1520              	.LVL88:
 498:JE-909.cpp    **** 
 499:JE-909.cpp    **** 	bool trig_high = trig_was_high;
 1521              		.loc 9 499 2 is_stmt 1 view .LVU437
 1522              		.loc 9 499 7 is_stmt 0 view .LVU438
 1523 018e 554A     		ldr	r2, .L61+48
 1524 0190 1378     		ldrb	r3, [r2]	@ zero_extendqisi2
 1525              	.LVL89:
 500:JE-909.cpp    **** 
 501:JE-909.cpp    **** 	if(!trig_was_high && trig_cv > TRIG_HIGH)
 1526              		.loc 9 501 2 is_stmt 1 view .LVU439
 1527 0192 002B     		cmp	r3, #0
 1528 0194 72D0     		beq	.L60
 502:JE-909.cpp    **** 	{
 503:JE-909.cpp    **** 		trig_high = true;
 504:JE-909.cpp    **** 
 505:JE-909.cpp    **** 		kick.Trigger();
 506:JE-909.cpp    **** 		TriggerDuck();
 507:JE-909.cpp    **** 	}
 508:JE-909.cpp    **** 	else if(trig_was_high && trig_cv < TRIG_LOW)
ARM GAS  /var/folders/5h/m58cqcc50w3bl35rb6m75qwc0000gn/T//ccMbPTFj.s 			page 53


 1529              		.loc 9 508 7 discriminator 1 view .LVU440
 1530              		.loc 9 508 24 is_stmt 0 discriminator 1 view .LVU441
 1531 0196 DFED4D7A 		vldr.32	s15, .L61+24
 1532 019a B4EEE70A 		vcmpe.f32	s0, s15
 1533 019e F1EE10FA 		vmrs	APSR_nzcv, FPSCR
 1534 01a2 54BF     		ite	pl
 1535 01a4 0123     		movpl	r3, #1
 1536              	.LVL90:
 1537              		.loc 9 508 24 discriminator 1 view .LVU442
 1538 01a6 0023     		movmi	r3, #0
 1539              	.LVL91:
 1540              	.L38:
 509:JE-909.cpp    **** 	{ 
 510:JE-909.cpp    **** 		trig_high = false;
 511:JE-909.cpp    **** 	}
 512:JE-909.cpp    **** 
 513:JE-909.cpp    **** 	trig_was_high = trig_high;
 1541              		.loc 9 513 2 is_stmt 1 view .LVU443
 1542              		.loc 9 513 16 is_stmt 0 view .LVU444
 1543 01a8 1370     		strb	r3, [r2]
 514:JE-909.cpp    **** 
 515:JE-909.cpp    ****     // ------------------------------------------------------------
 516:JE-909.cpp    ****     // Per-sample audio
 517:JE-909.cpp    ****     // ------------------------------------------------------------
 518:JE-909.cpp    **** 
 519:JE-909.cpp    **** 	for (size_t i = 0; i < size; i++)
 1544              		.loc 9 519 2 is_stmt 1 view .LVU445
 1545              	.LVL92:
 1546              	.LBB624:
 1547              		.loc 9 519 23 view .LVU446
 1548 01aa 002E     		cmp	r6, #0
 1549 01ac 4AD0     		beq	.L26
 1550              		.loc 9 519 14 is_stmt 0 view .LVU447
 1551 01ae 0024     		movs	r4, #0
 1552 01b0 DFF83C91 		ldr	r9, .L61+60
 1553 01b4 DFF83CA1 		ldr	r10, .L61+64
 1554              	.LVL93:
 1555              	.L40:
 1556              	.LBB625:
 520:JE-909.cpp    **** 	{
 521:JE-909.cpp    **** 		float dry_l = in[0][i];
 1557              		.loc 9 521 3 is_stmt 1 view .LVU448
 1558              	.LBB626:
 1559              	.LBB627:
 442:JE-909.cpp    **** 
 1560              		.loc 9 442 3 view .LVU449
 437:JE-909.cpp    **** 
 1561              		.loc 9 437 8 is_stmt 0 view .LVU450
 1562 01b8 99ED007A 		vldr.32	s14, [r9]
 442:JE-909.cpp    **** 
 1563              		.loc 9 442 12 view .LVU451
 1564 01bc 0020     		movs	r0, #0
 439:JE-909.cpp    **** 
 1565              		.loc 9 439 11 view .LVU452
 1566 01be DAED007A 		vldr.32	s15, [r10]
 1567 01c2 4FEA840B 		lsl	fp, r4, #2
 441:JE-909.cpp    **** 		duck_env = 0.0f;
ARM GAS  /var/folders/5h/m58cqcc50w3bl35rb6m75qwc0000gn/T//ccMbPTFj.s 			page 54


 1568              		.loc 9 441 2 view .LVU453
 1569 01c6 DFED486A 		vldr.32	s13, .L61+52
 439:JE-909.cpp    **** 
 1570              		.loc 9 439 11 view .LVU454
 1571 01ca 67EE277A 		vmul.f32	s15, s14, s15
 1572              	.LBE627:
 1573              	.LBE626:
 522:JE-909.cpp    **** 		float dry_r = in[1][i];
 1574              		.loc 9 522 9 view .LVU455
 1575 01ce D5E90013 		ldrd	r1, r3, [r5]
 1576              	.LBB632:
 1577              	.LBB628:
 441:JE-909.cpp    **** 		duck_env = 0.0f;
 1578              		.loc 9 441 2 view .LVU456
 1579 01d2 F4EEE67A 		vcmpe.f32	s15, s13
 1580              	.LBE628:
 1581              	.LBE632:
 1582              		.loc 9 522 9 view .LVU457
 1583 01d6 03EB8403 		add	r3, r3, r4, lsl #2
 521:JE-909.cpp    **** 		float dry_r = in[1][i];
 1584              		.loc 9 521 9 view .LVU458
 1585 01da 01EB8401 		add	r1, r1, r4, lsl #2
 1586              	.LBE625:
 519:JE-909.cpp    **** 	{
 1587              		.loc 9 519 2 view .LVU459
 1588 01de 0134     		adds	r4, r4, #1
 1589              	.LVL94:
 1590              	.LBB640:
 1591              	.LBB633:
 1592              	.LBB629:
 441:JE-909.cpp    **** 		duck_env = 0.0f;
 1593              		.loc 9 441 2 view .LVU460
 1594 01e0 F1EE10FA 		vmrs	APSR_nzcv, FPSCR
 1595              	.LBE629:
 1596              	.LBE633:
 1597              		.loc 9 522 9 view .LVU461
 1598 01e4 D3ED008A 		vldr.32	s17, [r3]
 1599              	.LBB634:
 523:JE-909.cpp    **** 
 524:JE-909.cpp    **** 		float duck = ProcessDuck();
 525:JE-909.cpp    **** 
 526:JE-909.cpp    **** 		float input_gain = 1.0f;
 527:JE-909.cpp    **** 
 528:JE-909.cpp    **** 		if(sidechain_on)
 1600              		.loc 9 528 3 view .LVU462
 1601 01e8 019B     		ldr	r3, [sp, #4]
 1602              	.LBE634:
 521:JE-909.cpp    **** 		float dry_r = in[1][i];
 1603              		.loc 9 521 9 view .LVU463
 1604 01ea 91ED008A 		vldr.32	s16, [r1]
 1605              	.LVL95:
 522:JE-909.cpp    **** 
 1606              		.loc 9 522 3 is_stmt 1 view .LVU464
 524:JE-909.cpp    **** 
 1607              		.loc 9 524 3 view .LVU465
 1608              	.LBB636:
 1609              	.LBI626:
ARM GAS  /var/folders/5h/m58cqcc50w3bl35rb6m75qwc0000gn/T//ccMbPTFj.s 			page 55


 435:JE-909.cpp    **** {
 1610              		.loc 9 435 7 view .LVU466
 1611              	.LBB630:
 437:JE-909.cpp    **** 
 1612              		.loc 9 437 2 view .LVU467
 439:JE-909.cpp    **** 
 1613              		.loc 9 439 2 view .LVU468
 441:JE-909.cpp    **** 		duck_env = 0.0f;
 1614              		.loc 9 441 2 view .LVU469
 442:JE-909.cpp    **** 
 1615              		.loc 9 442 12 is_stmt 0 view .LVU470
 1616 01ee 4CBF     		ite	mi
 1617 01f0 C9F80000 		strmi	r0, [r9]	@ float
 444:JE-909.cpp    **** }
 1618              		.loc 9 444 2 is_stmt 1 view .LVU471
 1619              	.LVL96:
 444:JE-909.cpp    **** }
 1620              		.loc 9 444 2 is_stmt 0 view .LVU472
 1621              	.LBE630:
 1622              	.LBE636:
 526:JE-909.cpp    **** 
 1623              		.loc 9 526 3 is_stmt 1 view .LVU473
 1624              		.loc 9 528 3 view .LVU474
 529:JE-909.cpp    **** 		{
 530:JE-909.cpp    **** 			float duck_depth = 0.75f;
 531:JE-909.cpp    **** 			input_gain = 1.0f - duck_depth * duck;
 532:JE-909.cpp    **** 		}
 533:JE-909.cpp    **** 
 534:JE-909.cpp    **** 		dry_l *= input_gain;
 1625              		.loc 9 534 3 view .LVU475
 535:JE-909.cpp    **** 		dry_r *= input_gain;
 1626              		.loc 9 535 3 view .LVU476
 536:JE-909.cpp    **** 
 537:JE-909.cpp    **** 		float kick_sample = kick.Process();
 1627              		.loc 9 537 3 view .LVU477
 1628              	.LBB637:
 1629              	.LBB631:
 439:JE-909.cpp    **** 
 1630              		.loc 9 439 11 is_stmt 0 view .LVU478
 1631 01f4 C9ED007A 		vstrpl.32	s15, [r9]
 1632              	.LBE631:
 1633              	.LBE637:
 1634              	.LBB638:
 528:JE-909.cpp    **** 		{
 1635              		.loc 9 528 3 view .LVU479
 1636 01f8 FF2B     		cmp	r3, #255
 1637              	.LBE638:
 1638              		.loc 9 537 35 view .LVU480
 1639 01fa 3348     		ldr	r0, .L61+20
 1640              	.LBB639:
 528:JE-909.cpp    **** 		{
 1641              		.loc 9 528 3 view .LVU481
 1642 01fc 09D1     		bne	.L43
 1643              	.LBB635:
 530:JE-909.cpp    **** 			input_gain = 1.0f - duck_depth * duck;
 1644              		.loc 9 530 4 is_stmt 1 view .LVU482
 1645              	.LVL97:
ARM GAS  /var/folders/5h/m58cqcc50w3bl35rb6m75qwc0000gn/T//ccMbPTFj.s 			page 56


 531:JE-909.cpp    **** 		}
 1646              		.loc 9 531 4 view .LVU483
 531:JE-909.cpp    **** 		}
 1647              		.loc 9 531 15 is_stmt 0 view .LVU484
 1648 01fe F6EE086A 		vmov.f32	s13, #7.5e-1
 1649 0202 F7EE007A 		vmov.f32	s15, #1.0e+0
 1650 0206 E7EE667A 		vfms.f32	s15, s14, s13
 1651              	.LVL98:
 531:JE-909.cpp    **** 		}
 1652              		.loc 9 531 15 view .LVU485
 1653              	.LBE635:
 1654              	.LBE639:
 534:JE-909.cpp    **** 		dry_r *= input_gain;
 1655              		.loc 9 534 9 view .LVU486
 1656 020a 28EE278A 		vmul.f32	s16, s16, s15
 535:JE-909.cpp    **** 
 1657              		.loc 9 535 9 view .LVU487
 1658 020e 68EEA78A 		vmul.f32	s17, s17, s15
 1659              	.LVL99:
 1660              	.L43:
 1661              		.loc 9 537 35 view .LVU488
 1662 0212 FFF7FEFF 		bl	_ZN7Kick9097ProcessEv
 1663              	.LVL100:
 538:JE-909.cpp    **** 
 539:JE-909.cpp    **** 		if(kick_muted)
 1664              		.loc 9 539 3 is_stmt 1 view .LVU489
 1665 0216 3978     		ldrb	r1, [r7]	@ zero_extendqisi2
 540:JE-909.cpp    **** 			kick_sample = 0.0f;
 1666              		.loc 9 540 16 is_stmt 0 view .LVU490
 1667 0218 DFED347A 		vldr.32	s15, .L61+56
 1668 021c 0029     		cmp	r1, #0
 541:JE-909.cpp    **** 		out[0][i] = dry_l + kick_sample;
 542:JE-909.cpp    **** 		out[1][i] = dry_r + kick_sample;
 1669              		.loc 9 542 13 view .LVU491
 1670 021e D8F80430 		ldr	r3, [r8, #4]
 541:JE-909.cpp    **** 		out[0][i] = dry_l + kick_sample;
 1671              		.loc 9 541 13 view .LVU492
 1672 0222 D8F80020 		ldr	r2, [r8]
 540:JE-909.cpp    **** 			kick_sample = 0.0f;
 1673              		.loc 9 540 16 view .LVU493
 1674 0226 00FE270A 		vseleq.f32	s0, s0, s15
 1675              	.LVL101:
 541:JE-909.cpp    **** 		out[0][i] = dry_l + kick_sample;
 1676              		.loc 9 541 3 is_stmt 1 view .LVU494
 541:JE-909.cpp    **** 		out[0][i] = dry_l + kick_sample;
 1677              		.loc 9 541 21 is_stmt 0 view .LVU495
 1678 022a 30EE088A 		vadd.f32	s16, s0, s16
 1679              		.loc 9 542 21 view .LVU496
 1680 022e 30EE280A 		vadd.f32	s0, s0, s17
 1681              	.LVL102:
 541:JE-909.cpp    **** 		out[0][i] = dry_l + kick_sample;
 1682              		.loc 9 541 13 view .LVU497
 1683 0232 02EB0B01 		add	r1, r2, fp
 1684              		.loc 9 542 13 view .LVU498
 1685 0236 5B44     		add	r3, r3, fp
 1686              	.LBE640:
 519:JE-909.cpp    **** 	{
ARM GAS  /var/folders/5h/m58cqcc50w3bl35rb6m75qwc0000gn/T//ccMbPTFj.s 			page 57


 1687              		.loc 9 519 23 view .LVU499
 1688 0238 A642     		cmp	r6, r4
 1689              	.LBB641:
 541:JE-909.cpp    **** 		out[0][i] = dry_l + kick_sample;
 1690              		.loc 9 541 13 view .LVU500
 1691 023a 81ED008A 		vstr.32	s16, [r1]
 1692              		.loc 9 542 3 is_stmt 1 view .LVU501
 1693              		.loc 9 542 13 is_stmt 0 view .LVU502
 1694 023e 83ED000A 		vstr.32	s0, [r3]
 1695              	.LBE641:
 519:JE-909.cpp    **** 	{
 1696              		.loc 9 519 2 is_stmt 1 view .LVU503
 1697              	.LVL103:
 519:JE-909.cpp    **** 	{
 1698              		.loc 9 519 23 view .LVU504
 1699 0242 B9D1     		bne	.L40
 1700              	.LVL104:
 1701              	.L26:
 519:JE-909.cpp    **** 	{
 1702              		.loc 9 519 23 is_stmt 0 view .LVU505
 1703              	.LBE624:
 543:JE-909.cpp    **** 	}
 544:JE-909.cpp    **** }
 1704              		.loc 9 544 1 view .LVU506
 1705 0244 03B0     		add	sp, sp, #12
 1706              		.cfi_remember_state
 1707              		.cfi_def_cfa_offset 52
 1708              		@ sp needed
 1709 0246 BDEC048B 		vldm	sp!, {d8-d9}
 1710              		.cfi_restore 82
 1711              		.cfi_restore 83
 1712              		.cfi_restore 80
 1713              		.cfi_restore 81
 1714              		.cfi_def_cfa_offset 36
 1715              	.LVL105:
 1716              		.loc 9 544 1 view .LVU507
 1717 024a BDE8F08F 		pop	{r4, r5, r6, r7, r8, r9, r10, fp, pc}
 1718              	.LVL106:
 1719              	.L47:
 1720              		.cfi_restore_state
 1721              	.LBB642:
 1722              	.LBB606:
 1723              	.LBB596:
 1724              	.LBB552:
 1725              	.LBB548:
 1726              	.LBB545:
  34:JE-909.cpp    **** 	if (x > hi) return hi;
 1727              		.loc 9 34 21 view .LVU508
 1728 024e DFED270A 		vldr.32	s1, .L61+56
 1729              	.L29:
 1730              	.LVL107:
  34:JE-909.cpp    **** 	if (x > hi) return hi;
 1731              		.loc 9 34 21 view .LVU509
 1732              	.LBE545:
 1733              	.LBE548:
  51:JE-909.cpp    **** }
 1734              		.loc 9 51 2 is_stmt 1 view .LVU510
ARM GAS  /var/folders/5h/m58cqcc50w3bl35rb6m75qwc0000gn/T//ccMbPTFj.s 			page 58


  51:JE-909.cpp    **** }
 1735              		.loc 9 51 23 is_stmt 0 view .LVU511
 1736 0252 B3EE000A 		vmov.f32	s0, #1.6e+1
 1737 0256 FFF7FEFF 		bl	powf
 1738              	.LVL108:
  51:JE-909.cpp    **** }
 1739              		.loc 9 51 44 view .LVU512
 1740 025a DFED1C7A 		vldr.32	s15, .L61+24
 1741 025e 60EE277A 		vmul.f32	s15, s0, s15
 1742              	.LVL109:
  51:JE-909.cpp    **** }
 1743              		.loc 9 51 44 view .LVU513
 1744              	.LBE552:
 1745              	.LBE596:
 275:JE-909.cpp    **** 
 1746              		.loc 9 275 3 is_stmt 1 view .LVU514
 1747              	.LBB597:
  79:JE-909.cpp    **** 	{
 1748              		.loc 9 79 7 view .LVU515
 1749              	.LBB567:
  81:JE-909.cpp    **** 		coeff = expf(-1.0f / (decay_seconds * sample_rate));
 1750              		.loc 9 81 3 view .LVU516
 1751              	.LBB564:
  32:JE-909.cpp    **** {
 1752              		.loc 9 32 21 view .LVU517
 1753              	.LBB562:
  34:JE-909.cpp    **** 	if (x > hi) return hi;
 1754              		.loc 9 34 2 view .LVU518
 1755 0262 36E7     		b	.L30
 1756              	.L59:
  35:JE-909.cpp    **** 	return x;
 1757              		.loc 9 35 2 view .LVU519
 1758 0264 B2EE047A 		vmov.f32	s14, #1.0e+1
  35:JE-909.cpp    **** 	return x;
 1759              		.loc 9 35 21 is_stmt 0 view .LVU520
 1760 0268 F4EE477A 		vcmp.f32	s15, s14
 1761 026c F1EE10FA 		vmrs	APSR_nzcv, FPSCR
 1762 0270 77FE277A 		vselgt.f32	s15, s14, s15
 1763              	.LVL110:
  35:JE-909.cpp    **** 	return x;
 1764              		.loc 9 35 21 view .LVU521
 1765 0274 2DE7     		b	.L30
 1766              	.LVL111:
 1767              	.L36:
  35:JE-909.cpp    **** 	return x;
 1768              		.loc 9 35 21 view .LVU522
 1769              	.LBE562:
 1770              	.LBE564:
 1771              	.LBE567:
 1772              	.LBE597:
 1773              	.LBE606:
 1774              	.LBE642:
 485:JE-909.cpp    **** 
 1775              		.loc 9 485 11 view .LVU523
 1776 0276 81F00101 		eor	r1, r1, #1
 1777 027a 7EE7     		b	.L35
 1778              	.LVL112:
ARM GAS  /var/folders/5h/m58cqcc50w3bl35rb6m75qwc0000gn/T//ccMbPTFj.s 			page 59


 1779              	.L60:
 501:JE-909.cpp    **** 	{
 1780              		.loc 9 501 20 discriminator 1 view .LVU524
 1781 027c F5EE007A 		vmov.f32	s15, #2.5e-1
 1782 0280 B4EEE70A 		vcmpe.f32	s0, s15
 1783 0284 F1EE10FA 		vmrs	APSR_nzcv, FPSCR
 1784 0288 8EDD     		ble	.L38
 503:JE-909.cpp    **** 
 1785              		.loc 9 503 3 is_stmt 1 view .LVU525
 1786              	.LVL113:
 505:JE-909.cpp    **** 		TriggerDuck();
 1787              		.loc 9 505 3 view .LVU526
 1788              	.LBB643:
 1789              	.LBI643:
 286:JE-909.cpp    **** 	{
 1790              		.loc 9 286 7 view .LVU527
 1791              	.LBB644:
 288:JE-909.cpp    **** 		env2_attack.Trigger();
 1792              		.loc 9 288 3 view .LVU528
 1793              	.LBB645:
 1794              	.LBI645:
  85:JE-909.cpp    **** 	{
 1795              		.loc 9 85 7 view .LVU529
 1796              	.LBB646:
  87:JE-909.cpp    **** 	}
 1797              		.loc 9 87 3 view .LVU530
  87:JE-909.cpp    **** 	}
 1798              		.loc 9 87 9 is_stmt 0 view .LVU531
 1799 028a 4FF07E53 		mov	r3, #1065353216
 1800              	.LBE646:
 1801              	.LBE645:
 293:JE-909.cpp    **** 	}
 1802              		.loc 9 293 9 view .LVU532
 1803 028e 0021     		movs	r1, #0
 1804              	.LBE644:
 1805              	.LBE643:
 1806              	.LBB657:
 1807              	.LBB658:
 432:JE-909.cpp    **** }
 1808              		.loc 9 432 11 view .LVU533
 1809 0290 DFF85C90 		ldr	r9, .L61+60
 1810              	.LBE658:
 1811              	.LBE657:
 1812              	.LBB661:
 1813              	.LBB655:
 1814              	.LBB648:
 1815              	.LBB647:
  87:JE-909.cpp    **** 	}
 1816              		.loc 9 87 9 view .LVU534
 1817 0294 A361     		str	r3, [r4, #24]	@ float
 1818              	.LVL114:
  87:JE-909.cpp    **** 	}
 1819              		.loc 9 87 9 view .LVU535
 1820              	.LBE647:
 1821              	.LBE648:
 289:JE-909.cpp    **** 		env3_pitch.Trigger();
 1822              		.loc 9 289 3 is_stmt 1 view .LVU536
ARM GAS  /var/folders/5h/m58cqcc50w3bl35rb6m75qwc0000gn/T//ccMbPTFj.s 			page 60


 1823              	.LBB649:
 1824              	.LBI649:
  85:JE-909.cpp    **** 	{
 1825              		.loc 9 85 7 view .LVU537
 1826              	.LBB650:
  87:JE-909.cpp    **** 	}
 1827              		.loc 9 87 3 view .LVU538
  87:JE-909.cpp    **** 	}
 1828              		.loc 9 87 9 is_stmt 0 view .LVU539
 1829 0296 6362     		str	r3, [r4, #36]	@ float
 1830              	.LVL115:
  87:JE-909.cpp    **** 	}
 1831              		.loc 9 87 9 view .LVU540
 1832              	.LBE650:
 1833              	.LBE649:
 290:JE-909.cpp    **** 		pulse_env.Trigger();
 1834              		.loc 9 290 3 is_stmt 1 view .LVU541
 1835              	.LBB651:
 1836              	.LBI651:
  85:JE-909.cpp    **** 	{
 1837              		.loc 9 85 7 view .LVU542
 1838              	.LBB652:
  87:JE-909.cpp    **** 	}
 1839              		.loc 9 87 3 view .LVU543
  87:JE-909.cpp    **** 	}
 1840              		.loc 9 87 9 is_stmt 0 view .LVU544
 1841 0298 2363     		str	r3, [r4, #48]	@ float
 1842              	.LVL116:
  87:JE-909.cpp    **** 	}
 1843              		.loc 9 87 9 view .LVU545
 1844              	.LBE652:
 1845              	.LBE651:
 291:JE-909.cpp    **** 
 1846              		.loc 9 291 3 is_stmt 1 view .LVU546
 1847              	.LBB653:
 1848              	.LBI653:
  85:JE-909.cpp    **** 	{
 1849              		.loc 9 85 7 view .LVU547
 1850              	.LBB654:
  87:JE-909.cpp    **** 	}
 1851              		.loc 9 87 3 view .LVU548
  87:JE-909.cpp    **** 	}
 1852              		.loc 9 87 9 is_stmt 0 view .LVU549
 1853 029a E363     		str	r3, [r4, #60]	@ float
 1854              	.LVL117:
  87:JE-909.cpp    **** 	}
 1855              		.loc 9 87 9 view .LVU550
 1856              	.LBE654:
 1857              	.LBE653:
 293:JE-909.cpp    **** 	}
 1858              		.loc 9 293 3 is_stmt 1 view .LVU551
 1859              	.LBE655:
 1860              	.LBE661:
 1861              	.LBB662:
 1862              	.LBB659:
 432:JE-909.cpp    **** }
 1863              		.loc 9 432 11 is_stmt 0 view .LVU552
ARM GAS  /var/folders/5h/m58cqcc50w3bl35rb6m75qwc0000gn/T//ccMbPTFj.s 			page 61


 1864 029c C9F80030 		str	r3, [r9]	@ float
 1865              	.LBE659:
 1866              	.LBE662:
 503:JE-909.cpp    **** 
 1867              		.loc 9 503 13 view .LVU553
 1868 02a0 0123     		movs	r3, #1
 1869              	.LBB663:
 1870              	.LBB656:
 293:JE-909.cpp    **** 	}
 1871              		.loc 9 293 9 view .LVU554
 1872 02a2 6160     		str	r1, [r4, #4]	@ float
 1873              	.LVL118:
 293:JE-909.cpp    **** 	}
 1874              		.loc 9 293 9 view .LVU555
 1875              	.LBE656:
 1876              	.LBE663:
 506:JE-909.cpp    **** 	}
 1877              		.loc 9 506 3 is_stmt 1 view .LVU556
 1878              	.LBB664:
 1879              	.LBI657:
 430:JE-909.cpp    **** {
 1880              		.loc 9 430 6 view .LVU557
 1881              	.LBB660:
 432:JE-909.cpp    **** }
 1882              		.loc 9 432 2 view .LVU558
 433:JE-909.cpp    **** 
 1883              		.loc 9 433 1 is_stmt 0 view .LVU559
 1884 02a4 80E7     		b	.L38
 1885              	.LVL119:
 1886              	.L46:
 433:JE-909.cpp    **** 
 1887              		.loc 9 433 1 view .LVU560
 1888              	.LBE660:
 1889              	.LBE664:
 1890              	.LBB665:
 1891              	.LBB607:
 1892              	.LBB598:
 1893              	.LBB537:
 1894              	.LBB533:
 1895              	.LBB531:
  34:JE-909.cpp    **** 	if (x > hi) return hi;
 1896              		.loc 9 34 21 view .LVU561
 1897 02a6 DFED118A 		vldr.32	s17, .L61+56
 1898              	.LVL120:
  34:JE-909.cpp    **** 	if (x > hi) return hi;
 1899              		.loc 9 34 21 view .LVU562
 1900 02aa E3E6     		b	.L27
 1901              	.LVL121:
 1902              	.L50:
  34:JE-909.cpp    **** 	if (x > hi) return hi;
 1903              		.loc 9 34 21 view .LVU563
 1904              	.LBE531:
 1905              	.LBE533:
 1906              	.LBE537:
 1907              	.LBE598:
 1908              	.LBB599:
 1909              	.LBB595:
ARM GAS  /var/folders/5h/m58cqcc50w3bl35rb6m75qwc0000gn/T//ccMbPTFj.s 			page 62


 1910 02ac 9FED0F8A 		vldr.32	s16, .L61+56
 1911              	.LVL122:
  34:JE-909.cpp    **** 	if (x > hi) return hi;
 1912              		.loc 9 34 21 view .LVU564
 1913 02b0 4DE7     		b	.L32
 1914              	.L62:
 1915 02b2 00BF     		.align	2
 1916              	.L61:
 1917 02b4 00000000 		.word	.LANCHOR0
 1918 02b8 00000000 		.word	.LANCHOR1
 1919 02bc 00000000 		.word	.LANCHOR2
 1920 02c0 03050040 		.word	1073743107
 1921 02c4 CDCC0242 		.word	1107479757
 1922 02c8 00000000 		.word	.LANCHOR3
 1923 02cc CDCCCC3D 		.word	1036831949
 1924 02d0 17B7D138 		.word	953267991
 1925 02d4 4260653C 		.word	1013276738
 1926 02d8 295C0F3D 		.word	1024416809
 1927 02dc E02D903A 		.word	982527456
 1928 02e0 00000000 		.word	.LANCHOR4
 1929 02e4 00000000 		.word	.LANCHOR5
 1930 02e8 BD378635 		.word	897988541
 1931 02ec 00000000 		.word	0
 1932 02f0 00000000 		.word	.LANCHOR6
 1933 02f4 00000000 		.word	.LANCHOR7
 1934              	.LBE595:
 1935              	.LBE599:
 1936              	.LBE607:
 1937              	.LBE665:
 1938              		.cfi_endproc
 1939              	.LFE4726:
 1941              		.section	.text._Z11TriggerDuckv,"ax",%progbits
 1942              		.align	1
 1943              		.p2align 2,,3
 1944              		.global	_Z11TriggerDuckv
 1945              		.syntax unified
 1946              		.thumb
 1947              		.thumb_func
 1949              	_Z11TriggerDuckv:
 1950              	.LFB4724:
 431:JE-909.cpp    **** 	duck_env = 1.0f;
 1951              		.loc 9 431 1 is_stmt 1 view -0
 1952              		.cfi_startproc
 1953              		@ args = 0, pretend = 0, frame = 0
 1954              		@ frame_needed = 0, uses_anonymous_args = 0
 1955              		@ link register save eliminated.
 432:JE-909.cpp    **** }
 1956              		.loc 9 432 2 view .LVU566
 432:JE-909.cpp    **** }
 1957              		.loc 9 432 11 is_stmt 0 view .LVU567
 1958 0000 4FF07E52 		mov	r2, #1065353216
 1959 0004 014B     		ldr	r3, .L64
 1960 0006 1A60     		str	r2, [r3]	@ float
 433:JE-909.cpp    **** 
 1961              		.loc 9 433 1 view .LVU568
 1962 0008 7047     		bx	lr
 1963              	.L65:
ARM GAS  /var/folders/5h/m58cqcc50w3bl35rb6m75qwc0000gn/T//ccMbPTFj.s 			page 63


 1964 000a 00BF     		.align	2
 1965              	.L64:
 1966 000c 00000000 		.word	.LANCHOR6
 1967              		.cfi_endproc
 1968              	.LFE4724:
 1970              		.section	.text._Z11ProcessDuckv,"ax",%progbits
 1971              		.align	1
 1972              		.p2align 2,,3
 1973              		.global	_Z11ProcessDuckv
 1974              		.syntax unified
 1975              		.thumb
 1976              		.thumb_func
 1978              	_Z11ProcessDuckv:
 1979              	.LFB4725:
 436:JE-909.cpp    **** 	float out = duck_env;
 1980              		.loc 9 436 1 is_stmt 1 view -0
 1981              		.cfi_startproc
 1982              		@ args = 0, pretend = 0, frame = 0
 1983              		@ frame_needed = 0, uses_anonymous_args = 0
 1984              		@ link register save eliminated.
 437:JE-909.cpp    **** 
 1985              		.loc 9 437 2 view .LVU570
 437:JE-909.cpp    **** 
 1986              		.loc 9 437 8 is_stmt 0 view .LVU571
 1987 0000 0A4B     		ldr	r3, .L69
 439:JE-909.cpp    **** 
 1988              		.loc 9 439 11 view .LVU572
 1989 0002 0B4A     		ldr	r2, .L69+4
 437:JE-909.cpp    **** 
 1990              		.loc 9 437 8 view .LVU573
 1991 0004 93ED000A 		vldr.32	s0, [r3]
 1992              	.LVL123:
 439:JE-909.cpp    **** 
 1993              		.loc 9 439 2 is_stmt 1 view .LVU574
 439:JE-909.cpp    **** 
 1994              		.loc 9 439 11 is_stmt 0 view .LVU575
 1995 0008 D2ED007A 		vldr.32	s15, [r2]
 441:JE-909.cpp    **** 		duck_env = 0.0f;
 1996              		.loc 9 441 2 view .LVU576
 1997 000c 9FED097A 		vldr.32	s14, .L69+8
 439:JE-909.cpp    **** 
 1998              		.loc 9 439 11 view .LVU577
 1999 0010 60EE277A 		vmul.f32	s15, s0, s15
 441:JE-909.cpp    **** 		duck_env = 0.0f;
 2000              		.loc 9 441 2 is_stmt 1 view .LVU578
 2001 0014 F4EEC77A 		vcmpe.f32	s15, s14
 2002 0018 F1EE10FA 		vmrs	APSR_nzcv, FPSCR
 2003 001c 02D4     		bmi	.L67
 439:JE-909.cpp    **** 
 2004              		.loc 9 439 11 is_stmt 0 view .LVU579
 2005 001e C3ED007A 		vstr.32	s15, [r3]
 2006 0022 7047     		bx	lr
 2007              	.L67:
 442:JE-909.cpp    **** 
 2008              		.loc 9 442 3 is_stmt 1 view .LVU580
 442:JE-909.cpp    **** 
 2009              		.loc 9 442 12 is_stmt 0 view .LVU581
ARM GAS  /var/folders/5h/m58cqcc50w3bl35rb6m75qwc0000gn/T//ccMbPTFj.s 			page 64


 2010 0024 0022     		movs	r2, #0
 2011 0026 1A60     		str	r2, [r3]	@ float
 444:JE-909.cpp    **** }
 2012              		.loc 9 444 2 is_stmt 1 view .LVU582
 445:JE-909.cpp    **** 
 2013              		.loc 9 445 1 is_stmt 0 view .LVU583
 2014 0028 7047     		bx	lr
 2015              	.L70:
 2016 002a 00BF     		.align	2
 2017              	.L69:
 2018 002c 00000000 		.word	.LANCHOR6
 2019 0030 00000000 		.word	.LANCHOR7
 2020 0034 BD378635 		.word	897988541
 2021              		.cfi_endproc
 2022              	.LFE4725:
 2024              		.section	.text.startup.main,"ax",%progbits
 2025              		.align	1
 2026              		.p2align 2,,3
 2027              		.global	main
 2028              		.syntax unified
 2029              		.thumb
 2030              		.thumb_func
 2032              	main:
 2033              	.LFB4727:
 545:JE-909.cpp    **** 
 546:JE-909.cpp    **** // ------------------------------------------------------------
 547:JE-909.cpp    **** // Main
 548:JE-909.cpp    **** // ------------------------------------------------------------
 549:JE-909.cpp    **** 
 550:JE-909.cpp    **** int main(void)
 551:JE-909.cpp    **** {
 2034              		.loc 9 551 1 is_stmt 1 view -0
 2035              		.cfi_startproc
 2036              		@ args = 0, pretend = 0, frame = 8
 2037              		@ frame_needed = 0, uses_anonymous_args = 0
 552:JE-909.cpp    **** 	hw.Init();
 2038              		.loc 9 552 2 view .LVU585
 551:JE-909.cpp    **** 	hw.Init();
 2039              		.loc 9 551 1 is_stmt 0 view .LVU586
 2040 0000 30B5     		push	{r4, r5, lr}
 2041              		.cfi_def_cfa_offset 12
 2042              		.cfi_offset 4, -12
 2043              		.cfi_offset 5, -8
 2044              		.cfi_offset 14, -4
 2045              		.loc 9 552 9 view .LVU587
 2046 0002 9348     		ldr	r0, .L87
 553:JE-909.cpp    **** 	hw.SetAudioBlockSize(4); // number of samples handled per callback
 554:JE-909.cpp    **** 	hw.SetAudioSampleRate(SaiHandle::Config::SampleRate::SAI_48KHZ);
 555:JE-909.cpp    **** 	float sample_rate = hw.AudioSampleRate();
 556:JE-909.cpp    **** 	button.Init(DaisyPatchSM::B7, hw.AudioCallbackRate()); // Initializing B7 button as switch object,
 2047              		.loc 9 556 13 view .LVU588
 2048 0004 0124     		movs	r4, #1
 2049              	.LBB726:
 2050              	.LBB727:
 253:JE-909.cpp    **** 
 2051              		.loc 9 253 9 view .LVU589
 2052 0006 0025     		movs	r5, #0
ARM GAS  /var/folders/5h/m58cqcc50w3bl35rb6m75qwc0000gn/T//ccMbPTFj.s 			page 65


 2053              	.LBE727:
 2054              	.LBE726:
 551:JE-909.cpp    **** 	hw.Init();
 2055              		.loc 9 551 1 view .LVU590
 2056 0008 2DED088B 		vpush.64	{d8, d9, d10, d11}
 2057              		.cfi_def_cfa_offset 44
 2058              		.cfi_offset 80, -44
 2059              		.cfi_offset 81, -40
 2060              		.cfi_offset 82, -36
 2061              		.cfi_offset 83, -32
 2062              		.cfi_offset 84, -28
 2063              		.cfi_offset 85, -24
 2064              		.cfi_offset 86, -20
 2065              		.cfi_offset 87, -16
 2066 000c 83B0     		sub	sp, sp, #12
 2067              		.cfi_def_cfa_offset 56
 2068              	.LBB1013:
 2069              	.LBB1000:
 2070              	.LBB728:
 2071              	.LBB729:
 2072              	.LBB730:
 2073              	.LBB731:
  82:JE-909.cpp    **** 	}
 2074              		.loc 9 82 39 view .LVU591
 2075 000e 9FED918A 		vldr.32	s16, .L87+4
 2076              	.LBE731:
 2077              	.LBE730:
 2078              	.LBE729:
 2079              	.LBE728:
 2080              	.LBE1000:
 2081              	.LBE1013:
 552:JE-909.cpp    **** 	hw.SetAudioBlockSize(4); // number of samples handled per callback
 2082              		.loc 9 552 9 view .LVU592
 2083 0012 FFF7FEFF 		bl	_ZN5daisy8patch_sm12DaisyPatchSM4InitEv
 2084              	.LVL124:
 553:JE-909.cpp    **** 	hw.SetAudioSampleRate(SaiHandle::Config::SampleRate::SAI_48KHZ);
 2085              		.loc 9 553 2 is_stmt 1 view .LVU593
 553:JE-909.cpp    **** 	hw.SetAudioSampleRate(SaiHandle::Config::SampleRate::SAI_48KHZ);
 2086              		.loc 9 553 22 is_stmt 0 view .LVU594
 2087 0016 0421     		movs	r1, #4
 2088 0018 8D48     		ldr	r0, .L87
 2089              	.LBB1014:
 2090              	.LBB1001:
 2091              	.LBB751:
 2092              	.LBB744:
 2093              	.LBB738:
 2094              	.LBB732:
  82:JE-909.cpp    **** 	}
 2095              		.loc 9 82 15 view .LVU595
 2096 001a BFEE00AA 		vmov.f32	s20, #-1.0e+0
 2097              	.LBE732:
 2098              	.LBE738:
 2099              	.LBE744:
 2100              	.LBE751:
 2101              	.LBE1001:
 2102              	.LBE1014:
 553:JE-909.cpp    **** 	hw.SetAudioSampleRate(SaiHandle::Config::SampleRate::SAI_48KHZ);
ARM GAS  /var/folders/5h/m58cqcc50w3bl35rb6m75qwc0000gn/T//ccMbPTFj.s 			page 66


 2103              		.loc 9 553 22 view .LVU596
 2104 001e FFF7FEFF 		bl	_ZN5daisy8patch_sm12DaisyPatchSM17SetAudioBlockSizeEj
 2105              	.LVL125:
 554:JE-909.cpp    **** 	float sample_rate = hw.AudioSampleRate();
 2106              		.loc 9 554 2 is_stmt 1 view .LVU597
 554:JE-909.cpp    **** 	float sample_rate = hw.AudioSampleRate();
 2107              		.loc 9 554 23 is_stmt 0 view .LVU598
 2108 0022 0321     		movs	r1, #3
 2109 0024 8A48     		ldr	r0, .L87
 2110              	.LBB1015:
 2111              	.LBB1002:
 2112              	.LBB752:
 2113              	.LBB753:
 2114              	.LBB754:
 2115              	.LBB755:
 2116              	.LBB756:
 2117              	.LBB757:
  57:JE-909.cpp    **** }
 2118              		.loc 9 57 54 view .LVU599
 2119 0026 F7EE009A 		vmov.f32	s19, #1.0e+0
 2120              	.LBE757:
 2121              	.LBE756:
 2122              	.LBE755:
 2123              	.LBE754:
 2124              	.LBE753:
 2125              	.LBE752:
 2126              	.LBE1002:
 2127              	.LBE1015:
 554:JE-909.cpp    **** 	float sample_rate = hw.AudioSampleRate();
 2128              		.loc 9 554 23 view .LVU600
 2129 002a FFF7FEFF 		bl	_ZN5daisy8patch_sm12DaisyPatchSM18SetAudioSampleRateENS_9SaiHandle6Config10SampleRateE
 2130              	.LVL126:
 555:JE-909.cpp    **** 	button.Init(DaisyPatchSM::B7, hw.AudioCallbackRate()); // Initializing B7 button as switch object,
 2131              		.loc 9 555 2 is_stmt 1 view .LVU601
 555:JE-909.cpp    **** 	button.Init(DaisyPatchSM::B7, hw.AudioCallbackRate()); // Initializing B7 button as switch object,
 2132              		.loc 9 555 40 is_stmt 0 view .LVU602
 2133 002e 8848     		ldr	r0, .L87
 2134 0030 FFF7FEFF 		bl	_ZN5daisy8patch_sm12DaisyPatchSM15AudioSampleRateEv
 2135              	.LVL127:
 2136              		.loc 9 556 13 view .LVU603
 2137 0034 0823     		movs	r3, #8
 2138 0036 8648     		ldr	r0, .L87
 555:JE-909.cpp    **** 	button.Init(DaisyPatchSM::B7, hw.AudioCallbackRate()); // Initializing B7 button as switch object,
 2139              		.loc 9 555 40 view .LVU604
 2140 0038 F0EE408A 		vmov.f32	s17, s0
 2141              	.LVL128:
 2142              		.loc 9 556 2 is_stmt 1 view .LVU605
 2143              		.loc 9 556 13 is_stmt 0 view .LVU606
 2144 003c 8DF80130 		strb	r3, [sp, #1]
 2145              	.LBB1016:
 2146              	.LBB1003:
 2147              	.LBB791:
 2148              	.LBB792:
 157:JE-909.cpp    **** 		Set(cutoff_hz, q);
 2149              		.loc 9 157 21 view .LVU607
 2150 0040 09EE105A 		vmov	s18, r5
 2151              	.LBE792:
ARM GAS  /var/folders/5h/m58cqcc50w3bl35rb6m75qwc0000gn/T//ccMbPTFj.s 			page 67


 2152              	.LBE791:
 2153              	.LBE1003:
 2154              	.LBE1016:
 2155              		.loc 9 556 13 view .LVU608
 2156 0044 8DF80040 		strb	r4, [sp]
 2157 0048 FFF7FEFF 		bl	_ZN5daisy8patch_sm12DaisyPatchSM17AudioCallbackRateEv
 2158              	.LVL129:
 2159              		.loc 9 556 13 view .LVU609
 2160 004c 0099     		ldr	r1, [sp]
 2161 004e 8248     		ldr	r0, .L87+8
 2162 0050 FFF7FEFF 		bl	_ZN5daisy6Switch4InitE12dsy_gpio_pinf
 2163              	.LVL130:
 557:JE-909.cpp    **** 	toggle.Init(DaisyPatchSM::B8, hw.AudioCallbackRate());
 2164              		.loc 9 557 2 is_stmt 1 view .LVU610
 2165              		.loc 9 557 13 is_stmt 0 view .LVU611
 2166 0054 0923     		movs	r3, #9
 2167 0056 7E48     		ldr	r0, .L87
 2168 0058 8DF80530 		strb	r3, [sp, #5]
 2169 005c 8DF80440 		strb	r4, [sp, #4]
 2170 0060 FFF7FEFF 		bl	_ZN5daisy8patch_sm12DaisyPatchSM17AudioCallbackRateEv
 2171              	.LVL131:
 2172 0064 0199     		ldr	r1, [sp, #4]
 2173 0066 7D48     		ldr	r0, .L87+12
 2174 0068 FFF7FEFF 		bl	_ZN5daisy6Switch4InitE12dsy_gpio_pinf
 2175              	.LVL132:
 558:JE-909.cpp    **** 	kick.Init(sample_rate); // Initialize kick engine.
 2176              		.loc 9 558 2 is_stmt 1 view .LVU612
 2177              	.LBB1017:
 2178              	.LBI726:
 250:JE-909.cpp    **** 	{
 2179              		.loc 9 250 7 view .LVU613
 2180              	.LBB1004:
 252:JE-909.cpp    **** 		phase = 0.0f;
 2181              		.loc 9 252 3 view .LVU614
 2182              	.LBB825:
 2183              	.LBB745:
 2184              	.LBB739:
 2185              	.LBB733:
  82:JE-909.cpp    **** 	}
 2186              		.loc 9 82 39 is_stmt 0 view .LVU615
 2187 006c 28EE880A 		vmul.f32	s0, s17, s16
 2188              	.LBE733:
 2189              	.LBE739:
 2190              	.LBE745:
 2191              	.LBE825:
 252:JE-909.cpp    **** 		phase = 0.0f;
 2192              		.loc 9 252 15 view .LVU616
 2193 0070 7B4C     		ldr	r4, .L87+16
 2194              	.LBB826:
 2195              	.LBB746:
 2196              	.LBB740:
 2197              	.LBB734:
  82:JE-909.cpp    **** 	}
 2198              		.loc 9 82 15 view .LVU617
 2199 0072 8AEE000A 		vdiv.f32	s0, s20, s0
 2200              	.LBE734:
 2201              	.LBE740:
ARM GAS  /var/folders/5h/m58cqcc50w3bl35rb6m75qwc0000gn/T//ccMbPTFj.s 			page 68


  74:JE-909.cpp    **** 		SetDecay(decay_seconds);
 2202              		.loc 9 74 15 view .LVU618
 2203 0076 C4ED058A 		vstr.32	s17, [r4, #20]
 2204              	.LBE746:
 2205              	.LBE826:
 252:JE-909.cpp    **** 		phase = 0.0f;
 2206              		.loc 9 252 15 view .LVU619
 2207 007a C4ED008A 		vstr.32	s17, [r4]
 253:JE-909.cpp    **** 
 2208              		.loc 9 253 3 is_stmt 1 view .LVU620
 253:JE-909.cpp    **** 
 2209              		.loc 9 253 9 is_stmt 0 view .LVU621
 2210 007e 6560     		str	r5, [r4, #4]	@ float
 255:JE-909.cpp    **** 		env2_attack.Init(sample_rate, 0.014f);
 2211              		.loc 9 255 3 is_stmt 1 view .LVU622
 2212              	.LVL133:
 2213              	.LBB827:
 2214              	.LBI728:
  72:JE-909.cpp    **** 	{
 2215              		.loc 9 72 7 view .LVU623
 2216              	.LBB747:
  74:JE-909.cpp    **** 		SetDecay(decay_seconds);
 2217              		.loc 9 74 3 view .LVU624
  75:JE-909.cpp    **** 		value = 0.0f;
 2218              		.loc 9 75 3 view .LVU625
 2219              	.LBB741:
 2220              	.LBI730:
  79:JE-909.cpp    **** 	{
 2221              		.loc 9 79 7 view .LVU626
 2222              	.LBB735:
  81:JE-909.cpp    **** 		coeff = expf(-1.0f / (decay_seconds * sample_rate));
 2223              		.loc 9 81 3 view .LVU627
  81:JE-909.cpp    **** 		coeff = expf(-1.0f / (decay_seconds * sample_rate));
 2224              		.loc 9 81 3 is_stmt 0 view .LVU628
 2225              	.LBE735:
 2226              	.LBE741:
 2227              	.LBE747:
 2228              	.LBE827:
 2229              	.LBE1004:
 2230              	.LBE1017:
  34:JE-909.cpp    **** 	if (x > hi) return hi;
 2231              		.loc 9 34 2 is_stmt 1 view .LVU629
  35:JE-909.cpp    **** 	return x;
 2232              		.loc 9 35 2 view .LVU630
 2233              	.LBB1018:
 2234              	.LBB1005:
 2235              	.LBB828:
 2236              	.LBB748:
 2237              	.LBB742:
 2238              	.LBB736:
  82:JE-909.cpp    **** 	}
 2239              		.loc 9 82 3 view .LVU631
  82:JE-909.cpp    **** 	}
 2240              		.loc 9 82 15 is_stmt 0 view .LVU632
 2241 0080 FFF7FEFF 		bl	expf
 2242              	.LVL134:
 2243              	.LBE736:
ARM GAS  /var/folders/5h/m58cqcc50w3bl35rb6m75qwc0000gn/T//ccMbPTFj.s 			page 69


 2244              	.LBE742:
 2245              	.LBE748:
 2246              	.LBE828:
 256:JE-909.cpp    **** 		env3_pitch.Init(sample_rate, 0.035f);
 2247              		.loc 9 256 19 view .LVU633
 2248 0084 94ED007A 		vldr.32	s14, [r4]
 2249              	.LBB829:
 2250              	.LBB830:
 2251              	.LBB831:
 2252              	.LBB832:
  82:JE-909.cpp    **** 	}
 2253              		.loc 9 82 39 view .LVU634
 2254 0088 DFED767A 		vldr.32	s15, .L87+20
 2255              	.LBE832:
 2256              	.LBE831:
 2257              	.LBE830:
 2258              	.LBE829:
 2259              	.LBB846:
 2260              	.LBB749:
 2261              	.LBB743:
 2262              	.LBB737:
  82:JE-909.cpp    **** 	}
 2263              		.loc 9 82 9 view .LVU635
 2264 008c 84ED070A 		vstr.32	s0, [r4, #28]
 2265              	.LVL135:
  82:JE-909.cpp    **** 	}
 2266              		.loc 9 82 9 view .LVU636
 2267              	.LBE737:
 2268              	.LBE743:
  76:JE-909.cpp    **** 	}
 2269              		.loc 9 76 3 is_stmt 1 view .LVU637
 2270              	.LBE749:
 2271              	.LBE846:
 2272              	.LBB847:
 2273              	.LBB841:
 2274              	.LBB837:
 2275              	.LBB833:
  82:JE-909.cpp    **** 	}
 2276              		.loc 9 82 39 is_stmt 0 view .LVU638
 2277 0090 67EE277A 		vmul.f32	s15, s14, s15
 2278              	.LBE833:
 2279              	.LBE837:
  74:JE-909.cpp    **** 		SetDecay(decay_seconds);
 2280              		.loc 9 74 15 view .LVU639
 2281 0094 84ED087A 		vstr.32	s14, [r4, #32]
 2282              	.LBE841:
 2283              	.LBE847:
 2284              	.LBB848:
 2285              	.LBB750:
  76:JE-909.cpp    **** 	}
 2286              		.loc 9 76 9 view .LVU640
 2287 0098 A561     		str	r5, [r4, #24]	@ float
 2288              	.LVL136:
  76:JE-909.cpp    **** 	}
 2289              		.loc 9 76 9 view .LVU641
 2290              	.LBE750:
 2291              	.LBE848:
ARM GAS  /var/folders/5h/m58cqcc50w3bl35rb6m75qwc0000gn/T//ccMbPTFj.s 			page 70


 256:JE-909.cpp    **** 		env3_pitch.Init(sample_rate, 0.035f);
 2292              		.loc 9 256 3 is_stmt 1 view .LVU642
 2293              	.LBB849:
 2294              	.LBI829:
  72:JE-909.cpp    **** 	{
 2295              		.loc 9 72 7 view .LVU643
 2296              	.LBB842:
  74:JE-909.cpp    **** 		SetDecay(decay_seconds);
 2297              		.loc 9 74 3 view .LVU644
  75:JE-909.cpp    **** 		value = 0.0f;
 2298              		.loc 9 75 3 view .LVU645
 2299              	.LBB838:
 2300              	.LBI831:
  79:JE-909.cpp    **** 	{
 2301              		.loc 9 79 7 view .LVU646
 2302              	.LBB834:
  81:JE-909.cpp    **** 		coeff = expf(-1.0f / (decay_seconds * sample_rate));
 2303              		.loc 9 81 3 view .LVU647
  81:JE-909.cpp    **** 		coeff = expf(-1.0f / (decay_seconds * sample_rate));
 2304              		.loc 9 81 3 is_stmt 0 view .LVU648
 2305              	.LBE834:
 2306              	.LBE838:
 2307              	.LBE842:
 2308              	.LBE849:
 2309              	.LBE1005:
 2310              	.LBE1018:
  34:JE-909.cpp    **** 	if (x > hi) return hi;
 2311              		.loc 9 34 2 is_stmt 1 view .LVU649
  35:JE-909.cpp    **** 	return x;
 2312              		.loc 9 35 2 view .LVU650
 2313              	.LBB1019:
 2314              	.LBB1006:
 2315              	.LBB850:
 2316              	.LBB843:
 2317              	.LBB839:
 2318              	.LBB835:
  82:JE-909.cpp    **** 	}
 2319              		.loc 9 82 3 view .LVU651
  82:JE-909.cpp    **** 	}
 2320              		.loc 9 82 15 is_stmt 0 view .LVU652
 2321 009a 8AEE270A 		vdiv.f32	s0, s20, s15
 2322 009e FFF7FEFF 		bl	expf
 2323              	.LVL137:
  82:JE-909.cpp    **** 	}
 2324              		.loc 9 82 15 view .LVU653
 2325              	.LBE835:
 2326              	.LBE839:
 2327              	.LBE843:
 2328              	.LBE850:
 257:JE-909.cpp    **** 		pulse_env.Init(sample_rate, 0.0011f);
 2329              		.loc 9 257 18 view .LVU654
 2330 00a2 94ED007A 		vldr.32	s14, [r4]
 2331              	.LBB851:
 2332              	.LBB852:
 2333              	.LBB853:
 2334              	.LBB854:
  82:JE-909.cpp    **** 	}
ARM GAS  /var/folders/5h/m58cqcc50w3bl35rb6m75qwc0000gn/T//ccMbPTFj.s 			page 71


 2335              		.loc 9 82 39 view .LVU655
 2336 00a6 DFED707A 		vldr.32	s15, .L87+24
 2337              	.LBE854:
 2338              	.LBE853:
 2339              	.LBE852:
 2340              	.LBE851:
 2341              	.LBB868:
 2342              	.LBB844:
 2343              	.LBB840:
 2344              	.LBB836:
  82:JE-909.cpp    **** 	}
 2345              		.loc 9 82 9 view .LVU656
 2346 00aa 84ED0A0A 		vstr.32	s0, [r4, #40]
 2347              	.LVL138:
  82:JE-909.cpp    **** 	}
 2348              		.loc 9 82 9 view .LVU657
 2349              	.LBE836:
 2350              	.LBE840:
  76:JE-909.cpp    **** 	}
 2351              		.loc 9 76 3 is_stmt 1 view .LVU658
 2352              	.LBE844:
 2353              	.LBE868:
 2354              	.LBB869:
 2355              	.LBB863:
  74:JE-909.cpp    **** 		SetDecay(decay_seconds);
 2356              		.loc 9 74 15 is_stmt 0 view .LVU659
 2357 00ae 84ED0B7A 		vstr.32	s14, [r4, #44]
 2358              	.LBB859:
 2359              	.LBB855:
  82:JE-909.cpp    **** 	}
 2360              		.loc 9 82 39 view .LVU660
 2361 00b2 67EE277A 		vmul.f32	s15, s14, s15
 2362              	.LBE855:
 2363              	.LBE859:
 2364              	.LBE863:
 2365              	.LBE869:
 2366              	.LBB870:
 2367              	.LBB845:
  76:JE-909.cpp    **** 	}
 2368              		.loc 9 76 9 view .LVU661
 2369 00b6 6562     		str	r5, [r4, #36]	@ float
 2370              	.LVL139:
  76:JE-909.cpp    **** 	}
 2371              		.loc 9 76 9 view .LVU662
 2372              	.LBE845:
 2373              	.LBE870:
 257:JE-909.cpp    **** 		pulse_env.Init(sample_rate, 0.0011f);
 2374              		.loc 9 257 3 is_stmt 1 view .LVU663
 2375              	.LBB871:
 2376              	.LBI851:
  72:JE-909.cpp    **** 	{
 2377              		.loc 9 72 7 view .LVU664
 2378              	.LBB864:
  74:JE-909.cpp    **** 		SetDecay(decay_seconds);
 2379              		.loc 9 74 3 view .LVU665
  75:JE-909.cpp    **** 		value = 0.0f;
 2380              		.loc 9 75 3 view .LVU666
ARM GAS  /var/folders/5h/m58cqcc50w3bl35rb6m75qwc0000gn/T//ccMbPTFj.s 			page 72


 2381              	.LBB860:
 2382              	.LBI853:
  79:JE-909.cpp    **** 	{
 2383              		.loc 9 79 7 view .LVU667
 2384              	.LBB856:
  81:JE-909.cpp    **** 		coeff = expf(-1.0f / (decay_seconds * sample_rate));
 2385              		.loc 9 81 3 view .LVU668
  81:JE-909.cpp    **** 		coeff = expf(-1.0f / (decay_seconds * sample_rate));
 2386              		.loc 9 81 3 is_stmt 0 view .LVU669
 2387              	.LBE856:
 2388              	.LBE860:
 2389              	.LBE864:
 2390              	.LBE871:
 2391              	.LBE1006:
 2392              	.LBE1019:
  34:JE-909.cpp    **** 	if (x > hi) return hi;
 2393              		.loc 9 34 2 is_stmt 1 view .LVU670
  35:JE-909.cpp    **** 	return x;
 2394              		.loc 9 35 2 view .LVU671
 2395              	.LBB1020:
 2396              	.LBB1007:
 2397              	.LBB872:
 2398              	.LBB865:
 2399              	.LBB861:
 2400              	.LBB857:
  82:JE-909.cpp    **** 	}
 2401              		.loc 9 82 3 view .LVU672
  82:JE-909.cpp    **** 	}
 2402              		.loc 9 82 15 is_stmt 0 view .LVU673
 2403 00b8 8AEE270A 		vdiv.f32	s0, s20, s15
 2404 00bc FFF7FEFF 		bl	expf
 2405              	.LVL140:
  82:JE-909.cpp    **** 	}
 2406              		.loc 9 82 15 view .LVU674
 2407              	.LBE857:
 2408              	.LBE861:
 2409              	.LBE865:
 2410              	.LBE872:
 258:JE-909.cpp    **** 
 2411              		.loc 9 258 17 view .LVU675
 2412 00c0 94ED007A 		vldr.32	s14, [r4]
 2413              	.LBB873:
 2414              	.LBB874:
 2415              	.LBB875:
 2416              	.LBB876:
  82:JE-909.cpp    **** 	}
 2417              		.loc 9 82 39 view .LVU676
 2418 00c4 DFED697A 		vldr.32	s15, .L87+28
 2419              	.LBE876:
 2420              	.LBE875:
 2421              	.LBE874:
 2422              	.LBE873:
 2423              	.LBB890:
 2424              	.LBB866:
 2425              	.LBB862:
 2426              	.LBB858:
  82:JE-909.cpp    **** 	}
ARM GAS  /var/folders/5h/m58cqcc50w3bl35rb6m75qwc0000gn/T//ccMbPTFj.s 			page 73


 2427              		.loc 9 82 9 view .LVU677
 2428 00c8 84ED0D0A 		vstr.32	s0, [r4, #52]
 2429              	.LVL141:
  82:JE-909.cpp    **** 	}
 2430              		.loc 9 82 9 view .LVU678
 2431              	.LBE858:
 2432              	.LBE862:
  76:JE-909.cpp    **** 	}
 2433              		.loc 9 76 3 is_stmt 1 view .LVU679
 2434              	.LBE866:
 2435              	.LBE890:
 2436              	.LBB891:
 2437              	.LBB885:
  74:JE-909.cpp    **** 		SetDecay(decay_seconds);
 2438              		.loc 9 74 15 is_stmt 0 view .LVU680
 2439 00cc 84ED0E7A 		vstr.32	s14, [r4, #56]
 2440              	.LBB881:
 2441              	.LBB877:
  82:JE-909.cpp    **** 	}
 2442              		.loc 9 82 39 view .LVU681
 2443 00d0 67EE277A 		vmul.f32	s15, s14, s15
 2444              	.LBE877:
 2445              	.LBE881:
 2446              	.LBE885:
 2447              	.LBE891:
 2448              	.LBB892:
 2449              	.LBB867:
  76:JE-909.cpp    **** 	}
 2450              		.loc 9 76 9 view .LVU682
 2451 00d4 2563     		str	r5, [r4, #48]	@ float
 2452              	.LVL142:
  76:JE-909.cpp    **** 	}
 2453              		.loc 9 76 9 view .LVU683
 2454              	.LBE867:
 2455              	.LBE892:
 258:JE-909.cpp    **** 
 2456              		.loc 9 258 3 is_stmt 1 view .LVU684
 2457              	.LBB893:
 2458              	.LBI873:
  72:JE-909.cpp    **** 	{
 2459              		.loc 9 72 7 view .LVU685
 2460              	.LBB886:
  74:JE-909.cpp    **** 		SetDecay(decay_seconds);
 2461              		.loc 9 74 3 view .LVU686
  75:JE-909.cpp    **** 		value = 0.0f;
 2462              		.loc 9 75 3 view .LVU687
 2463              	.LBB882:
 2464              	.LBI875:
  79:JE-909.cpp    **** 	{
 2465              		.loc 9 79 7 view .LVU688
 2466              	.LBB878:
  81:JE-909.cpp    **** 		coeff = expf(-1.0f / (decay_seconds * sample_rate));
 2467              		.loc 9 81 3 view .LVU689
  81:JE-909.cpp    **** 		coeff = expf(-1.0f / (decay_seconds * sample_rate));
 2468              		.loc 9 81 3 is_stmt 0 view .LVU690
 2469              	.LBE878:
 2470              	.LBE882:
ARM GAS  /var/folders/5h/m58cqcc50w3bl35rb6m75qwc0000gn/T//ccMbPTFj.s 			page 74


 2471              	.LBE886:
 2472              	.LBE893:
 2473              	.LBE1007:
 2474              	.LBE1020:
  34:JE-909.cpp    **** 	if (x > hi) return hi;
 2475              		.loc 9 34 2 is_stmt 1 view .LVU691
  35:JE-909.cpp    **** 	return x;
 2476              		.loc 9 35 2 view .LVU692
 2477              	.LBB1021:
 2478              	.LBB1008:
 2479              	.LBB894:
 2480              	.LBB887:
 2481              	.LBB883:
 2482              	.LBB879:
  82:JE-909.cpp    **** 	}
 2483              		.loc 9 82 3 view .LVU693
  82:JE-909.cpp    **** 	}
 2484              		.loc 9 82 15 is_stmt 0 view .LVU694
 2485 00d6 8AEE270A 		vdiv.f32	s0, s20, s15
 2486 00da FFF7FEFF 		bl	expf
 2487              	.LVL143:
  82:JE-909.cpp    **** 	}
 2488              		.loc 9 82 15 view .LVU695
 2489              	.LBE879:
 2490              	.LBE883:
 2491              	.LBE887:
 2492              	.LBE894:
 260:JE-909.cpp    **** 		pulse_lpf.Init(sample_rate, 8500.0f);
 2493              		.loc 9 260 17 view .LVU696
 2494 00de 94ED007A 		vldr.32	s14, [r4]
 2495              	.LBB895:
 2496              	.LBB896:
 2497              	.LBB897:
 2498              	.LBB898:
 2499              	.LBB899:
 2500              	.LBB900:
 2501              	.LBB901:
 2502              	.LBB902:
  35:JE-909.cpp    **** 	return x;
 2503              		.loc 9 35 2 view .LVU697
 2504 00e2 DFED636A 		vldr.32	s13, .L87+32
 2505              	.LBE902:
 2506              	.LBE901:
  57:JE-909.cpp    **** }
 2507              		.loc 9 57 29 view .LVU698
 2508 00e6 9FED636A 		vldr.32	s12, .L87+36
 2509              	.LBE900:
 2510              	.LBE899:
 2511              	.LBE898:
 2512              	.LBE897:
 2513              	.LBE896:
 2514              	.LBE895:
 2515              	.LBB923:
 2516              	.LBB888:
 2517              	.LBB884:
 2518              	.LBB880:
  82:JE-909.cpp    **** 	}
ARM GAS  /var/folders/5h/m58cqcc50w3bl35rb6m75qwc0000gn/T//ccMbPTFj.s 			page 75


 2519              		.loc 9 82 9 view .LVU699
 2520 00ea 84ED100A 		vstr.32	s0, [r4, #64]
 2521              	.LVL144:
  82:JE-909.cpp    **** 	}
 2522              		.loc 9 82 9 view .LVU700
 2523              	.LBE880:
 2524              	.LBE884:
  76:JE-909.cpp    **** 	}
 2525              		.loc 9 76 3 is_stmt 1 view .LVU701
 2526              	.LBE888:
 2527              	.LBE923:
 2528              	.LBB924:
 2529              	.LBB919:
 2530              	.LBB915:
 2531              	.LBB911:
 2532              	.LBB908:
 2533              	.LBB905:
  56:JE-909.cpp    **** 	return 1.0f - expf(-TWO_PI * cutoff_hz / sample_rate);
 2534              		.loc 9 56 19 is_stmt 0 view .LVU702
 2535 00ee 67EE087A 		vmul.f32	s15, s14, s16
 2536              	.LBE905:
 2537              	.LBE908:
 2538              	.LBE911:
 2539              	.LBE915:
 115:JE-909.cpp    **** 		z = 0.0f;
 2540              		.loc 9 115 15 view .LVU703
 2541 00f2 84ED117A 		vstr.32	s14, [r4, #68]
 2542              	.LBE919:
 2543              	.LBE924:
 2544              	.LBB925:
 2545              	.LBB889:
  76:JE-909.cpp    **** 	}
 2546              		.loc 9 76 9 view .LVU704
 2547 00f6 E563     		str	r5, [r4, #60]	@ float
 2548              	.LVL145:
  76:JE-909.cpp    **** 	}
 2549              		.loc 9 76 9 view .LVU705
 2550              	.LBE889:
 2551              	.LBE925:
 260:JE-909.cpp    **** 		pulse_lpf.Init(sample_rate, 8500.0f);
 2552              		.loc 9 260 3 is_stmt 1 view .LVU706
 2553              	.LBB926:
 2554              	.LBI895:
 113:JE-909.cpp    **** 	{ 
 2555              		.loc 9 113 7 view .LVU707
 2556              	.LBB920:
 115:JE-909.cpp    **** 		z = 0.0f;
 2557              		.loc 9 115 3 view .LVU708
 116:JE-909.cpp    **** 		SetCutoff(cutoff_hz);
 2558              		.loc 9 116 3 view .LVU709
 116:JE-909.cpp    **** 		SetCutoff(cutoff_hz);
 2559              		.loc 9 116 5 is_stmt 0 view .LVU710
 2560 00f8 A564     		str	r5, [r4, #72]	@ float
 117:JE-909.cpp    **** 	}
 2561              		.loc 9 117 3 is_stmt 1 view .LVU711
 2562              	.LVL146:
 2563              	.LBB916:
ARM GAS  /var/folders/5h/m58cqcc50w3bl35rb6m75qwc0000gn/T//ccMbPTFj.s 			page 76


 2564              	.LBI897:
 120:JE-909.cpp    **** 	{ 
 2565              		.loc 9 120 7 view .LVU712
 2566              	.LBB912:
 122:JE-909.cpp    **** 	}
 2567              		.loc 9 122 3 view .LVU713
 2568              	.LBB909:
 2569              	.LBI899:
  54:JE-909.cpp    **** {
 2570              		.loc 9 54 21 view .LVU714
 2571              	.LBB906:
  56:JE-909.cpp    **** 	return 1.0f - expf(-TWO_PI * cutoff_hz / sample_rate);
 2572              		.loc 9 56 2 view .LVU715
 2573              	.LBB904:
 2574              	.LBI901:
  32:JE-909.cpp    **** {
 2575              		.loc 9 32 21 view .LVU716
 2576              	.LBB903:
  34:JE-909.cpp    **** 	if (x > hi) return hi;
 2577              		.loc 9 34 2 view .LVU717
  35:JE-909.cpp    **** 	return x;
 2578              		.loc 9 35 2 view .LVU718
  36:JE-909.cpp    **** }
 2579              		.loc 9 36 9 is_stmt 0 view .LVU719
 2580 00fa F4EEE67A 		vcmpe.f32	s15, s13
 2581 00fe F1EE10FA 		vmrs	APSR_nzcv, FPSCR
 2582 0102 58BF     		it	pl
 2583 0104 F0EE667A 		vmovpl.f32	s15, s13
 2584              	.LVL147:
  36:JE-909.cpp    **** }
 2585              		.loc 9 36 9 view .LVU720
 2586              	.LBE903:
 2587              	.LBE904:
  57:JE-909.cpp    **** }
 2588              		.loc 9 57 2 is_stmt 1 view .LVU721
  57:JE-909.cpp    **** }
 2589              		.loc 9 57 29 is_stmt 0 view .LVU722
 2590 0108 67EE867A 		vmul.f32	s15, s15, s12
 2591              	.LVL148:
  57:JE-909.cpp    **** }
 2592              		.loc 9 57 20 view .LVU723
 2593 010c 87EE870A 		vdiv.f32	s0, s15, s14
 2594 0110 FFF7FEFF 		bl	expf
 2595              	.LVL149:
  57:JE-909.cpp    **** }
 2596              		.loc 9 57 20 view .LVU724
 2597              	.LBE906:
 2598              	.LBE909:
 2599              	.LBE912:
 2600              	.LBE916:
 2601              	.LBE920:
 2602              	.LBE926:
 261:JE-909.cpp    **** 		pulse_bpf.Init(sample_rate, 4800.0f, 0.85f);
 2603              		.loc 9 261 17 view .LVU725
 2604 0114 94ED007A 		vldr.32	s14, [r4]
 2605              	.LBB927:
 2606              	.LBB786:
ARM GAS  /var/folders/5h/m58cqcc50w3bl35rb6m75qwc0000gn/T//ccMbPTFj.s 			page 77


 2607              	.LBB780:
 2608              	.LBB774:
 2609              	.LBB769:
 2610              	.LBB764:
 2611              	.LBB758:
 2612              	.LBB759:
  35:JE-909.cpp    **** 	return x;
 2613              		.loc 9 35 2 view .LVU726
 2614 0118 9FED576A 		vldr.32	s12, .L87+40
 2615              	.LBE759:
 2616              	.LBE758:
  57:JE-909.cpp    **** }
 2617              		.loc 9 57 29 view .LVU727
 2618 011c DFED555A 		vldr.32	s11, .L87+36
 2619              	.LBE764:
 2620              	.LBE769:
 2621              	.LBE774:
 2622              	.LBE780:
 115:JE-909.cpp    **** 		z = 0.0f;
 2623              		.loc 9 115 15 view .LVU728
 2624 0120 84ED147A 		vstr.32	s14, [r4, #80]
 2625              	.LBB781:
 2626              	.LBB775:
 2627              	.LBB770:
 2628              	.LBB765:
  56:JE-909.cpp    **** 	return 1.0f - expf(-TWO_PI * cutoff_hz / sample_rate);
 2629              		.loc 9 56 19 view .LVU729
 2630 0124 67EE087A 		vmul.f32	s15, s14, s16
 2631              	.LBE765:
 2632              	.LBE770:
 2633              	.LBE775:
 2634              	.LBE781:
 116:JE-909.cpp    **** 		SetCutoff(cutoff_hz);
 2635              		.loc 9 116 5 view .LVU730
 2636 0128 6565     		str	r5, [r4, #84]	@ float
 2637              	.LBE786:
 2638              	.LBE927:
 2639              	.LBB928:
 2640              	.LBB921:
 2641              	.LBB917:
 2642              	.LBB913:
 2643              	.LBB910:
 2644              	.LBB907:
  57:JE-909.cpp    **** }
 2645              		.loc 9 57 54 view .LVU731
 2646 012a 39EEC00A 		vsub.f32	s0, s19, s0
 2647              	.LBE907:
 2648              	.LBE910:
 2649              	.LBE913:
 2650              	.LBE917:
 2651              	.LBE921:
 2652              	.LBE928:
 2653              	.LBB929:
 2654              	.LBB787:
 2655              	.LBB782:
 2656              	.LBB776:
 2657              	.LBB771:
ARM GAS  /var/folders/5h/m58cqcc50w3bl35rb6m75qwc0000gn/T//ccMbPTFj.s 			page 78


 2658              	.LBB766:
 2659              	.LBB762:
 2660              	.LBB760:
  36:JE-909.cpp    **** }
 2661              		.loc 9 36 9 view .LVU732
 2662 012e F4EEC67A 		vcmpe.f32	s15, s12
 2663              	.LBE760:
 2664              	.LBE762:
 2665              	.LBE766:
 2666              	.LBE771:
 2667              	.LBE776:
 2668              	.LBE782:
 2669              	.LBE787:
 2670              	.LBE929:
 2671              	.LBB930:
 2672              	.LBB922:
 2673              	.LBB918:
 2674              	.LBB914:
 122:JE-909.cpp    **** 	}
 2675              		.loc 9 122 5 view .LVU733
 2676 0132 84ED130A 		vstr.32	s0, [r4, #76]
 2677              	.LVL150:
 122:JE-909.cpp    **** 	}
 2678              		.loc 9 122 5 view .LVU734
 2679              	.LBE914:
 2680              	.LBE918:
 2681              	.LBE922:
 2682              	.LBE930:
 261:JE-909.cpp    **** 		pulse_bpf.Init(sample_rate, 4800.0f, 0.85f);
 2683              		.loc 9 261 3 is_stmt 1 view .LVU735
 2684              	.LBB931:
 2685              	.LBI752:
 113:JE-909.cpp    **** 	{ 
 2686              		.loc 9 113 7 view .LVU736
 2687              	.LBB788:
 115:JE-909.cpp    **** 		z = 0.0f;
 2688              		.loc 9 115 3 view .LVU737
 116:JE-909.cpp    **** 		SetCutoff(cutoff_hz);
 2689              		.loc 9 116 3 view .LVU738
 117:JE-909.cpp    **** 	}
 2690              		.loc 9 117 3 view .LVU739
 2691              	.LBB783:
 2692              	.LBI754:
 120:JE-909.cpp    **** 	{ 
 2693              		.loc 9 120 7 view .LVU740
 2694              	.LBB777:
 122:JE-909.cpp    **** 	}
 2695              		.loc 9 122 3 view .LVU741
 2696              	.LBB772:
 2697              	.LBI756:
  54:JE-909.cpp    **** {
 2698              		.loc 9 54 21 view .LVU742
 2699              	.LBB767:
  56:JE-909.cpp    **** 	return 1.0f - expf(-TWO_PI * cutoff_hz / sample_rate);
 2700              		.loc 9 56 2 view .LVU743
 2701              	.LBB763:
 2702              	.LBI758:
ARM GAS  /var/folders/5h/m58cqcc50w3bl35rb6m75qwc0000gn/T//ccMbPTFj.s 			page 79


  32:JE-909.cpp    **** {
 2703              		.loc 9 32 21 view .LVU744
 2704              	.LBB761:
  34:JE-909.cpp    **** 	if (x > hi) return hi;
 2705              		.loc 9 34 2 view .LVU745
  35:JE-909.cpp    **** 	return x;
 2706              		.loc 9 35 2 view .LVU746
  36:JE-909.cpp    **** }
 2707              		.loc 9 36 9 is_stmt 0 view .LVU747
 2708 0136 F1EE10FA 		vmrs	APSR_nzcv, FPSCR
 2709 013a 58BF     		it	pl
 2710 013c F0EE467A 		vmovpl.f32	s15, s12
 2711              	.LVL151:
  36:JE-909.cpp    **** }
 2712              		.loc 9 36 9 view .LVU748
 2713              	.LBE761:
 2714              	.LBE763:
  57:JE-909.cpp    **** }
 2715              		.loc 9 57 2 is_stmt 1 view .LVU749
  57:JE-909.cpp    **** }
 2716              		.loc 9 57 29 is_stmt 0 view .LVU750
 2717 0140 67EEA57A 		vmul.f32	s15, s15, s11
 2718              	.LVL152:
  57:JE-909.cpp    **** }
 2719              		.loc 9 57 20 view .LVU751
 2720 0144 87EE870A 		vdiv.f32	s0, s15, s14
 2721 0148 FFF7FEFF 		bl	expf
 2722              	.LVL153:
  57:JE-909.cpp    **** }
 2723              		.loc 9 57 20 view .LVU752
 2724              	.LBE767:
 2725              	.LBE772:
 2726              	.LBE777:
 2727              	.LBE783:
 2728              	.LBE788:
 2729              	.LBE931:
 262:JE-909.cpp    **** 		output_lpf.Init(sample_rate, 14000.0f);
 2730              		.loc 9 262 17 view .LVU753
 2731 014c 94ED00AA 		vldr.32	s20, [r4]
 2732              	.LBB932:
 2733              	.LBB817:
 2734              	.LBB793:
 2735              	.LBB794:
 2736              	.LBB795:
 2737              	.LBB796:
  35:JE-909.cpp    **** 	return x;
 2738              		.loc 9 35 2 view .LVU754
 2739 0150 DFED4A7A 		vldr.32	s15, .L87+44
 2740              	.LBE796:
 2741              	.LBE795:
 166:JE-909.cpp    **** 		float sn = sinf(omega);
 2742              		.loc 9 166 24 view .LVU755
 2743 0154 9FED4A7A 		vldr.32	s14, .L87+48
 2744              	.LBE794:
 2745              	.LBE793:
 156:JE-909.cpp    **** 		x1 = x2 = y1 = y2 = 0.0f;
 2746              		.loc 9 156 15 view .LVU756
ARM GAS  /var/folders/5h/m58cqcc50w3bl35rb6m75qwc0000gn/T//ccMbPTFj.s 			page 80


 2747 0158 84ED17AA 		vstr.32	s20, [r4, #92]
 2748              	.LBB809:
 2749              	.LBB801:
 163:JE-909.cpp    **** 		q = Clamp(q, 0.1f, 10.0f);
 2750              		.loc 9 163 20 view .LVU757
 2751 015c 2AEE088A 		vmul.f32	s16, s20, s16
 2752              	.LBE801:
 2753              	.LBE809:
 157:JE-909.cpp    **** 		Set(cutoff_hz, q);
 2754              		.loc 9 157 21 view .LVU758
 2755 0160 C4F88050 		str	r5, [r4, #128]	@ float
 2756              	.LBE817:
 2757              	.LBE932:
 2758              	.LBB933:
 2759              	.LBB789:
 2760              	.LBB784:
 2761              	.LBB778:
 2762              	.LBB773:
 2763              	.LBB768:
  57:JE-909.cpp    **** }
 2764              		.loc 9 57 54 view .LVU759
 2765 0164 39EEC00A 		vsub.f32	s0, s19, s0
 2766              	.LBE768:
 2767              	.LBE773:
 2768              	.LBE778:
 2769              	.LBE784:
 2770              	.LBE789:
 2771              	.LBE933:
 2772              	.LBB934:
 2773              	.LBB818:
 157:JE-909.cpp    **** 		Set(cutoff_hz, q);
 2774              		.loc 9 157 16 view .LVU760
 2775 0168 E567     		str	r5, [r4, #124]	@ float
 157:JE-909.cpp    **** 		Set(cutoff_hz, q);
 2776              		.loc 9 157 11 view .LVU761
 2777 016a A567     		str	r5, [r4, #120]	@ float
 2778              	.LBB810:
 2779              	.LBB802:
 2780              	.LBB799:
 2781              	.LBB797:
  36:JE-909.cpp    **** }
 2782              		.loc 9 36 9 view .LVU762
 2783 016c B4EEE78A 		vcmpe.f32	s16, s15
 2784              	.LBE797:
 2785              	.LBE799:
 2786              	.LBE802:
 2787              	.LBE810:
 157:JE-909.cpp    **** 		Set(cutoff_hz, q);
 2788              		.loc 9 157 6 view .LVU763
 2789 0170 6567     		str	r5, [r4, #116]	@ float
 2790              	.LBE818:
 2791              	.LBE934:
 2792              	.LBB935:
 2793              	.LBB790:
 2794              	.LBB785:
 2795              	.LBB779:
 122:JE-909.cpp    **** 	}
ARM GAS  /var/folders/5h/m58cqcc50w3bl35rb6m75qwc0000gn/T//ccMbPTFj.s 			page 81


 2796              		.loc 9 122 5 view .LVU764
 2797 0172 84ED160A 		vstr.32	s0, [r4, #88]
 2798              	.LVL154:
 122:JE-909.cpp    **** 	}
 2799              		.loc 9 122 5 view .LVU765
 2800              	.LBE779:
 2801              	.LBE785:
 2802              	.LBE790:
 2803              	.LBE935:
 262:JE-909.cpp    **** 		output_lpf.Init(sample_rate, 14000.0f);
 2804              		.loc 9 262 3 is_stmt 1 view .LVU766
 2805              	.LBB936:
 2806              	.LBI791:
 154:JE-909.cpp    **** 	{
 2807              		.loc 9 154 7 view .LVU767
 2808              	.LBB819:
 156:JE-909.cpp    **** 		x1 = x2 = y1 = y2 = 0.0f;
 2809              		.loc 9 156 3 view .LVU768
 157:JE-909.cpp    **** 		Set(cutoff_hz, q);
 2810              		.loc 9 157 3 view .LVU769
 158:JE-909.cpp    **** 	}
 2811              		.loc 9 158 3 view .LVU770
 2812              	.LBB811:
 2813              	.LBI793:
 161:JE-909.cpp    **** 	{
 2814              		.loc 9 161 7 view .LVU771
 2815              	.LBB803:
 163:JE-909.cpp    **** 		q = Clamp(q, 0.1f, 10.0f);
 2816              		.loc 9 163 3 view .LVU772
 2817              	.LBB800:
 2818              	.LBI795:
  32:JE-909.cpp    **** {
 2819              		.loc 9 32 21 view .LVU773
 2820              	.LBB798:
  34:JE-909.cpp    **** 	if (x > hi) return hi;
 2821              		.loc 9 34 2 view .LVU774
  35:JE-909.cpp    **** 	return x;
 2822              		.loc 9 35 2 view .LVU775
  36:JE-909.cpp    **** }
 2823              		.loc 9 36 9 is_stmt 0 view .LVU776
 2824 0176 F1EE10FA 		vmrs	APSR_nzcv, FPSCR
 2825 017a 48BF     		it	mi
 2826 017c F0EE487A 		vmovmi.f32	s15, s16
 2827              	.LVL155:
  36:JE-909.cpp    **** }
 2828              		.loc 9 36 9 view .LVU777
 2829              	.LBE798:
 2830              	.LBE800:
 164:JE-909.cpp    **** 
 2831              		.loc 9 164 3 is_stmt 1 view .LVU778
 164:JE-909.cpp    **** 
 2832              		.loc 9 164 3 is_stmt 0 view .LVU779
 2833              	.LBE803:
 2834              	.LBE811:
 2835              	.LBE819:
 2836              	.LBE936:
 2837              	.LBE1008:
ARM GAS  /var/folders/5h/m58cqcc50w3bl35rb6m75qwc0000gn/T//ccMbPTFj.s 			page 82


 2838              	.LBE1021:
  34:JE-909.cpp    **** 	if (x > hi) return hi;
 2839              		.loc 9 34 2 is_stmt 1 view .LVU780
  35:JE-909.cpp    **** 	return x;
 2840              		.loc 9 35 2 view .LVU781
 2841              	.LBB1022:
 2842              	.LBB1009:
 2843              	.LBB937:
 2844              	.LBB820:
 2845              	.LBB812:
 2846              	.LBB804:
 166:JE-909.cpp    **** 		float sn = sinf(omega);
 2847              		.loc 9 166 3 view .LVU782
 166:JE-909.cpp    **** 		float sn = sinf(omega);
 2848              		.loc 9 166 24 is_stmt 0 view .LVU783
 2849 0180 67EE877A 		vmul.f32	s15, s15, s14
 2850              	.LVL156:
 166:JE-909.cpp    **** 		float sn = sinf(omega);
 2851              		.loc 9 166 9 view .LVU784
 2852 0184 87EE8ABA 		vdiv.f32	s22, s15, s20
 2853              	.LVL157:
 167:JE-909.cpp    **** 		float cs = cosf(omega);
 2854              		.loc 9 167 3 is_stmt 1 view .LVU785
 167:JE-909.cpp    **** 		float cs = cosf(omega);
 2855              		.loc 9 167 18 is_stmt 0 view .LVU786
 2856 0188 B0EE4B0A 		vmov.f32	s0, s22
 2857 018c FFF7FEFF 		bl	sinf
 2858              	.LVL158:
 167:JE-909.cpp    **** 		float cs = cosf(omega);
 2859              		.loc 9 167 18 view .LVU787
 2860 0190 F0EE40AA 		vmov.f32	s21, s0
 168:JE-909.cpp    **** 		float alpha = sn / (2.0f * q);
 2861              		.loc 9 168 18 view .LVU788
 2862 0194 B0EE4B0A 		vmov.f32	s0, s22
 2863              	.LVL159:
 168:JE-909.cpp    **** 		float alpha = sn / (2.0f * q);
 2864              		.loc 9 168 3 is_stmt 1 view .LVU789
 168:JE-909.cpp    **** 		float alpha = sn / (2.0f * q);
 2865              		.loc 9 168 18 is_stmt 0 view .LVU790
 2866 0198 FFF7FEFF 		bl	cosf
 2867              	.LVL160:
 169:JE-909.cpp    **** 
 2868              		.loc 9 169 3 is_stmt 1 view .LVU791
 169:JE-909.cpp    **** 
 2869              		.loc 9 169 9 is_stmt 0 view .LVU792
 2870 019c 9FED396A 		vldr.32	s12, .L87+52
 2871              	.LBE804:
 2872              	.LBE812:
 2873              	.LBE820:
 2874              	.LBE937:
 2875              	.LBB938:
 2876              	.LBB939:
 2877              	.LBB940:
 2878              	.LBB941:
 2879              	.LBB942:
 2880              	.LBB943:
 2881              	.LBB944:
ARM GAS  /var/folders/5h/m58cqcc50w3bl35rb6m75qwc0000gn/T//ccMbPTFj.s 			page 83


 2882              	.LBB945:
  35:JE-909.cpp    **** 	return x;
 2883              		.loc 9 35 2 view .LVU793
 2884 01a0 DFED397A 		vldr.32	s15, .L87+56
 2885              	.LBE945:
 2886              	.LBE944:
 2887              	.LBE943:
 2888              	.LBE942:
 2889              	.LBE941:
 2890              	.LBE940:
 2891              	.LBE939:
 2892              	.LBE938:
 2893              	.LBB984:
 2894              	.LBB821:
 2895              	.LBB813:
 2896              	.LBB805:
 175:JE-909.cpp    **** 		float raw_a2 = 1.0f - alpha;
 2897              		.loc 9 175 9 view .LVU794
 2898 01a4 F8EE006A 		vmov.f32	s13, #-2.0e+0
 169:JE-909.cpp    **** 
 2899              		.loc 9 169 9 view .LVU795
 2900 01a8 8AEE867A 		vdiv.f32	s14, s21, s12
 2901              	.LVL161:
 171:JE-909.cpp    **** 		float raw_b1 = 0.0f;
 2902              		.loc 9 171 3 is_stmt 1 view .LVU796
 172:JE-909.cpp    **** 		float raw_b2 = -alpha;
 2903              		.loc 9 172 3 view .LVU797
 173:JE-909.cpp    **** 		float raw_a0 = 1.0f + alpha;
 2904              		.loc 9 173 3 view .LVU798
 174:JE-909.cpp    **** 		float raw_a1 = -2.0f * cs;
 2905              		.loc 9 174 3 view .LVU799
 2906              	.LBE805:
 2907              	.LBE813:
 2908              	.LBE821:
 2909              	.LBE984:
 2910              	.LBB985:
 2911              	.LBB978:
 2912              	.LBB971:
 2913              	.LBB964:
 2914              	.LBB958:
 2915              	.LBB952:
  57:JE-909.cpp    **** }
 2916              		.loc 9 57 29 is_stmt 0 view .LVU800
 2917 01ac 9FED316A 		vldr.32	s12, .L87+36
 2918              	.LBE952:
 2919              	.LBE958:
 2920              	.LBE964:
 2921              	.LBE971:
 115:JE-909.cpp    **** 		z = 0.0f;
 2922              		.loc 9 115 15 view .LVU801
 2923 01b0 84ED21AA 		vstr.32	s20, [r4, #132]
 116:JE-909.cpp    **** 		SetCutoff(cutoff_hz);
 2924              		.loc 9 116 5 view .LVU802
 2925 01b4 C4F88850 		str	r5, [r4, #136]	@ float
 2926              	.LBB972:
 2927              	.LBB965:
 2928              	.LBB959:
ARM GAS  /var/folders/5h/m58cqcc50w3bl35rb6m75qwc0000gn/T//ccMbPTFj.s 			page 84


 2929              	.LBB953:
 2930              	.LBB949:
 2931              	.LBB946:
  36:JE-909.cpp    **** }
 2932              		.loc 9 36 9 view .LVU803
 2933 01b8 B4EEE78A 		vcmpe.f32	s16, s15
 2934              	.LBE946:
 2935              	.LBE949:
 2936              	.LBE953:
 2937              	.LBE959:
 2938              	.LBE965:
 2939              	.LBE972:
 2940              	.LBE978:
 2941              	.LBE985:
 2942              	.LBB986:
 2943              	.LBB822:
 2944              	.LBB814:
 2945              	.LBB806:
 175:JE-909.cpp    **** 		float raw_a2 = 1.0f - alpha;
 2946              		.loc 9 175 9 view .LVU804
 2947 01bc 60EE266A 		vmul.f32	s13, s0, s13
 2948              	.LBE806:
 2949              	.LBE814:
 2950              	.LBE822:
 2951              	.LBE986:
 2952              	.LBB987:
 2953              	.LBB979:
 2954              	.LBB973:
 2955              	.LBB966:
 2956              	.LBB960:
 2957              	.LBB954:
 2958              	.LBB950:
 2959              	.LBB947:
  36:JE-909.cpp    **** }
 2960              		.loc 9 36 9 view .LVU805
 2961 01c0 F1EE10FA 		vmrs	APSR_nzcv, FPSCR
 2962 01c4 58BF     		it	pl
 2963 01c6 B0EE678A 		vmovpl.f32	s16, s15
 2964              	.LVL162:
  36:JE-909.cpp    **** }
 2965              		.loc 9 36 9 view .LVU806
 2966              	.LBE947:
 2967              	.LBE950:
  57:JE-909.cpp    **** }
 2968              		.loc 9 57 29 view .LVU807
 2969 01ca 28EE068A 		vmul.f32	s16, s16, s12
 2970              	.LBE954:
 2971              	.LBE960:
 2972              	.LBE966:
 2973              	.LBE973:
 2974              	.LBE979:
 2975              	.LBE987:
 2976              	.LBB988:
 2977              	.LBB823:
 2978              	.LBB815:
 2979              	.LBB807:
 174:JE-909.cpp    **** 		float raw_a1 = -2.0f * cs;
ARM GAS  /var/folders/5h/m58cqcc50w3bl35rb6m75qwc0000gn/T//ccMbPTFj.s 			page 85


 2980              		.loc 9 174 9 view .LVU808
 2981 01ce 77EE297A 		vadd.f32	s15, s14, s19
 2982              	.LVL163:
 175:JE-909.cpp    **** 		float raw_a2 = 1.0f - alpha;
 2983              		.loc 9 175 3 is_stmt 1 view .LVU809
 176:JE-909.cpp    **** 
 2984              		.loc 9 176 3 view .LVU810
 178:JE-909.cpp    ****         b1 = raw_b1 / raw_a0;
 2985              		.loc 9 178 3 view .LVU811
 173:JE-909.cpp    **** 		float raw_a0 = 1.0f + alpha;
 2986              		.loc 9 173 9 is_stmt 0 view .LVU812
 2987 01d2 B1EE476A 		vneg.f32	s12, s14
 2988              	.LVL164:
 176:JE-909.cpp    **** 
 2989              		.loc 9 176 9 view .LVU813
 2990 01d6 79EEC79A 		vsub.f32	s19, s19, s14
 2991              	.LVL165:
 178:JE-909.cpp    ****         b1 = raw_b1 / raw_a0;
 2992              		.loc 9 178 15 view .LVU814
 2993 01da C7EE274A 		vdiv.f32	s9, s14, s15
 180:JE-909.cpp    ****         a1 = raw_a1 / raw_a0;
 2994              		.loc 9 180 21 view .LVU815
 2995 01de C6EE275A 		vdiv.f32	s11, s12, s15
 179:JE-909.cpp    ****         b2 = raw_b2 / raw_a0;
 2996              		.loc 9 179 21 view .LVU816
 2997 01e2 89EE275A 		vdiv.f32	s10, s18, s15
 181:JE-909.cpp    ****         a2 = raw_a2 / raw_a0;
 2998              		.loc 9 181 21 view .LVU817
 2999 01e6 86EEA76A 		vdiv.f32	s12, s13, s15
 3000              	.LVL166:
 178:JE-909.cpp    ****         b1 = raw_b1 / raw_a0;
 3001              		.loc 9 178 6 view .LVU818
 3002 01ea C4ED184A 		vstr.32	s9, [r4, #96]
 179:JE-909.cpp    ****         b2 = raw_b2 / raw_a0;
 3003              		.loc 9 179 9 is_stmt 1 view .LVU819
 182:JE-909.cpp    **** 	}
 3004              		.loc 9 182 21 is_stmt 0 view .LVU820
 3005 01ee 89EEA77A 		vdiv.f32	s14, s19, s15
 3006              	.LVL167:
 180:JE-909.cpp    ****         a1 = raw_a1 / raw_a0;
 3007              		.loc 9 180 12 view .LVU821
 3008 01f2 C4ED1A5A 		vstr.32	s11, [r4, #104]
 3009              	.LBE807:
 3010              	.LBE815:
 3011              	.LBE823:
 3012              	.LBE988:
 3013              	.LBB989:
 3014              	.LBB980:
 3015              	.LBB974:
 3016              	.LBB967:
 3017              	.LBB961:
 3018              	.LBB955:
  57:JE-909.cpp    **** }
 3019              		.loc 9 57 20 view .LVU822
 3020 01f6 88EE0A0A 		vdiv.f32	s0, s16, s20
 3021              	.LVL168:
  57:JE-909.cpp    **** }
ARM GAS  /var/folders/5h/m58cqcc50w3bl35rb6m75qwc0000gn/T//ccMbPTFj.s 			page 86


 3022              		.loc 9 57 20 view .LVU823
 3023              	.LBE955:
 3024              	.LBE961:
 3025              	.LBE967:
 3026              	.LBE974:
 3027              	.LBE980:
 3028              	.LBE989:
 3029              	.LBB990:
 3030              	.LBB824:
 3031              	.LBB816:
 3032              	.LBB808:
 179:JE-909.cpp    ****         b2 = raw_b2 / raw_a0;
 3033              		.loc 9 179 12 view .LVU824
 3034 01fa 84ED195A 		vstr.32	s10, [r4, #100]
 180:JE-909.cpp    ****         a1 = raw_a1 / raw_a0;
 3035              		.loc 9 180 9 is_stmt 1 view .LVU825
 181:JE-909.cpp    ****         a2 = raw_a2 / raw_a0;
 3036              		.loc 9 181 9 view .LVU826
 181:JE-909.cpp    ****         a2 = raw_a2 / raw_a0;
 3037              		.loc 9 181 12 is_stmt 0 view .LVU827
 3038 01fe 84ED1B6A 		vstr.32	s12, [r4, #108]
 182:JE-909.cpp    **** 	}
 3039              		.loc 9 182 9 is_stmt 1 view .LVU828
 182:JE-909.cpp    **** 	}
 3040              		.loc 9 182 12 is_stmt 0 view .LVU829
 3041 0202 84ED1C7A 		vstr.32	s14, [r4, #112]
 3042              	.LVL169:
 182:JE-909.cpp    **** 	}
 3043              		.loc 9 182 12 view .LVU830
 3044              	.LBE808:
 3045              	.LBE816:
 3046              	.LBE824:
 3047              	.LBE990:
 263:JE-909.cpp    **** 
 3048              		.loc 9 263 3 is_stmt 1 view .LVU831
 3049              	.LBB991:
 3050              	.LBI938:
 113:JE-909.cpp    **** 	{ 
 3051              		.loc 9 113 7 view .LVU832
 3052              	.LBB981:
 115:JE-909.cpp    **** 		z = 0.0f;
 3053              		.loc 9 115 3 view .LVU833
 116:JE-909.cpp    **** 		SetCutoff(cutoff_hz);
 3054              		.loc 9 116 3 view .LVU834
 117:JE-909.cpp    **** 	}
 3055              		.loc 9 117 3 view .LVU835
 3056              	.LBB975:
 3057              	.LBI940:
 120:JE-909.cpp    **** 	{ 
 3058              		.loc 9 120 7 view .LVU836
 3059              	.LBB968:
 122:JE-909.cpp    **** 	}
 3060              		.loc 9 122 3 view .LVU837
 3061              	.LBB962:
 3062              	.LBI942:
  54:JE-909.cpp    **** {
 3063              		.loc 9 54 21 view .LVU838
ARM GAS  /var/folders/5h/m58cqcc50w3bl35rb6m75qwc0000gn/T//ccMbPTFj.s 			page 87


 3064              	.LBB956:
  56:JE-909.cpp    **** 	return 1.0f - expf(-TWO_PI * cutoff_hz / sample_rate);
 3065              		.loc 9 56 2 view .LVU839
 3066              	.LBB951:
 3067              	.LBI944:
  32:JE-909.cpp    **** {
 3068              		.loc 9 32 21 view .LVU840
 3069              	.LBB948:
  34:JE-909.cpp    **** 	if (x > hi) return hi;
 3070              		.loc 9 34 2 view .LVU841
  35:JE-909.cpp    **** 	return x;
 3071              		.loc 9 35 2 view .LVU842
  35:JE-909.cpp    **** 	return x;
 3072              		.loc 9 35 2 is_stmt 0 view .LVU843
 3073              	.LBE948:
 3074              	.LBE951:
  57:JE-909.cpp    **** }
 3075              		.loc 9 57 2 is_stmt 1 view .LVU844
  57:JE-909.cpp    **** }
 3076              		.loc 9 57 20 is_stmt 0 view .LVU845
 3077 0206 FFF7FEFF 		bl	expf
 3078              	.LVL170:
  57:JE-909.cpp    **** }
 3079              		.loc 9 57 54 view .LVU846
 3080 020a B7EE007A 		vmov.f32	s14, #1.0e+0
 3081              	.LBE956:
 3082              	.LBE962:
 3083              	.LBE968:
 3084              	.LBE975:
 3085              	.LBE981:
 3086              	.LBE991:
 3087              	.LBE1009:
 3088              	.LBE1022:
 559:JE-909.cpp    **** 	float duck_release_seconds = 0.135f;
 560:JE-909.cpp    **** 	duck_coeff = expf(-1.0f / (duck_release_seconds * sample_rate)); // Sidechain release time. Smalle
 3089              		.loc 9 560 50 view .LVU847
 3090 020e DFED1F7A 		vldr.32	s15, .L87+60
 3091              		.loc 9 560 19 view .LVU848
 3092 0212 FFEE006A 		vmov.f32	s13, #-1.0e+0
 3093              	.LBB1023:
 3094              	.LBB1010:
 267:JE-909.cpp    **** 	}
 3095              		.loc 9 267 7 view .LVU849
 3096 0216 0122     		movs	r2, #1
 3097              	.LBB992:
 3098              	.LBB993:
 213:JE-909.cpp    **** 		y1 = 0.0f;
 3099              		.loc 9 213 6 view .LVU850
 3100 0218 C4F89050 		str	r5, [r4, #144]	@ float
 3101              	.LBE993:
 3102              	.LBE992:
 3103              	.LBE1010:
 3104              	.LBE1023:
 3105              		.loc 9 560 50 view .LVU851
 3106 021c 68EEA78A 		vmul.f32	s17, s17, s15
 3107              	.LVL171:
 3108              	.LBB1024:
ARM GAS  /var/folders/5h/m58cqcc50w3bl35rb6m75qwc0000gn/T//ccMbPTFj.s 			page 88


 3109              	.LBB1011:
 3110              	.LBB996:
 3111              	.LBB994:
 214:JE-909.cpp    **** 	}
 3112              		.loc 9 214 6 view .LVU852
 3113 0220 C4F89450 		str	r5, [r4, #148]	@ float
 3114              	.LBE994:
 3115              	.LBE996:
 3116              	.LBB997:
 3117              	.LBB982:
 3118              	.LBB976:
 3119              	.LBB969:
 3120              	.LBB963:
 3121              	.LBB957:
  57:JE-909.cpp    **** }
 3122              		.loc 9 57 54 view .LVU853
 3123 0224 77EE407A 		vsub.f32	s15, s14, s0
 3124              	.LBE957:
 3125              	.LBE963:
 3126              	.LBE969:
 3127              	.LBE976:
 3128              	.LBE982:
 3129              	.LBE997:
 267:JE-909.cpp    **** 	}
 3130              		.loc 9 267 7 view .LVU854
 3131 0228 C4F89C20 		str	r2, [r4, #156]
 3132              	.LBE1011:
 3133              	.LBE1024:
 3134              		.loc 9 560 19 view .LVU855
 3135 022c 86EEA80A 		vdiv.f32	s0, s13, s17
 3136              	.LBB1025:
 3137              	.LBB1012:
 3138              	.LBB998:
 3139              	.LBB983:
 3140              	.LBB977:
 3141              	.LBB970:
 122:JE-909.cpp    **** 	}
 3142              		.loc 9 122 5 view .LVU856
 3143 0230 C4ED237A 		vstr.32	s15, [r4, #140]
 3144              	.LVL172:
 122:JE-909.cpp    **** 	}
 3145              		.loc 9 122 5 view .LVU857
 3146              	.LBE970:
 3147              	.LBE977:
 3148              	.LBE983:
 3149              	.LBE998:
 265:JE-909.cpp    **** 
 3150              		.loc 9 265 3 is_stmt 1 view .LVU858
 3151              	.LBB999:
 3152              	.LBI992:
 211:JE-909.cpp    **** 	{
 3153              		.loc 9 211 7 view .LVU859
 3154              	.LBB995:
 213:JE-909.cpp    **** 		y1 = 0.0f;
 3155              		.loc 9 213 3 view .LVU860
 214:JE-909.cpp    **** 	}
 3156              		.loc 9 214 3 view .LVU861
ARM GAS  /var/folders/5h/m58cqcc50w3bl35rb6m75qwc0000gn/T//ccMbPTFj.s 			page 89


 214:JE-909.cpp    **** 	}
 3157              		.loc 9 214 3 is_stmt 0 view .LVU862
 3158              	.LBE995:
 3159              	.LBE999:
 267:JE-909.cpp    **** 	}
 3160              		.loc 9 267 3 is_stmt 1 view .LVU863
 267:JE-909.cpp    **** 	}
 3161              		.loc 9 267 3 is_stmt 0 view .LVU864
 3162              	.LBE1012:
 3163              	.LBE1025:
 559:JE-909.cpp    **** 	duck_coeff = expf(-1.0f / (duck_release_seconds * sample_rate)); // Sidechain release time. Smalle
 3164              		.loc 9 559 2 is_stmt 1 view .LVU865
 3165              		.loc 9 560 2 view .LVU866
 3166              		.loc 9 560 19 is_stmt 0 view .LVU867
 3167 0234 FFF7FEFF 		bl	expf
 3168              	.LVL173:
 3169              		.loc 9 560 13 view .LVU868
 3170 0238 154B     		ldr	r3, .L87+64
 561:JE-909.cpp    **** 	hw.StartAdc();
 3171              		.loc 9 561 13 view .LVU869
 3172 023a 0548     		ldr	r0, .L87
 560:JE-909.cpp    **** 	hw.StartAdc();
 3173              		.loc 9 560 13 view .LVU870
 3174 023c 83ED000A 		vstr.32	s0, [r3]
 3175              		.loc 9 561 2 is_stmt 1 view .LVU871
 3176              		.loc 9 561 13 is_stmt 0 view .LVU872
 3177 0240 FFF7FEFF 		bl	_ZN5daisy8patch_sm12DaisyPatchSM8StartAdcEv
 3178              	.LVL174:
 562:JE-909.cpp    **** 	hw.StartAudio(AudioCallback);
 3179              		.loc 9 562 2 is_stmt 1 view .LVU873
 3180              		.loc 9 562 15 is_stmt 0 view .LVU874
 3181 0244 1349     		ldr	r1, .L87+68
 3182 0246 0248     		ldr	r0, .L87
 3183 0248 FFF7FEFF 		bl	_ZN5daisy8patch_sm12DaisyPatchSM10StartAudioEPFvPKPKfPPfjE
 3184              	.LVL175:
 3185              	.L80:
 563:JE-909.cpp    **** 	while(1) {}
 3186              		.loc 9 563 2 is_stmt 1 discriminator 1 view .LVU875
 3187              		.loc 9 563 2 discriminator 1 view .LVU876
 3188              		.loc 9 563 2 discriminator 1 view .LVU877
 3189              		.loc 9 563 2 discriminator 1 view .LVU878
 3190 024c FEE7     		b	.L80
 3191              	.L88:
 3192 024e 00BF     		.align	2
 3193              	.L87:
 3194 0250 00000000 		.word	.LANCHOR0
 3195 0254 6666E63E 		.word	1055286886
 3196 0258 00000000 		.word	.LANCHOR1
 3197 025c 00000000 		.word	.LANCHOR2
 3198 0260 00000000 		.word	.LANCHOR3
 3199 0264 4260653C 		.word	1013276738
 3200 0268 295C0F3D 		.word	1024416809
 3201 026c E02D903A 		.word	982527456
 3202 0270 0020CB45 		.word	1170939904
 3203 0274 DB0FC9C0 		.word	-1060565029
 3204 0278 00D00446 		.word	1174720512
 3205 027c 00009645 		.word	1167458304
ARM GAS  /var/folders/5h/m58cqcc50w3bl35rb6m75qwc0000gn/T//ccMbPTFj.s 			page 90


 3206 0280 DB0FC940 		.word	1086918619
 3207 0284 9A99D93F 		.word	1071225242
 3208 0288 00C05A46 		.word	1180352512
 3209 028c 713D0A3E 		.word	1040858481
 3210 0290 00000000 		.word	.LANCHOR7
 3211 0294 00000000 		.word	_Z13AudioCallbackPKPKfPPfj
 3212              		.cfi_endproc
 3213              	.LFE4727:
 3215              		.section	.text.startup._GLOBAL__sub_I_hw,"ax",%progbits
 3216              		.align	1
 3217              		.p2align 2,,3
 3218              		.syntax unified
 3219              		.thumb
 3220              		.thumb_func
 3222              	_GLOBAL__sub_I_hw:
 3223              	.LFB5290:
 564:JE-909.cpp    **** }...
 3224              		.loc 9 564 1 view -0
 3225              		.cfi_startproc
 3226              		@ args = 0, pretend = 0, frame = 0
 3227              		@ frame_needed = 0, uses_anonymous_args = 0
 3228              	.LBB1074:
 3229              	.LBI1074:
 3230              		.loc 9 564 1 view .LVU880
 3231              	.LVL176:
 3232              	.LBB1075:
 3233              	.LBB1076:
 3234              	.LBI1076:
  64:../../libDaisy//src/daisy_patch_sm.h ****         ~DaisyPatchSM() {}
 3235              		.loc 2 64 9 view .LVU881
 3236              	.LBB1077:
 3237              	.LBB1078:
 3238              	.LBI1078:
  96:../../libDaisy//src/sys/system.h ****     ~System() {}
 3239              		.loc 8 96 5 view .LVU882
  96:../../libDaisy//src/sys/system.h ****     ~System() {}
 3240              		.loc 8 96 5 is_stmt 0 view .LVU883
 3241              	.LBE1078:
 3242              	.LBB1079:
 3243              	.LBI1079:
 3244              		.file 10 "../../libDaisy//src/per/qspi.h"
   1:../../libDaisy//src/per/qspi.h **** #ifndef DSY_QSPI
   2:../../libDaisy//src/per/qspi.h **** #define DSY_QSPI /**< Macro */
   3:../../libDaisy//src/per/qspi.h **** 
   4:../../libDaisy//src/per/qspi.h **** #ifndef UNIT_TEST // for unit tests, a dummy implementation
   5:../../libDaisy//src/per/qspi.h **** 
   6:../../libDaisy//src/per/qspi.h **** #include <cstdint>
   7:../../libDaisy//src/per/qspi.h **** #include "daisy_core.h" // Added for dsy_gpio_pin typedef
   8:../../libDaisy//src/per/qspi.h **** 
   9:../../libDaisy//src/per/qspi.h **** #define DSY_QSPI_TEXT       \
  10:../../libDaisy//src/per/qspi.h ****     __attribute__((section( \
  11:../../libDaisy//src/per/qspi.h ****         ".qspiflash_text"))) /**< used for reading memory in memory_mapped mode. */
  12:../../libDaisy//src/per/qspi.h **** #define DSY_QSPI_DATA       \
  13:../../libDaisy//src/per/qspi.h ****     __attribute__((section( \
  14:../../libDaisy//src/per/qspi.h ****         ".qspiflash_data"))) /**< used for reading memory in memory_mapped mode. */
  15:../../libDaisy//src/per/qspi.h **** #define DSY_QSPI_BSS        \
  16:../../libDaisy//src/per/qspi.h ****     __attribute__((section( \
ARM GAS  /var/folders/5h/m58cqcc50w3bl35rb6m75qwc0000gn/T//ccMbPTFj.s 			page 91


  17:../../libDaisy//src/per/qspi.h ****         ".qspiflash_bss"))) /**< used for reading memory in memory_mapped mode. */
  18:../../libDaisy//src/per/qspi.h **** 
  19:../../libDaisy//src/per/qspi.h **** namespace daisy
  20:../../libDaisy//src/per/qspi.h **** {
  21:../../libDaisy//src/per/qspi.h **** /** @addtogroup serial
  22:../../libDaisy//src/per/qspi.h **** @{
  23:../../libDaisy//src/per/qspi.h **** */
  24:../../libDaisy//src/per/qspi.h **** 
  25:../../libDaisy//src/per/qspi.h **** /** 
  26:../../libDaisy//src/per/qspi.h ****  Driver for QSPI peripheral to interface with external flash memory. \n 
  27:../../libDaisy//src/per/qspi.h ****     Currently supported QSPI Devices: \n 
  28:../../libDaisy//src/per/qspi.h ****     * IS25LP080D
  29:../../libDaisy//src/per/qspi.h **** */
  30:../../libDaisy//src/per/qspi.h **** class QSPIHandle
  31:../../libDaisy//src/per/qspi.h **** {
  32:../../libDaisy//src/per/qspi.h ****   public:
  33:../../libDaisy//src/per/qspi.h ****     enum Result
  34:../../libDaisy//src/per/qspi.h ****     {
  35:../../libDaisy//src/per/qspi.h ****         OK = 0,
  36:../../libDaisy//src/per/qspi.h ****         ERR
  37:../../libDaisy//src/per/qspi.h ****     };
  38:../../libDaisy//src/per/qspi.h **** 
  39:../../libDaisy//src/per/qspi.h ****     /** Indicates the current status of the module. 
  40:../../libDaisy//src/per/qspi.h ****          *  Warnings are indicated by a leading W.
  41:../../libDaisy//src/per/qspi.h ****          *  Errors are indicated by a leading E and cause an immediate exit.
  42:../../libDaisy//src/per/qspi.h ****          * 
  43:../../libDaisy//src/per/qspi.h ****          *  \param GOOD - No errors have been reported.
  44:../../libDaisy//src/per/qspi.h ****          *  \param E_HAL_ERROR - HAL code did not return HAL_OK.
  45:../../libDaisy//src/per/qspi.h ****          *  \param E_SWITCHING_MODES - An error was encountered while switching QSPI peripheral mod
  46:../../libDaisy//src/per/qspi.h ****          *  \param E_INVALID_MODE - QSPI should not be written to while the program is executing fr
  47:../../libDaisy//src/per/qspi.h ****          */
  48:../../libDaisy//src/per/qspi.h ****     enum Status
  49:../../libDaisy//src/per/qspi.h ****     {
  50:../../libDaisy//src/per/qspi.h ****         GOOD = 0,
  51:../../libDaisy//src/per/qspi.h ****         E_HAL_ERROR,
  52:../../libDaisy//src/per/qspi.h ****         E_SWITCHING_MODES,
  53:../../libDaisy//src/per/qspi.h ****         E_INVALID_MODE,
  54:../../libDaisy//src/per/qspi.h ****     };
  55:../../libDaisy//src/per/qspi.h **** 
  56:../../libDaisy//src/per/qspi.h ****     /** Configuration structure for interfacing with QSPI Driver */
  57:../../libDaisy//src/per/qspi.h ****     struct Config
  58:../../libDaisy//src/per/qspi.h ****     {
  59:../../libDaisy//src/per/qspi.h ****         /** Flash Devices supported. (Both of these are more-or-less the same, just different sizes
  60:../../libDaisy//src/per/qspi.h ****         enum Device
  61:../../libDaisy//src/per/qspi.h ****         {
  62:../../libDaisy//src/per/qspi.h ****             IS25LP080D,  /**< & */
  63:../../libDaisy//src/per/qspi.h ****             IS25LP064A,  /**< & */
  64:../../libDaisy//src/per/qspi.h ****             DEVICE_LAST, /**< & */
  65:../../libDaisy//src/per/qspi.h ****         };
  66:../../libDaisy//src/per/qspi.h **** 
  67:../../libDaisy//src/per/qspi.h ****         /** 
  68:../../libDaisy//src/per/qspi.h ****         Modes of operation.
  69:../../libDaisy//src/per/qspi.h ****         Memory Mapped mode: QSPI configured so that the QSPI can be
  70:../../libDaisy//src/per/qspi.h ****         read from starting address 0x90000000. Writing is not
  71:../../libDaisy//src/per/qspi.h ****         possible in this mode. \n 
  72:../../libDaisy//src/per/qspi.h ****         Indirect Polling mode: Device driver enabled. 
  73:../../libDaisy//src/per/qspi.h ****         */
ARM GAS  /var/folders/5h/m58cqcc50w3bl35rb6m75qwc0000gn/T//ccMbPTFj.s 			page 92


  74:../../libDaisy//src/per/qspi.h ****         enum Mode
  75:../../libDaisy//src/per/qspi.h ****         {
  76:../../libDaisy//src/per/qspi.h ****             MEMORY_MAPPED,    /**< & */
  77:../../libDaisy//src/per/qspi.h ****             INDIRECT_POLLING, /**< & */
  78:../../libDaisy//src/per/qspi.h ****             MODE_LAST,
  79:../../libDaisy//src/per/qspi.h ****         };
  80:../../libDaisy//src/per/qspi.h **** 
  81:../../libDaisy//src/per/qspi.h ****         //SCK,  CE# (active low)
  82:../../libDaisy//src/per/qspi.h ****         struct
  83:../../libDaisy//src/per/qspi.h ****         {
  84:../../libDaisy//src/per/qspi.h ****             dsy_gpio_pin io0; /**< & */
  85:../../libDaisy//src/per/qspi.h ****             dsy_gpio_pin io1; /**< & */
  86:../../libDaisy//src/per/qspi.h ****             dsy_gpio_pin io2; /**< & */
  87:../../libDaisy//src/per/qspi.h ****             dsy_gpio_pin io3; /**< & */
  88:../../libDaisy//src/per/qspi.h ****             dsy_gpio_pin clk; /**< & */
  89:../../libDaisy//src/per/qspi.h ****             dsy_gpio_pin ncs; /**< & */
  90:../../libDaisy//src/per/qspi.h ****         } pin_config;
  91:../../libDaisy//src/per/qspi.h **** 
  92:../../libDaisy//src/per/qspi.h ****         Device device;
  93:../../libDaisy//src/per/qspi.h ****         Mode   mode;
  94:../../libDaisy//src/per/qspi.h ****     };
  95:../../libDaisy//src/per/qspi.h **** 
  96:../../libDaisy//src/per/qspi.h ****     /** 
  97:../../libDaisy//src/per/qspi.h ****         Initializes QSPI peripheral, and Resets, and prepares memory for access.
  98:../../libDaisy//src/per/qspi.h ****         \param config should be populated with the mode, device and pin_config before calling this 
  99:../../libDaisy//src/per/qspi.h ****         \return Result::OK or Result::ERR
 100:../../libDaisy//src/per/qspi.h ****         */
 101:../../libDaisy//src/per/qspi.h ****     Result Init(const Config& config);
 102:../../libDaisy//src/per/qspi.h **** 
 103:../../libDaisy//src/per/qspi.h ****     /** Returns the current config. */
 104:../../libDaisy//src/per/qspi.h ****     const Config& GetConfig() const;
 105:../../libDaisy//src/per/qspi.h **** 
 106:../../libDaisy//src/per/qspi.h ****     // Couldn't this just be called before anything else in init? That
 107:../../libDaisy//src/per/qspi.h ****     // would make manually calling it unnecessary.
 108:../../libDaisy//src/per/qspi.h ****     /** 
 109:../../libDaisy//src/per/qspi.h ****         Deinitializes the peripheral
 110:../../libDaisy//src/per/qspi.h ****         This should be called before reinitializing QSPI in a different mode.
 111:../../libDaisy//src/per/qspi.h ****         \return Result::OK or Result::ERR
 112:../../libDaisy//src/per/qspi.h ****         */
 113:../../libDaisy//src/per/qspi.h ****     Result DeInit();
 114:../../libDaisy//src/per/qspi.h **** 
 115:../../libDaisy//src/per/qspi.h ****     /** 
 116:../../libDaisy//src/per/qspi.h ****         Writes a single page to to the specified address on the QSPI chip.
 117:../../libDaisy//src/per/qspi.h ****         For IS25LP*, page size is 256 bytes.
 118:../../libDaisy//src/per/qspi.h ****         \param address Address to write to
 119:../../libDaisy//src/per/qspi.h ****         \param size Buffer size
 120:../../libDaisy//src/per/qspi.h ****         \param buffer Buffer to write
 121:../../libDaisy//src/per/qspi.h ****         \return Result::OK or Result::ERR
 122:../../libDaisy//src/per/qspi.h ****         */
 123:../../libDaisy//src/per/qspi.h ****     Result WritePage(uint32_t address, uint32_t size, uint8_t* buffer);
 124:../../libDaisy//src/per/qspi.h **** 
 125:../../libDaisy//src/per/qspi.h ****     /** 
 126:../../libDaisy//src/per/qspi.h ****         Writes data in buffer to to the QSPI. Starting at address to address+size 
 127:../../libDaisy//src/per/qspi.h ****         \param address Address to write to
 128:../../libDaisy//src/per/qspi.h ****         \param size Buffer size
 129:../../libDaisy//src/per/qspi.h ****         \param buffer Buffer to write
 130:../../libDaisy//src/per/qspi.h ****         \return Result::OK or Result::ERR
ARM GAS  /var/folders/5h/m58cqcc50w3bl35rb6m75qwc0000gn/T//ccMbPTFj.s 			page 93


 131:../../libDaisy//src/per/qspi.h ****         */
 132:../../libDaisy//src/per/qspi.h ****     Result Write(uint32_t address, uint32_t size, uint8_t* buffer);
 133:../../libDaisy//src/per/qspi.h **** 
 134:../../libDaisy//src/per/qspi.h ****     /** 
 135:../../libDaisy//src/per/qspi.h ****         Erases the area specified on the chip.
 136:../../libDaisy//src/per/qspi.h ****         Erasures will happen by 4K, 32K or 64K increments.
 137:../../libDaisy//src/per/qspi.h ****         Smallest erase possible is 4kB at a time. (on IS25LP*)
 138:../../libDaisy//src/per/qspi.h ****         \param start_addr Address to begin erasing from
 139:../../libDaisy//src/per/qspi.h ****         \param end_addr  Address to stop erasing at
 140:../../libDaisy//src/per/qspi.h ****         \return Result::OK or Result::ERR
 141:../../libDaisy//src/per/qspi.h ****         */
 142:../../libDaisy//src/per/qspi.h ****     Result Erase(uint32_t start_addr, uint32_t end_addr);
 143:../../libDaisy//src/per/qspi.h **** 
 144:../../libDaisy//src/per/qspi.h ****     /**  
 145:../../libDaisy//src/per/qspi.h ****          Erases a single sector of the chip.  
 146:../../libDaisy//src/per/qspi.h ****         TODO: Document the size of this function. 
 147:../../libDaisy//src/per/qspi.h ****         \param address Address of sector to erase
 148:../../libDaisy//src/per/qspi.h ****         \return Result::OK or Result::ERR
 149:../../libDaisy//src/per/qspi.h ****         */
 150:../../libDaisy//src/per/qspi.h ****     Result EraseSector(uint32_t address);
 151:../../libDaisy//src/per/qspi.h **** 
 152:../../libDaisy//src/per/qspi.h ****     /** Returns the current class status. Useful for debugging.
 153:../../libDaisy//src/per/qspi.h ****      *  \returns Status
 154:../../libDaisy//src/per/qspi.h ****      */
 155:../../libDaisy//src/per/qspi.h ****     Status GetStatus();
 156:../../libDaisy//src/per/qspi.h **** 
 157:../../libDaisy//src/per/qspi.h ****     /** Returns a pointer to the actual memory used 
 158:../../libDaisy//src/per/qspi.h ****      *  The memory at this address is read-only
 159:../../libDaisy//src/per/qspi.h ****      *  to write to it use the Write function.
 160:../../libDaisy//src/per/qspi.h ****      * 
 161:../../libDaisy//src/per/qspi.h ****      *  \param offset returns the pointer starting this 
 162:../../libDaisy//src/per/qspi.h ****      *                many bytes into the memory
 163:../../libDaisy//src/per/qspi.h ****     */
 164:../../libDaisy//src/per/qspi.h ****     void* GetData(uint32_t offset = 0);
 165:../../libDaisy//src/per/qspi.h **** 
 166:../../libDaisy//src/per/qspi.h ****     QSPIHandle() : pimpl_(nullptr) {}
 3245              		.loc 10 166 5 is_stmt 1 view .LVU884
 3246              		.loc 10 166 5 is_stmt 0 view .LVU885
 3247              	.LBE1079:
 3248              	.LBB1082:
 3249              	.LBI1082:
  95:../../libDaisy//src/hid/audio.h ****     ~AudioHandle() {}
 3250              		.loc 7 95 5 is_stmt 1 view .LVU886
  95:../../libDaisy//src/hid/audio.h ****     ~AudioHandle() {}
 3251              		.loc 7 95 5 is_stmt 0 view .LVU887
 3252              	.LBE1082:
 3253              	.LBB1085:
 3254              	.LBI1085:
 109:../../libDaisy//src/per/adc.h ****     ~AdcHandle() {}
 3255              		.loc 6 109 5 is_stmt 1 view .LVU888
 109:../../libDaisy//src/per/adc.h ****     ~AdcHandle() {}
 3256              		.loc 6 109 5 is_stmt 0 view .LVU889
 3257              	.LBE1085:
 3258              	.LBB1086:
 3259              	.LBI1086:
  40:../../libDaisy//src/hid/usb.h **** 
 3260              		.loc 5 40 5 is_stmt 1 view .LVU890
ARM GAS  /var/folders/5h/m58cqcc50w3bl35rb6m75qwc0000gn/T//ccMbPTFj.s 			page 94


  40:../../libDaisy//src/hid/usb.h **** 
 3261              		.loc 5 40 5 is_stmt 0 view .LVU891
 3262              	.LBE1086:
 3263              	.LBB1087:
 3264              	.LBI1087:
  28:../../libDaisy//src/dev/codec_pcm3060.h ****     ~Pcm3060() {}
 3265              		.loc 4 28 5 is_stmt 1 view .LVU892
 3266              	.LBB1088:
 3267              	.LBB1089:
 3268              	.LBI1089:
 3269              		.file 11 "../../libDaisy//src/per/i2c.h"
   1:../../libDaisy//src/per/i2c.h **** #pragma once
   2:../../libDaisy//src/per/i2c.h **** #include "daisy_core.h"
   3:../../libDaisy//src/per/i2c.h **** 
   4:../../libDaisy//src/per/i2c.h **** namespace daisy
   5:../../libDaisy//src/per/i2c.h **** {
   6:../../libDaisy//src/per/i2c.h **** /** A handle for interacting with an I2C peripheral. This is a dumb
   7:../../libDaisy//src/per/i2c.h ****  *  gateway that internally points to one of the four I2C peripherals
   8:../../libDaisy//src/per/i2c.h ****  *  after it was initialised. It can then be copied and passed around.
   9:../../libDaisy//src/per/i2c.h ****  *  Use an I2CHandle like this:
  10:../../libDaisy//src/per/i2c.h ****  *  
  11:../../libDaisy//src/per/i2c.h ****  *      // setup the configuration
  12:../../libDaisy//src/per/i2c.h ****  *      I2CHandle::Config i2c_conf;
  13:../../libDaisy//src/per/i2c.h ****  *      i2c_conf.periph = I2CHandle::Config::Peripheral::I2C_1;
  14:../../libDaisy//src/per/i2c.h ****  *      i2c_conf.speed  = I2CHandle::Config::Speed::I2C_400KHZ;
  15:../../libDaisy//src/per/i2c.h ****  *      i2c_conf.mode   = I2CHandle::Config::Mode::Master;
  16:../../libDaisy//src/per/i2c.h ****  *      i2c_conf.pin_config.scl  = {DSY_GPIOB, 8};
  17:../../libDaisy//src/per/i2c.h ****  *      i2c_conf.pin_config.sda  = {DSY_GPIOB, 9};
  18:../../libDaisy//src/per/i2c.h ****  *      // initialise the peripheral
  19:../../libDaisy//src/per/i2c.h ****  *      I2CHandle i2c;
  20:../../libDaisy//src/per/i2c.h ****  *      i2c.Init(i2c_conf);
  21:../../libDaisy//src/per/i2c.h ****  *      // now i2c points to the corresponding peripheral and can be used.
  22:../../libDaisy//src/per/i2c.h ****  *      i2c.TransmitBlocking( ... );
  23:../../libDaisy//src/per/i2c.h ****  */
  24:../../libDaisy//src/per/i2c.h **** class I2CHandle
  25:../../libDaisy//src/per/i2c.h **** {
  26:../../libDaisy//src/per/i2c.h ****   public:
  27:../../libDaisy//src/per/i2c.h ****     /** Contains settings for initialising an I2C interface. */
  28:../../libDaisy//src/per/i2c.h ****     struct Config
  29:../../libDaisy//src/per/i2c.h ****     {
  30:../../libDaisy//src/per/i2c.h ****         /** Specifies whether the interface will operate in master or slave mode. */
  31:../../libDaisy//src/per/i2c.h ****         enum class Mode
  32:../../libDaisy//src/per/i2c.h ****         {
  33:../../libDaisy//src/per/i2c.h ****             I2C_MASTER,
  34:../../libDaisy//src/per/i2c.h ****             I2C_SLAVE,
  35:../../libDaisy//src/per/i2c.h ****         };
  36:../../libDaisy//src/per/i2c.h **** 
  37:../../libDaisy//src/per/i2c.h ****         /** Specifices the internal peripheral to use (these are mapped to different pins on the ha
  38:../../libDaisy//src/per/i2c.h ****         enum class Peripheral
  39:../../libDaisy//src/per/i2c.h ****         {
  40:../../libDaisy//src/per/i2c.h ****             I2C_1 = 0, /**< & */
  41:../../libDaisy//src/per/i2c.h ****             I2C_2,     /**< & */
  42:../../libDaisy//src/per/i2c.h ****             I2C_3,     /**< & */
  43:../../libDaisy//src/per/i2c.h ****             I2C_4,     /**< & */
  44:../../libDaisy//src/per/i2c.h ****         };
  45:../../libDaisy//src/per/i2c.h **** 
  46:../../libDaisy//src/per/i2c.h ****         /** Rate at which the clock/data will be sent/received. The device being used will have max
ARM GAS  /var/folders/5h/m58cqcc50w3bl35rb6m75qwc0000gn/T//ccMbPTFj.s 			page 95


  47:../../libDaisy//src/per/i2c.h ****          *  1MHZ Mode is currently 886kHz
  48:../../libDaisy//src/per/i2c.h ****          */
  49:../../libDaisy//src/per/i2c.h ****         enum class Speed
  50:../../libDaisy//src/per/i2c.h ****         {
  51:../../libDaisy//src/per/i2c.h ****             I2C_100KHZ, /**< & */
  52:../../libDaisy//src/per/i2c.h ****             I2C_400KHZ, /**< & */
  53:../../libDaisy//src/per/i2c.h ****             I2C_1MHZ,   /**< & */
  54:../../libDaisy//src/per/i2c.h ****         };
  55:../../libDaisy//src/per/i2c.h **** 
  56:../../libDaisy//src/per/i2c.h ****         Peripheral periph; /**< & */
  57:../../libDaisy//src/per/i2c.h ****         struct
  58:../../libDaisy//src/per/i2c.h ****         {
  59:../../libDaisy//src/per/i2c.h ****             dsy_gpio_pin scl; /**< & */
  60:../../libDaisy//src/per/i2c.h ****             dsy_gpio_pin sda; /**< & */
  61:../../libDaisy//src/per/i2c.h ****         } pin_config;         /**< & */
  62:../../libDaisy//src/per/i2c.h **** 
  63:../../libDaisy//src/per/i2c.h ****         Speed speed; /**< & */
  64:../../libDaisy//src/per/i2c.h ****         Mode  mode;  /**< & */
  65:../../libDaisy//src/per/i2c.h ****         // 0x10 is chosen as a default to avoid conflicts with reserved addresses
  66:../../libDaisy//src/per/i2c.h ****         uint8_t address = 0x10; /**< & */
  67:../../libDaisy//src/per/i2c.h ****     };
  68:../../libDaisy//src/per/i2c.h **** 
  69:../../libDaisy//src/per/i2c.h ****     /** Return values for I2C functions. */
  70:../../libDaisy//src/per/i2c.h ****     enum class Result
  71:../../libDaisy//src/per/i2c.h ****     {
  72:../../libDaisy//src/per/i2c.h ****         OK, /**< & */
  73:../../libDaisy//src/per/i2c.h ****         ERR /**< & */
  74:../../libDaisy//src/per/i2c.h ****     };
  75:../../libDaisy//src/per/i2c.h **** 
  76:../../libDaisy//src/per/i2c.h ****     enum class Direction
  77:../../libDaisy//src/per/i2c.h ****     {
  78:../../libDaisy//src/per/i2c.h ****         TRANSMIT, /**< & */
  79:../../libDaisy//src/per/i2c.h ****         RECEIVE,  /**< & */
  80:../../libDaisy//src/per/i2c.h ****     };
  81:../../libDaisy//src/per/i2c.h **** 
  82:../../libDaisy//src/per/i2c.h ****     I2CHandle() : pimpl_(nullptr) {}
 3270              		.loc 11 82 5 view .LVU893
 3271              		.loc 11 82 5 is_stmt 0 view .LVU894
 3272              	.LBE1089:
 3273              	.LBE1088:
 3274              	.LBE1087:
 3275              	.LBB1094:
 3276              	.LBI1094:
 3277              		.file 12 "../../libDaisy//src/per/dac.h"
   1:../../libDaisy//src/per/dac.h **** #pragma once
   2:../../libDaisy//src/per/dac.h **** #ifndef DSY_DAC_H
   3:../../libDaisy//src/per/dac.h **** #define DSY_DAC_H
   4:../../libDaisy//src/per/dac.h **** 
   5:../../libDaisy//src/per/dac.h **** #include "daisy_core.h"
   6:../../libDaisy//src/per/dac.h **** 
   7:../../libDaisy//src/per/dac.h **** namespace daisy
   8:../../libDaisy//src/per/dac.h **** {
   9:../../libDaisy//src/per/dac.h **** /** @brief DAC handle for Built-in DAC Peripheral 
  10:../../libDaisy//src/per/dac.h ****  *  @ingroup per_analog
  11:../../libDaisy//src/per/dac.h ****  ** 
  12:../../libDaisy//src/per/dac.h ****  ** For now only Normal Mode is supported,
  13:../../libDaisy//src/per/dac.h ****  ** Sample and hold mode provides reduced power consumption, but requires a bit more setup.
ARM GAS  /var/folders/5h/m58cqcc50w3bl35rb6m75qwc0000gn/T//ccMbPTFj.s 			page 96


  14:../../libDaisy//src/per/dac.h ****  **
  15:../../libDaisy//src/per/dac.h ****  ** For now connecting the DAC through other internal peripherals is also not supported.
  16:../../libDaisy//src/per/dac.h ****  **
  17:../../libDaisy//src/per/dac.h ****  ** Since the DAC channels have dedicated pins we don't need to pass in a pin config like with
  18:../../libDaisy//src/per/dac.h ****  ** other modules. However, it is still important to not try to use the DAC pins for anything else.
  19:../../libDaisy//src/per/dac.h ****  ** DAC Channel 1 is on PA4, and DAC Channel 2 is on PA5
  20:../../libDaisy//src/per/dac.h ****  ***/
  21:../../libDaisy//src/per/dac.h **** class DacHandle
  22:../../libDaisy//src/per/dac.h **** {
  23:../../libDaisy//src/per/dac.h ****   public:
  24:../../libDaisy//src/per/dac.h ****     /** Return Values for the DacHandle class */
  25:../../libDaisy//src/per/dac.h ****     enum class Result
  26:../../libDaisy//src/per/dac.h ****     {
  27:../../libDaisy//src/per/dac.h ****         OK,
  28:../../libDaisy//src/per/dac.h ****         ERR,
  29:../../libDaisy//src/per/dac.h ****     };
  30:../../libDaisy//src/per/dac.h **** 
  31:../../libDaisy//src/per/dac.h ****     /** Selects which channel(s) will be configured for use. */
  32:../../libDaisy//src/per/dac.h ****     enum class Channel
  33:../../libDaisy//src/per/dac.h ****     {
  34:../../libDaisy//src/per/dac.h ****         ONE,
  35:../../libDaisy//src/per/dac.h ****         TWO,
  36:../../libDaisy//src/per/dac.h ****         BOTH,
  37:../../libDaisy//src/per/dac.h ****     };
  38:../../libDaisy//src/per/dac.h **** 
  39:../../libDaisy//src/per/dac.h ****     /** Sets the Mode for the DAC channels.
  40:../../libDaisy//src/per/dac.h ****      **
  41:../../libDaisy//src/per/dac.h ****      ** Polling mode uses the blocking mode to transmit a single value at a time.
  42:../../libDaisy//src/per/dac.h ****      **
  43:../../libDaisy//src/per/dac.h ****      ** DMA mode uses a buffer, and periodically transmits it triggering a 
  44:../../libDaisy//src/per/dac.h ****      ** callback to fill the buffer when it is ready for more samples.
  45:../../libDaisy//src/per/dac.h ****      ***/
  46:../../libDaisy//src/per/dac.h ****     enum class Mode
  47:../../libDaisy//src/per/dac.h ****     {
  48:../../libDaisy//src/per/dac.h ****         POLLING,
  49:../../libDaisy//src/per/dac.h ****         DMA,
  50:../../libDaisy//src/per/dac.h ****     };
  51:../../libDaisy//src/per/dac.h **** 
  52:../../libDaisy//src/per/dac.h ****     /** Sets the number of bits per sample transmitted out of the DAC.
  53:../../libDaisy//src/per/dac.h ****      ** The output range will be: 0V - VDDA
  54:../../libDaisy//src/per/dac.h ****      ** The resolution will be roughly: bitdepth / (VDDA - 0V) 
  55:../../libDaisy//src/per/dac.h ****      ***/
  56:../../libDaisy//src/per/dac.h ****     enum class BitDepth
  57:../../libDaisy//src/per/dac.h ****     {
  58:../../libDaisy//src/per/dac.h ****         BITS_8,
  59:../../libDaisy//src/per/dac.h ****         BITS_12
  60:../../libDaisy//src/per/dac.h ****     };
  61:../../libDaisy//src/per/dac.h **** 
  62:../../libDaisy//src/per/dac.h ****     /** Sets whether the DAC output is buffered for higher drive ability. */
  63:../../libDaisy//src/per/dac.h ****     enum class BufferState
  64:../../libDaisy//src/per/dac.h ****     {
  65:../../libDaisy//src/per/dac.h ****         ENABLED,
  66:../../libDaisy//src/per/dac.h ****         DISABLED,
  67:../../libDaisy//src/per/dac.h ****     };
  68:../../libDaisy//src/per/dac.h **** 
  69:../../libDaisy//src/per/dac.h ****     /** Configuration structure for initializing the DAC structure. */
  70:../../libDaisy//src/per/dac.h ****     struct Config
ARM GAS  /var/folders/5h/m58cqcc50w3bl35rb6m75qwc0000gn/T//ccMbPTFj.s 			page 97


  71:../../libDaisy//src/per/dac.h ****     {
  72:../../libDaisy//src/per/dac.h ****         /** Target Samplerate in Hz used to configure the internal 
  73:../../libDaisy//src/per/dac.h ****          ** timebase for DMA mode. Does nothing in POLLING mode.
  74:../../libDaisy//src/per/dac.h ****          ** If the value is 0 at Init time this will default to 48000Hz 
  75:../../libDaisy//src/per/dac.h ****          ** otherwise the driver will attempt meet the target.*/
  76:../../libDaisy//src/per/dac.h ****         uint32_t target_samplerate;
  77:../../libDaisy//src/per/dac.h **** 
  78:../../libDaisy//src/per/dac.h ****         Channel     chn;
  79:../../libDaisy//src/per/dac.h ****         Mode        mode;
  80:../../libDaisy//src/per/dac.h ****         BitDepth    bitdepth;
  81:../../libDaisy//src/per/dac.h ****         BufferState buff_state;
  82:../../libDaisy//src/per/dac.h ****     };
  83:../../libDaisy//src/per/dac.h **** 
  84:../../libDaisy//src/per/dac.h ****     DacHandle() : pimpl_(nullptr) {}
 3278              		.loc 12 84 5 is_stmt 1 view .LVU895
 3279              		.loc 12 84 5 is_stmt 0 view .LVU896
 3280              	.LBE1094:
 3281              	.LBE1077:
 3282              	.LBE1076:
 3283              	.LBE1075:
 3284              	.LBE1074:
  64:../../libDaisy//src/daisy_patch_sm.h ****         ~DaisyPatchSM() {}
 3285              		.loc 2 64 24 is_stmt 1 view .LVU897
 3286              	.LBB1156:
 3287              	.LBB1153:
 3288              	.LBB1148:
 3289              	.LBB1145:
 3290              	.LBB1097:
 3291              	.LBI1097:
  18:../../libDaisy//src/hid/gatein.h **** 
 3292              		.loc 3 18 5 view .LVU898
 3293              	.LBB1098:
 3294              	.LBB1099:
 3295              	.LBI1099:
 3296              		.file 13 "../../libDaisy//src/per/gpio.h"
   1:../../libDaisy//src/per/gpio.h **** #pragma once
   2:../../libDaisy//src/per/gpio.h **** #ifndef DSY_GPIO_H
   3:../../libDaisy//src/per/gpio.h **** #define DSY_GPIO_H
   4:../../libDaisy//src/per/gpio.h **** #include "daisy_core.h"
   5:../../libDaisy//src/per/gpio.h **** 
   6:../../libDaisy//src/per/gpio.h **** #ifdef __cplusplus
   7:../../libDaisy//src/per/gpio.h **** 
   8:../../libDaisy//src/per/gpio.h **** namespace daisy
   9:../../libDaisy//src/per/gpio.h **** {
  10:../../libDaisy//src/per/gpio.h **** /** @brief General Purpose I/O control 
  11:../../libDaisy//src/per/gpio.h ****  *  @details peripheral control over a single GPIO
  12:../../libDaisy//src/per/gpio.h ****  *  @ingroup peripheral
  13:../../libDaisy//src/per/gpio.h ****  *   
  14:../../libDaisy//src/per/gpio.h ****  *  Button Input (with internal Pullup resistor)
  15:../../libDaisy//src/per/gpio.h ****  *  @include GPIO_Input.cpp 
  16:../../libDaisy//src/per/gpio.h ****  * 
  17:../../libDaisy//src/per/gpio.h ****  *  Output Example (perfect for blinking an LED)
  18:../../libDaisy//src/per/gpio.h ****  *  @include GPIO_Output.cpp
  19:../../libDaisy//src/per/gpio.h ****  * 
  20:../../libDaisy//src/per/gpio.h **** */
  21:../../libDaisy//src/per/gpio.h **** class GPIO
  22:../../libDaisy//src/per/gpio.h **** {
ARM GAS  /var/folders/5h/m58cqcc50w3bl35rb6m75qwc0000gn/T//ccMbPTFj.s 			page 98


  23:../../libDaisy//src/per/gpio.h ****   public:
  24:../../libDaisy//src/per/gpio.h ****     /** @brief Mode of operation for the specified GPIO */
  25:../../libDaisy//src/per/gpio.h ****     enum class Mode
  26:../../libDaisy//src/per/gpio.h ****     {
  27:../../libDaisy//src/per/gpio.h ****         INPUT,     /**< Input for reading state of pin */
  28:../../libDaisy//src/per/gpio.h ****         OUTPUT,    /**< Output w/ push-pull configuration */
  29:../../libDaisy//src/per/gpio.h ****         OUTPUT_OD, /**< Output w/ open-drain configuration */
  30:../../libDaisy//src/per/gpio.h ****         ANALOG,    /**< Analog for connection to ADC or DAC peripheral */
  31:../../libDaisy//src/per/gpio.h ****     };
  32:../../libDaisy//src/per/gpio.h **** 
  33:../../libDaisy//src/per/gpio.h ****     /** @brief Configures whether an internal Pull up or Pull down resistor is used. 
  34:../../libDaisy//src/per/gpio.h ****      *  
  35:../../libDaisy//src/per/gpio.h ****      * Internal Pull up/down resistors are typically 40k ohms, and will be between
  36:../../libDaisy//src/per/gpio.h ****      * 30k and 50k
  37:../../libDaisy//src/per/gpio.h ****      * 
  38:../../libDaisy//src/per/gpio.h ****      * When the Pin is configured in Analog mode, the pull up/down resistors are
  39:../../libDaisy//src/per/gpio.h ****      * disabled by hardware. 
  40:../../libDaisy//src/per/gpio.h ****      */
  41:../../libDaisy//src/per/gpio.h ****     enum class Pull
  42:../../libDaisy//src/per/gpio.h ****     {
  43:../../libDaisy//src/per/gpio.h ****         NOPULL,   /**< No pull up resistor */
  44:../../libDaisy//src/per/gpio.h ****         PULLUP,   /**< Internal pull up enabled */
  45:../../libDaisy//src/per/gpio.h ****         PULLDOWN, /**< Internal pull down enabled*/
  46:../../libDaisy//src/per/gpio.h ****     };
  47:../../libDaisy//src/per/gpio.h **** 
  48:../../libDaisy//src/per/gpio.h ****     /** @brief Output speed controls the drive strength, and slew rate of the pin */
  49:../../libDaisy//src/per/gpio.h ****     enum class Speed
  50:../../libDaisy//src/per/gpio.h ****     {
  51:../../libDaisy//src/per/gpio.h ****         LOW,
  52:../../libDaisy//src/per/gpio.h ****         MEDIUM,
  53:../../libDaisy//src/per/gpio.h ****         HIGH,
  54:../../libDaisy//src/per/gpio.h ****         VERY_HIGH,
  55:../../libDaisy//src/per/gpio.h ****     };
  56:../../libDaisy//src/per/gpio.h **** 
  57:../../libDaisy//src/per/gpio.h ****     /** @brief Configuration for a given GPIO */
  58:../../libDaisy//src/per/gpio.h ****     struct Config
  59:../../libDaisy//src/per/gpio.h ****     {
  60:../../libDaisy//src/per/gpio.h ****         Pin   pin;
  61:../../libDaisy//src/per/gpio.h ****         Mode  mode;
  62:../../libDaisy//src/per/gpio.h ****         Pull  pull;
  63:../../libDaisy//src/per/gpio.h ****         Speed speed;
  64:../../libDaisy//src/per/gpio.h **** 
  65:../../libDaisy//src/per/gpio.h ****         /** Constructor with no arguments will prepare an invalid GPIO set as
  66:../../libDaisy//src/per/gpio.h ****          *  an input, with no pullup. 
  67:../../libDaisy//src/per/gpio.h ****          */
  68:../../libDaisy//src/per/gpio.h ****         Config()
  69:../../libDaisy//src/per/gpio.h ****         : pin(), mode(Mode::INPUT), pull(Pull::NOPULL), speed(Speed::LOW)
  70:../../libDaisy//src/per/gpio.h ****         {
  71:../../libDaisy//src/per/gpio.h ****         }
  72:../../libDaisy//src/per/gpio.h ****     };
  73:../../libDaisy//src/per/gpio.h **** 
  74:../../libDaisy//src/per/gpio.h ****     GPIO() {}
 3297              		.loc 13 74 5 view .LVU899
 3298              	.LBB1100:
 3299              	.LBB1101:
 3300              	.LBI1101:
  68:../../libDaisy//src/per/gpio.h ****         : pin(), mode(Mode::INPUT), pull(Pull::NOPULL), speed(Speed::LOW)
ARM GAS  /var/folders/5h/m58cqcc50w3bl35rb6m75qwc0000gn/T//ccMbPTFj.s 			page 99


 3301              		.loc 13 68 9 view .LVU900
 3302              	.LBB1102:
 3303              	.LBB1103:
 3304              	.LBB1104:
 3305              	.LBI1104:
 3306              		.file 14 "../../libDaisy//src/daisy_core.h"
   1:../../libDaisy//src/daisy_core.h **** #pragma once
   2:../../libDaisy//src/daisy_core.h **** #ifndef DSY_CORE_HW_H
   3:../../libDaisy//src/daisy_core.h **** #define DSY_CORE_HW_H /**< & */
   4:../../libDaisy//src/daisy_core.h **** #include <stdint.h>
   5:../../libDaisy//src/daisy_core.h **** #include <stdlib.h>
   6:../../libDaisy//src/daisy_core.h **** 
   7:../../libDaisy//src/daisy_core.h **** #if defined(_MSC_VER)
   8:../../libDaisy//src/daisy_core.h **** #define FORCE_INLINE __forceinline /**< & */
   9:../../libDaisy//src/daisy_core.h **** #elif defined(__clang__)
  10:../../libDaisy//src/daisy_core.h **** #define FORCE_INLINE inline __attribute__((always_inline)) /**< & */
  11:../../libDaisy//src/daisy_core.h **** #pragma clang diagnostic ignored "-Wduplicate-decl-specifier"
  12:../../libDaisy//src/daisy_core.h **** #elif defined(__GNUC__)
  13:../../libDaisy//src/daisy_core.h **** #define FORCE_INLINE inline __attribute__((always_inline)) /**< & */
  14:../../libDaisy//src/daisy_core.h **** #else
  15:../../libDaisy//src/daisy_core.h **** #error unknown compiler
  16:../../libDaisy//src/daisy_core.h **** #endif
  17:../../libDaisy//src/daisy_core.h **** 
  18:../../libDaisy//src/daisy_core.h **** /** @addtogroup utility
  19:../../libDaisy//src/daisy_core.h ****     @{
  20:../../libDaisy//src/daisy_core.h **** */
  21:../../libDaisy//src/daisy_core.h **** 
  22:../../libDaisy//src/daisy_core.h **** /** Macro for area of memory that is configured as cacheless
  23:../../libDaisy//src/daisy_core.h **** This should be used primarily for DMA buffers, and the like.
  24:../../libDaisy//src/daisy_core.h **** */
  25:../../libDaisy//src/daisy_core.h **** #define DMA_BUFFER_MEM_SECTION __attribute__((section(".sram1_bss")))
  26:../../libDaisy//src/daisy_core.h **** /** 
  27:../../libDaisy//src/daisy_core.h **** THE DTCM RAM section is also non-cached. However, is not suitable 
  28:../../libDaisy//src/daisy_core.h **** for DMA transfers. Performance is on par with internal SRAM w/ 
  29:../../libDaisy//src/daisy_core.h **** cache enabled.
  30:../../libDaisy//src/daisy_core.h **** */
  31:../../libDaisy//src/daisy_core.h **** #define DTCM_MEM_SECTION __attribute__((section(".dtcmram_bss")))
  32:../../libDaisy//src/daisy_core.h **** 
  33:../../libDaisy//src/daisy_core.h **** #define FBIPMAX 0.999985f             /**< close to 1.0f-LSB at 16 bit */
  34:../../libDaisy//src/daisy_core.h **** #define FBIPMIN (-FBIPMAX)            /**< - (1 - LSB) */
  35:../../libDaisy//src/daisy_core.h **** #define U82F_SCALE 0.0078740f         /**< 1 / 127 */
  36:../../libDaisy//src/daisy_core.h **** #define F2U8_SCALE 127.0f             /**< 128 - 1 */
  37:../../libDaisy//src/daisy_core.h **** #define S82F_SCALE 0.0078125f         /**< 1 / (2**7) */
  38:../../libDaisy//src/daisy_core.h **** #define F2S8_SCALE 127.0f             /**< (2 ** 7) - 1 */
  39:../../libDaisy//src/daisy_core.h **** #define S162F_SCALE 3.0517578125e-05f /**< 1 / (2** 15) */
  40:../../libDaisy//src/daisy_core.h **** #define F2S16_SCALE 32767.0f          /**< (2 ** 15) - 1 */
  41:../../libDaisy//src/daisy_core.h **** #define F2S24_SCALE 8388608.0f        /**< 2 ** 23 */
  42:../../libDaisy//src/daisy_core.h **** #define S242F_SCALE 1.192092896e-07f  /**< 1 / (2 ** 23) */
  43:../../libDaisy//src/daisy_core.h **** #define S24SIGN 0x800000              /**< 2 ** 23 */
  44:../../libDaisy//src/daisy_core.h **** #define S322F_SCALE 4.6566129e-10f    /**< 1 / (2** 31) */
  45:../../libDaisy//src/daisy_core.h **** #define F2S32_SCALE 2147483647.f      /**< (2 ** 31) - 1 */
  46:../../libDaisy//src/daisy_core.h **** 
  47:../../libDaisy//src/daisy_core.h **** 
  48:../../libDaisy//src/daisy_core.h **** /** shorthand macro for simplifying the reading of the left 
  49:../../libDaisy//src/daisy_core.h ****  *  channel of a non-interleaved output buffer named out */
  50:../../libDaisy//src/daisy_core.h **** #define OUT_L out[0]
  51:../../libDaisy//src/daisy_core.h **** 
ARM GAS  /var/folders/5h/m58cqcc50w3bl35rb6m75qwc0000gn/T//ccMbPTFj.s 			page 100


  52:../../libDaisy//src/daisy_core.h **** /** shorthand macro for simplifying the reading of the right 
  53:../../libDaisy//src/daisy_core.h ****  *  channel of a non-interleaved output buffer named out */
  54:../../libDaisy//src/daisy_core.h **** #define OUT_R out[1]
  55:../../libDaisy//src/daisy_core.h **** 
  56:../../libDaisy//src/daisy_core.h **** /** shorthand macro for simplifying the reading of the left 
  57:../../libDaisy//src/daisy_core.h ****  *  channel of a non-interleaved input buffer named in */
  58:../../libDaisy//src/daisy_core.h **** #define IN_L in[0]
  59:../../libDaisy//src/daisy_core.h **** 
  60:../../libDaisy//src/daisy_core.h **** /** shorthand macro for simplifying the reading of the right 
  61:../../libDaisy//src/daisy_core.h ****  *  channel of a non-interleaved input buffer named in */
  62:../../libDaisy//src/daisy_core.h **** #define IN_R in[1]
  63:../../libDaisy//src/daisy_core.h **** 
  64:../../libDaisy//src/daisy_core.h **** /** 
  65:../../libDaisy//src/daisy_core.h ****     Computes cube.
  66:../../libDaisy//src/daisy_core.h ****     \param x Number to be cubed
  67:../../libDaisy//src/daisy_core.h ****     \return x ^ 3
  68:../../libDaisy//src/daisy_core.h **** */
  69:../../libDaisy//src/daisy_core.h **** FORCE_INLINE float cube(float x)
  70:../../libDaisy//src/daisy_core.h **** {
  71:../../libDaisy//src/daisy_core.h ****     return (x * x) * x;
  72:../../libDaisy//src/daisy_core.h **** }
  73:../../libDaisy//src/daisy_core.h **** 
  74:../../libDaisy//src/daisy_core.h **** /** 
  75:../../libDaisy//src/daisy_core.h ****     Converts unsigned 8-bit to float
  76:../../libDaisy//src/daisy_core.h ****     \param x Number to be scaled.
  77:../../libDaisy//src/daisy_core.h ****     \return Scaled number.
  78:../../libDaisy//src/daisy_core.h **** */
  79:../../libDaisy//src/daisy_core.h **** FORCE_INLINE float u82f(uint8_t x)
  80:../../libDaisy//src/daisy_core.h **** {
  81:../../libDaisy//src/daisy_core.h ****     return ((float)x - 127.f) * U82F_SCALE;
  82:../../libDaisy//src/daisy_core.h **** }
  83:../../libDaisy//src/daisy_core.h **** 
  84:../../libDaisy//src/daisy_core.h **** /**
  85:../../libDaisy//src/daisy_core.h ****     Converts float to unsigned 8-bit
  86:../../libDaisy//src/daisy_core.h **** */
  87:../../libDaisy//src/daisy_core.h **** FORCE_INLINE uint8_t f2u8(float x)
  88:../../libDaisy//src/daisy_core.h **** {
  89:../../libDaisy//src/daisy_core.h ****     x = x <= FBIPMIN ? FBIPMIN : x;
  90:../../libDaisy//src/daisy_core.h ****     x = x >= FBIPMAX ? FBIPMAX : x;
  91:../../libDaisy//src/daisy_core.h ****     return (uint8_t)((x * F2U8_SCALE) + F2U8_SCALE);
  92:../../libDaisy//src/daisy_core.h **** }
  93:../../libDaisy//src/daisy_core.h **** 
  94:../../libDaisy//src/daisy_core.h **** 
  95:../../libDaisy//src/daisy_core.h **** /** 
  96:../../libDaisy//src/daisy_core.h ****     Converts Signed 8-bit to float
  97:../../libDaisy//src/daisy_core.h ****     \param x Number to be scaled.
  98:../../libDaisy//src/daisy_core.h ****     \return Scaled number.
  99:../../libDaisy//src/daisy_core.h **** */
 100:../../libDaisy//src/daisy_core.h **** FORCE_INLINE float s82f(int8_t x)
 101:../../libDaisy//src/daisy_core.h **** {
 102:../../libDaisy//src/daisy_core.h ****     return (float)x * S82F_SCALE;
 103:../../libDaisy//src/daisy_core.h **** }
 104:../../libDaisy//src/daisy_core.h **** 
 105:../../libDaisy//src/daisy_core.h **** /**
 106:../../libDaisy//src/daisy_core.h ****     Converts float to Signed 8-bit
 107:../../libDaisy//src/daisy_core.h **** */
 108:../../libDaisy//src/daisy_core.h **** FORCE_INLINE int8_t f2s8(float x)
ARM GAS  /var/folders/5h/m58cqcc50w3bl35rb6m75qwc0000gn/T//ccMbPTFj.s 			page 101


 109:../../libDaisy//src/daisy_core.h **** {
 110:../../libDaisy//src/daisy_core.h ****     x = x <= FBIPMIN ? FBIPMIN : x;
 111:../../libDaisy//src/daisy_core.h ****     x = x >= FBIPMAX ? FBIPMAX : x;
 112:../../libDaisy//src/daisy_core.h ****     return (int32_t)(x * F2S8_SCALE);
 113:../../libDaisy//src/daisy_core.h **** }
 114:../../libDaisy//src/daisy_core.h **** 
 115:../../libDaisy//src/daisy_core.h **** /** 
 116:../../libDaisy//src/daisy_core.h ****     Converts Signed 16-bit to float
 117:../../libDaisy//src/daisy_core.h ****     \param x Number to be scaled.
 118:../../libDaisy//src/daisy_core.h ****     \return Scaled number.
 119:../../libDaisy//src/daisy_core.h **** */
 120:../../libDaisy//src/daisy_core.h **** FORCE_INLINE float s162f(int16_t x)
 121:../../libDaisy//src/daisy_core.h **** {
 122:../../libDaisy//src/daisy_core.h ****     return (float)x * S162F_SCALE;
 123:../../libDaisy//src/daisy_core.h **** }
 124:../../libDaisy//src/daisy_core.h **** 
 125:../../libDaisy//src/daisy_core.h **** /**
 126:../../libDaisy//src/daisy_core.h ****     Converts float to Signed 16-bit
 127:../../libDaisy//src/daisy_core.h **** */
 128:../../libDaisy//src/daisy_core.h **** FORCE_INLINE int16_t f2s16(float x)
 129:../../libDaisy//src/daisy_core.h **** {
 130:../../libDaisy//src/daisy_core.h ****     x = x <= FBIPMIN ? FBIPMIN : x;
 131:../../libDaisy//src/daisy_core.h ****     x = x >= FBIPMAX ? FBIPMAX : x;
 132:../../libDaisy//src/daisy_core.h ****     return (int32_t)(x * F2S16_SCALE);
 133:../../libDaisy//src/daisy_core.h **** }
 134:../../libDaisy//src/daisy_core.h **** 
 135:../../libDaisy//src/daisy_core.h **** /**
 136:../../libDaisy//src/daisy_core.h ****     Converts Signed 24-bit to float
 137:../../libDaisy//src/daisy_core.h ****  */
 138:../../libDaisy//src/daisy_core.h **** FORCE_INLINE float s242f(int32_t x)
 139:../../libDaisy//src/daisy_core.h **** {
 140:../../libDaisy//src/daisy_core.h ****     x = (x ^ S24SIGN) - S24SIGN; //sign extend aka ((x<<8)>>8)
 141:../../libDaisy//src/daisy_core.h ****     return (float)x * S242F_SCALE;
 142:../../libDaisy//src/daisy_core.h **** }
 143:../../libDaisy//src/daisy_core.h **** /**
 144:../../libDaisy//src/daisy_core.h ****     Converts float to Signed 24-bit
 145:../../libDaisy//src/daisy_core.h ****  */
 146:../../libDaisy//src/daisy_core.h **** FORCE_INLINE int32_t f2s24(float x)
 147:../../libDaisy//src/daisy_core.h **** {
 148:../../libDaisy//src/daisy_core.h ****     x = x <= FBIPMIN ? FBIPMIN : x;
 149:../../libDaisy//src/daisy_core.h ****     x = x >= FBIPMAX ? FBIPMAX : x;
 150:../../libDaisy//src/daisy_core.h ****     return (int32_t)(x * F2S24_SCALE);
 151:../../libDaisy//src/daisy_core.h **** }
 152:../../libDaisy//src/daisy_core.h **** 
 153:../../libDaisy//src/daisy_core.h **** /**
 154:../../libDaisy//src/daisy_core.h ****     Converts Signed 32-bit to float
 155:../../libDaisy//src/daisy_core.h ****  */
 156:../../libDaisy//src/daisy_core.h **** FORCE_INLINE float s322f(int32_t x)
 157:../../libDaisy//src/daisy_core.h **** {
 158:../../libDaisy//src/daisy_core.h ****     return (float)x * S322F_SCALE;
 159:../../libDaisy//src/daisy_core.h **** }
 160:../../libDaisy//src/daisy_core.h **** /**
 161:../../libDaisy//src/daisy_core.h ****     Converts float to Signed 24-bit
 162:../../libDaisy//src/daisy_core.h ****  */
 163:../../libDaisy//src/daisy_core.h **** FORCE_INLINE int32_t f2s32(float x)
 164:../../libDaisy//src/daisy_core.h **** {
 165:../../libDaisy//src/daisy_core.h ****     x = x <= FBIPMIN ? FBIPMIN : x;
ARM GAS  /var/folders/5h/m58cqcc50w3bl35rb6m75qwc0000gn/T//ccMbPTFj.s 			page 102


 166:../../libDaisy//src/daisy_core.h ****     x = x >= FBIPMAX ? FBIPMAX : x;
 167:../../libDaisy//src/daisy_core.h ****     return (int32_t)(x * F2S32_SCALE);
 168:../../libDaisy//src/daisy_core.h **** }
 169:../../libDaisy//src/daisy_core.h **** 
 170:../../libDaisy//src/daisy_core.h **** 
 171:../../libDaisy//src/daisy_core.h **** /** Enums and a simple struct for defining a hardware pin on the MCU
 172:../../libDaisy//src/daisy_core.h ****  *  These correlate with the stm32 datasheet, and are used to configure
 173:../../libDaisy//src/daisy_core.h ****  *  the hardware.
 174:../../libDaisy//src/daisy_core.h ****  * 
 175:../../libDaisy//src/daisy_core.h ****  *  This along with the dsy_gpio_pin class should no longer be used.
 176:../../libDaisy//src/daisy_core.h ****  *  They are available for backwards compatability. 
 177:../../libDaisy//src/daisy_core.h ****  * 
 178:../../libDaisy//src/daisy_core.h ****  *  Please use GPIOPort enum and the Pin struct instead.
 179:../../libDaisy//src/daisy_core.h ****  */
 180:../../libDaisy//src/daisy_core.h **** typedef enum
 181:../../libDaisy//src/daisy_core.h **** {
 182:../../libDaisy//src/daisy_core.h ****     DSY_GPIOA, /**< & */
 183:../../libDaisy//src/daisy_core.h ****     DSY_GPIOB, /**< & */
 184:../../libDaisy//src/daisy_core.h ****     DSY_GPIOC, /**< & */
 185:../../libDaisy//src/daisy_core.h ****     DSY_GPIOD, /**< & */
 186:../../libDaisy//src/daisy_core.h ****     DSY_GPIOE, /**< & */
 187:../../libDaisy//src/daisy_core.h ****     DSY_GPIOF, /**< & */
 188:../../libDaisy//src/daisy_core.h ****     DSY_GPIOG, /**< & */
 189:../../libDaisy//src/daisy_core.h ****     DSY_GPIOH, /**< & */
 190:../../libDaisy//src/daisy_core.h ****     DSY_GPIOI, /**< & */
 191:../../libDaisy//src/daisy_core.h ****     DSY_GPIOJ, /**< & */
 192:../../libDaisy//src/daisy_core.h ****     DSY_GPIOK, /**< & */
 193:../../libDaisy//src/daisy_core.h ****     DSY_GPIOX, /** This is a non-existant port for unsupported bits of hardware. */
 194:../../libDaisy//src/daisy_core.h ****     DSY_GPIO_LAST, /** Final enum member */
 195:../../libDaisy//src/daisy_core.h **** } dsy_gpio_port;
 196:../../libDaisy//src/daisy_core.h **** 
 197:../../libDaisy//src/daisy_core.h **** /** Hardware define pins 
 198:../../libDaisy//src/daisy_core.h ****  *  
 199:../../libDaisy//src/daisy_core.h ****  *  The dsy_gpio_pin struct should no longer be used, and is only available for
 200:../../libDaisy//src/daisy_core.h ****  *  backwards compatability.
 201:../../libDaisy//src/daisy_core.h ****  * 
 202:../../libDaisy//src/daisy_core.h ****  *  Please use Pin struct instead.
 203:../../libDaisy//src/daisy_core.h ****  */
 204:../../libDaisy//src/daisy_core.h **** typedef struct
 205:../../libDaisy//src/daisy_core.h **** {
 206:../../libDaisy//src/daisy_core.h ****     dsy_gpio_port port; /**< & */
 207:../../libDaisy//src/daisy_core.h ****     uint8_t       pin;  /**< number 0-15 */
 208:../../libDaisy//src/daisy_core.h **** } dsy_gpio_pin;
 209:../../libDaisy//src/daisy_core.h **** 
 210:../../libDaisy//src/daisy_core.h **** /** Helper for creating pins from port/pin combos easily
 211:../../libDaisy//src/daisy_core.h ****  * 
 212:../../libDaisy//src/daisy_core.h ****  *  The dsy_gpio_pin struct should no longer be used, and is only available for
 213:../../libDaisy//src/daisy_core.h ****  *  backwards compatability.
 214:../../libDaisy//src/daisy_core.h ****  * 
 215:../../libDaisy//src/daisy_core.h ****  *  Please use Pin struct instead.
 216:../../libDaisy//src/daisy_core.h **** */
 217:../../libDaisy//src/daisy_core.h **** FORCE_INLINE dsy_gpio_pin dsy_pin(dsy_gpio_port port, uint8_t pin)
 218:../../libDaisy//src/daisy_core.h **** {
 219:../../libDaisy//src/daisy_core.h ****     dsy_gpio_pin p;
 220:../../libDaisy//src/daisy_core.h ****     p.port = port;
 221:../../libDaisy//src/daisy_core.h ****     p.pin  = pin;
 222:../../libDaisy//src/daisy_core.h ****     return p;
ARM GAS  /var/folders/5h/m58cqcc50w3bl35rb6m75qwc0000gn/T//ccMbPTFj.s 			page 103


 223:../../libDaisy//src/daisy_core.h **** }
 224:../../libDaisy//src/daisy_core.h **** 
 225:../../libDaisy//src/daisy_core.h **** /** Helper for testing sameness of two dsy_gpio_pins
 226:../../libDaisy//src/daisy_core.h ****  *  \return    1 if same, 0 if different
 227:../../libDaisy//src/daisy_core.h ****  * 
 228:../../libDaisy//src/daisy_core.h ****  *  The dsy_gpio_pin struct should no longer be used, and is only available for
 229:../../libDaisy//src/daisy_core.h ****  *  backwards compatability.
 230:../../libDaisy//src/daisy_core.h ****  * 
 231:../../libDaisy//src/daisy_core.h ****  *  Please use Pin struct instead.
 232:../../libDaisy//src/daisy_core.h ****  */
 233:../../libDaisy//src/daisy_core.h **** FORCE_INLINE uint8_t dsy_pin_cmp(dsy_gpio_pin *a, dsy_gpio_pin *b)
 234:../../libDaisy//src/daisy_core.h **** {
 235:../../libDaisy//src/daisy_core.h ****     return ((a->port == b->port) && (a->pin == b->pin));
 236:../../libDaisy//src/daisy_core.h **** }
 237:../../libDaisy//src/daisy_core.h **** 
 238:../../libDaisy//src/daisy_core.h **** #ifdef __cplusplus
 239:../../libDaisy//src/daisy_core.h **** 
 240:../../libDaisy//src/daisy_core.h **** namespace daisy
 241:../../libDaisy//src/daisy_core.h **** {
 242:../../libDaisy//src/daisy_core.h **** /** @brief GPIO Port names */
 243:../../libDaisy//src/daisy_core.h **** enum GPIOPort
 244:../../libDaisy//src/daisy_core.h **** {
 245:../../libDaisy//src/daisy_core.h ****     PORTA, /**< Port A */
 246:../../libDaisy//src/daisy_core.h ****     PORTB, /**< Port B */
 247:../../libDaisy//src/daisy_core.h ****     PORTC, /**< Port C */
 248:../../libDaisy//src/daisy_core.h ****     PORTD, /**< Port D */
 249:../../libDaisy//src/daisy_core.h ****     PORTE, /**< Port E */
 250:../../libDaisy//src/daisy_core.h ****     PORTF, /**< Port F */
 251:../../libDaisy//src/daisy_core.h ****     PORTG, /**< Port G */
 252:../../libDaisy//src/daisy_core.h ****     PORTH, /**< Port H */
 253:../../libDaisy//src/daisy_core.h ****     PORTI, /**< Port I */
 254:../../libDaisy//src/daisy_core.h ****     PORTJ, /**< Port J */
 255:../../libDaisy//src/daisy_core.h ****     PORTK, /**< Port K */
 256:../../libDaisy//src/daisy_core.h ****     PORTX, /**< Used as a dummy port to signal an invalid pin. */
 257:../../libDaisy//src/daisy_core.h **** };
 258:../../libDaisy//src/daisy_core.h **** 
 259:../../libDaisy//src/daisy_core.h **** /** @brief representation of hardware port/pin combination */
 260:../../libDaisy//src/daisy_core.h **** struct Pin
 261:../../libDaisy//src/daisy_core.h **** {
 262:../../libDaisy//src/daisy_core.h ****     GPIOPort port;
 263:../../libDaisy//src/daisy_core.h ****     uint8_t  pin;
 264:../../libDaisy//src/daisy_core.h **** 
 265:../../libDaisy//src/daisy_core.h ****     /** @brief Constructor creates a valid pin. 
 266:../../libDaisy//src/daisy_core.h ****      *  @param pt GPIOPort between PA, and PK corresponding to STM32 Port.
 267:../../libDaisy//src/daisy_core.h ****      *  @param pn pin number in range of 0-15
 268:../../libDaisy//src/daisy_core.h ****     */
 269:../../libDaisy//src/daisy_core.h ****     constexpr Pin(const GPIOPort pt, const uint8_t pn) : port(pt), pin(pn) {}
 270:../../libDaisy//src/daisy_core.h **** 
 271:../../libDaisy//src/daisy_core.h ****     /** @brief Basic Constructor creates an invalid Pin object */
 272:../../libDaisy//src/daisy_core.h ****     constexpr Pin() : port(PORTX), pin(255) {}
 3307              		.loc 14 272 15 view .LVU901
 3308              		.loc 14 272 15 is_stmt 0 view .LVU902
 3309              	.LBE1104:
 3310              	.LBE1103:
 3311              	.LBE1102:
 3312              	.LBE1101:
 3313              	.LBE1100:
ARM GAS  /var/folders/5h/m58cqcc50w3bl35rb6m75qwc0000gn/T//ccMbPTFj.s 			page 104


 3314              	.LBE1099:
 3315              	.LBE1098:
 3316              	.LBE1097:
 3317              	.LBB1117:
 3318              	.LBI1117:
  18:../../libDaisy//src/hid/gatein.h **** 
 3319              		.loc 3 18 5 is_stmt 1 view .LVU903
 3320              	.LBB1118:
 3321              	.LBB1119:
 3322              	.LBI1119:
 3323              		.loc 13 74 5 view .LVU904
 3324              	.LBB1120:
 3325              	.LBB1121:
 3326              	.LBI1121:
  68:../../libDaisy//src/per/gpio.h ****         : pin(), mode(Mode::INPUT), pull(Pull::NOPULL), speed(Speed::LOW)
 3327              		.loc 13 68 9 view .LVU905
 3328              	.LBB1122:
 3329              	.LBB1123:
 3330              	.LBB1124:
 3331              	.LBI1124:
 3332              		.loc 14 272 15 view .LVU906
 3333              		.loc 14 272 15 is_stmt 0 view .LVU907
 3334              	.LBE1124:
 3335              	.LBE1123:
 3336              	.LBE1122:
 3337              	.LBE1121:
 3338              	.LBE1120:
 3339              	.LBE1119:
 3340              	.LBE1118:
 3341              	.LBE1117:
 3342              	.LBE1145:
 3343              	.LBE1148:
 3344              	.LBE1153:
 3345              	.LBE1156:
 3346              		.loc 9 564 1 view .LVU908
 3347 0000 08B5     		push	{r3, lr}
 3348              		.cfi_def_cfa_offset 8
 3349              		.cfi_offset 3, -8
 3350              		.cfi_offset 14, -4
 3351              	.LBB1157:
 3352              	.LBB1154:
 3353              	.LBB1149:
 3354              	.LBB1146:
 3355              	.LBB1137:
 3356              	.LBB1080:
 3357              	.LBB1081:
 3358              		.loc 10 166 34 view .LVU909
 3359 0002 1048     		ldr	r0, .L91
 3360 0004 0023     		movs	r3, #0
 3361              	.LBE1081:
 3362              	.LBE1080:
 3363              	.LBE1137:
  64:../../libDaisy//src/daisy_patch_sm.h ****         ~DaisyPatchSM() {}
 3364              		.loc 2 64 24 view .LVU910
 3365 0006 4FF60B71 		movw	r1, #65291
 3366              	.LBE1146:
 3367              	.LBE1149:
ARM GAS  /var/folders/5h/m58cqcc50w3bl35rb6m75qwc0000gn/T//ccMbPTFj.s 			page 105


  11:JE-909.cpp    **** DaisyPatchSM hw;
 3368              		.loc 9 11 14 view .LVU911
 3369 000a 0F4A     		ldr	r2, .L91+4
 3370              	.LBB1150:
 3371              	.LBB1147:
 3372              	.LBB1138:
 3373              	.LBB1093:
 3374              	.LBB1092:
 3375              	.LBB1090:
 3376              	.LBB1091:
 3377              		.loc 11 82 33 view .LVU912
 3378 000c 0362     		str	r3, [r0, #32]
 3379              	.LBE1091:
 3380              	.LBE1090:
 3381              	.LBE1092:
 3382              	.LBE1093:
 3383              	.LBE1138:
 3384              	.LBB1139:
 3385              	.LBB1095:
 3386              	.LBB1096:
 3387              		.loc 12 84 33 view .LVU913
 3388 000e 8362     		str	r3, [r0, #40]
 3389              	.LBE1096:
 3390              	.LBE1095:
 3391              	.LBE1139:
 3392              	.LBB1140:
 3393              	.LBB1115:
 3394              	.LBB1113:
 3395              	.LBB1111:
 3396              	.LBB1109:
 3397              	.LBB1107:
 3398              	.LBB1105:
  69:../../libDaisy//src/per/gpio.h ****         {
 3399              		.loc 13 69 73 view .LVU914
 3400 0010 C0E96C13 		strd	r1, r3, [r0, #432]
 3401              	.LBE1105:
 3402              	.LBE1107:
 3403              	.LBE1109:
 3404              	.LBE1111:
 3405              	.LBE1113:
 3406              	.LBE1115:
 3407              	.LBE1140:
 3408              	.LBB1141:
 3409              	.LBB1135:
 3410              	.LBB1133:
 3411              	.LBB1131:
 3412              	.LBB1129:
 3413              	.LBB1127:
 3414              	.LBB1125:
 3415 0014 C0E97213 		strd	r1, r3, [r0, #456]
 3416              	.LBE1125:
 3417              	.LBE1127:
 3418              	.LBE1129:
 3419              	.LBE1131:
 3420              	.LBE1133:
 3421              	.LBE1135:
 3422              	.LBE1141:
ARM GAS  /var/folders/5h/m58cqcc50w3bl35rb6m75qwc0000gn/T//ccMbPTFj.s 			page 106


 3423              	.LBB1142:
 3424              	.LBB1083:
 3425              	.LBB1084:
  95:../../libDaisy//src/hid/audio.h ****     ~AudioHandle() {}
 3426              		.loc 7 95 35 view .LVU915
 3427 0018 C0E90333 		strd	r3, r3, [r0, #12]
 3428              	.LBE1084:
 3429              	.LBE1083:
 3430              	.LBE1142:
 3431              	.LBB1143:
 3432              	.LBB1116:
 3433              	.LBB1114:
 3434              	.LBB1112:
 3435              	.LBB1110:
 3436              	.LBB1108:
 3437              	.LBB1106:
  69:../../libDaisy//src/per/gpio.h ****         {
 3438              		.loc 13 69 73 view .LVU916
 3439 001c C0E96E33 		strd	r3, r3, [r0, #440]
 3440              	.LBE1106:
 3441              	.LBE1108:
 3442              	.LBE1110:
 3443              	.LBE1112:
 3444              	.LBE1114:
 3445              	.LBE1116:
 3446              	.LBE1143:
 3447              	.LBB1144:
 3448              	.LBB1136:
 3449              	.LBB1134:
 3450              	.LBB1132:
 3451              	.LBB1130:
 3452              	.LBB1128:
 3453              	.LBB1126:
 3454 0020 C0E97433 		strd	r3, r3, [r0, #464]
 3455              	.LVL177:
  69:../../libDaisy//src/per/gpio.h ****         {
 3456              		.loc 13 69 73 view .LVU917
 3457              	.LBE1126:
 3458              	.LBE1128:
 3459              	.LBE1130:
 3460              	.LBE1132:
 3461              	.LBE1134:
 3462              	.LBE1136:
 3463              	.LBE1144:
 3464              	.LBE1147:
 3465              	.LBE1150:
  11:JE-909.cpp    **** DaisyPatchSM hw;
 3466              		.loc 9 11 14 view .LVU918
 3467 0024 0949     		ldr	r1, .L91+8
 3468 0026 FFF7FEFF 		bl	__aeabi_atexit
 3469              	.LVL178:
 3470              	.LBB1151:
 3471              	.LBI1151:
  41:../../libDaisy//src/hid/switch.h ****     ~Switch() {}
 3472              		.loc 1 41 5 is_stmt 1 view .LVU919
  41:../../libDaisy//src/hid/switch.h ****     ~Switch() {}
 3473              		.loc 1 41 5 is_stmt 0 view .LVU920
ARM GAS  /var/folders/5h/m58cqcc50w3bl35rb6m75qwc0000gn/T//ccMbPTFj.s 			page 107


 3474              	.LBE1151:
  12:JE-909.cpp    **** Switch button; // B7 Kick mute
 3475              		.loc 9 12 8 view .LVU921
 3476 002a 0949     		ldr	r1, .L91+12
 3477 002c 064A     		ldr	r2, .L91+4
 3478 002e 0948     		ldr	r0, .L91+16
 3479 0030 FFF7FEFF 		bl	__aeabi_atexit
 3480              	.LVL179:
 3481              	.LBB1152:
 3482              	.LBI1152:
  41:../../libDaisy//src/hid/switch.h ****     ~Switch() {}
 3483              		.loc 1 41 5 is_stmt 1 view .LVU922
  41:../../libDaisy//src/hid/switch.h ****     ~Switch() {}
 3484              		.loc 1 41 5 is_stmt 0 view .LVU923
 3485              	.LBE1152:
  13:JE-909.cpp    **** Switch toggle; // B8 Sidechain on/off
 3486              		.loc 9 13 8 view .LVU924
 3487 0034 044A     		ldr	r2, .L91+4
 3488 0036 0649     		ldr	r1, .L91+12
 3489 0038 0748     		ldr	r0, .L91+20
 3490              	.LBE1154:
 3491              	.LBE1157:
 3492              		.loc 9 564 1 view .LVU925
 3493 003a BDE80840 		pop	{r3, lr}
 3494              		.cfi_restore 14
 3495              		.cfi_restore 3
 3496              		.cfi_def_cfa_offset 0
 3497              	.LBB1158:
 3498              	.LBB1155:
  13:JE-909.cpp    **** Switch toggle; // B8 Sidechain on/off
 3499              		.loc 9 13 8 view .LVU926
 3500 003e FFF7FEBF 		b	__aeabi_atexit
 3501              	.LVL180:
 3502              	.L92:
 3503 0042 00BF     		.align	2
 3504              	.L91:
 3505 0044 00000000 		.word	.LANCHOR0
 3506 0048 00000000 		.word	__dso_handle
 3507 004c 00000000 		.word	_ZN5daisy8patch_sm12DaisyPatchSMD1Ev
 3508 0050 00000000 		.word	_ZN5daisy6SwitchD1Ev
 3509 0054 00000000 		.word	.LANCHOR1
 3510 0058 00000000 		.word	.LANCHOR2
 3511              	.LBE1155:
 3512              	.LBE1158:
 3513              		.cfi_endproc
 3514              	.LFE5290:
 3516              		.section	.init_array,"aw",%init_array
 3517              		.align	2
 3518 0000 00000000 		.word	_GLOBAL__sub_I_hw(target1)
 3519              		.global	trig_was_high
 3520              		.global	kick_muted
 3521              		.global	duck_coeff
 3522              		.global	duck_env
 3523              		.global	kick
 3524              		.global	toggle
 3525              		.global	button
 3526              		.global	hw
ARM GAS  /var/folders/5h/m58cqcc50w3bl35rb6m75qwc0000gn/T//ccMbPTFj.s 			page 108


 3527              		.section	.bss.button,"aw",%nobits
 3528              		.align	2
 3529              		.set	.LANCHOR1,. + 0
 3532              	button:
 3533 0000 00000000 		.space	16
 3533      00000000 
 3533      00000000 
 3533      00000000 
 3534              		.section	.bss.duck_env,"aw",%nobits
 3535              		.align	2
 3536              		.set	.LANCHOR6,. + 0
 3539              	duck_env:
 3540 0000 00000000 		.space	4
 3541              		.section	.bss.hw,"aw",%nobits
 3542              		.align	2
 3543              		.set	.LANCHOR0,. + 0
 3546              	hw:
 3547 0000 00000000 		.space	496
 3547      00000000 
 3547      00000000 
 3547      00000000 
 3547      00000000 
 3548              		.section	.bss.kick_muted,"aw",%nobits
 3549              		.set	.LANCHOR4,. + 0
 3552              	kick_muted:
 3553 0000 00       		.space	1
 3554              		.section	.bss.toggle,"aw",%nobits
 3555              		.align	2
 3556              		.set	.LANCHOR2,. + 0
 3559              	toggle:
 3560 0000 00000000 		.space	16
 3560      00000000 
 3560      00000000 
 3560      00000000 
 3561              		.section	.bss.trig_was_high,"aw",%nobits
 3562              		.set	.LANCHOR5,. + 0
 3565              	trig_was_high:
 3566 0000 00       		.space	1
 3567              		.section	.data.duck_coeff,"aw"
 3568              		.align	2
 3569              		.set	.LANCHOR7,. + 0
 3572              	duck_coeff:
 3573 0000 77BE7F3F 		.word	1065336439
 3574              		.section	.data.kick,"aw"
 3575              		.align	2
 3576              		.set	.LANCHOR3,. + 0
 3579              	kick:
 3580 0000 00803B47 		.word	1195081728
 3581 0004 00000000 		.word	0
 3582 0008 00004842 		.word	1112014848
 3583 000c 00000000 		.word	0
 3584 0010 CDCC4C3F 		.word	1061997773
 3585 0014 00803B47 		.word	1195081728
 3586 0018 00000000 		.word	0
 3587 001c 77BE7F3F 		.word	1065336439
 3588 0020 00803B47 		.word	1195081728
 3589 0024 00000000 		.word	0
ARM GAS  /var/folders/5h/m58cqcc50w3bl35rb6m75qwc0000gn/T//ccMbPTFj.s 			page 109


 3590 0028 77BE7F3F 		.word	1065336439
 3591 002c 00803B47 		.word	1195081728
 3592 0030 00000000 		.word	0
 3593 0034 77BE7F3F 		.word	1065336439
 3594 0038 00803B47 		.word	1195081728
 3595 003c 00000000 		.word	0
 3596 0040 77BE7F3F 		.word	1065336439
 3597 0044 00803B47 		.word	1195081728
 3598 0048 00000000 		.word	0
 3599 004c CDCCCC3D 		.word	1036831949
 3600 0050 00803B47 		.word	1195081728
 3601 0054 00000000 		.word	0
 3602 0058 CDCCCC3D 		.word	1036831949
 3603 005c 00803B47 		.word	1195081728
 3604 0060 00000000 		.word	0
 3605 0064 00000000 		.word	0
 3606 0068 00000000 		.word	0
 3607 006c 00000000 		.word	0
 3608 0070 00000000 		.word	0
 3609 0074 00000000 		.word	0
 3610 0078 00000000 		.word	0
 3611 007c 00000000 		.word	0
 3612 0080 00000000 		.word	0
 3613 0084 00803B47 		.word	1195081728
 3614 0088 00000000 		.word	0
 3615 008c CDCCCC3D 		.word	1036831949
 3616 0090 00000000 		.word	0
 3617 0094 00000000 		.word	0
 3618 0098 52B87E3F 		.word	1065269330
 3619 009c 01000000 		.word	1
 3620              		.text
 3621              	.Letext0:
 3622              		.file 15 "/Library/DaisyToolchain/0.2.0/arm/arm-none-eabi/include/machine/_default_types.h"
 3623              		.file 16 "/Library/DaisyToolchain/0.2.0/arm/arm-none-eabi/include/sys/_stdint.h"
 3624              		.file 17 "/Library/DaisyToolchain/0.2.0/arm/arm-none-eabi/include/stdint.h"
 3625              		.file 18 "/Library/DaisyToolchain/0.2.0/arm/lib/gcc/arm-none-eabi/10.3.1/include/stddef.h"
 3626              		.file 19 "/Library/DaisyToolchain/0.2.0/arm/arm-none-eabi/include/c++/10.3.1/cmath"
 3627              		.file 20 "/Library/DaisyToolchain/0.2.0/arm/arm-none-eabi/include/c++/10.3.1/bits/std_abs.h"
 3628              		.file 21 "/Library/DaisyToolchain/0.2.0/arm/arm-none-eabi/include/c++/10.3.1/cstdlib"
 3629              		.file 22 "/Library/DaisyToolchain/0.2.0/arm/arm-none-eabi/include/c++/10.3.1/cstdint"
 3630              		.file 23 "/Library/DaisyToolchain/0.2.0/arm/arm-none-eabi/include/c++/10.3.1/type_traits"
 3631              		.file 24 "/Library/DaisyToolchain/0.2.0/arm/arm-none-eabi/include/c++/10.3.1/debug/debug.h"
 3632              		.file 25 "/Library/DaisyToolchain/0.2.0/arm/arm-none-eabi/include/c++/10.3.1/arm-none-eabi/thumb/v
 3633              		.file 26 "/Library/DaisyToolchain/0.2.0/arm/arm-none-eabi/include/c++/10.3.1/bits/algorithmfwd.h"
 3634              		.file 27 "/Library/DaisyToolchain/0.2.0/arm/arm-none-eabi/include/c++/10.3.1/bits/stl_pair.h"
 3635              		.file 28 "/Library/DaisyToolchain/0.2.0/arm/arm-none-eabi/include/c++/10.3.1/bits/exception_ptr.h"
 3636              		.file 29 "/Library/DaisyToolchain/0.2.0/arm/arm-none-eabi/include/c++/10.3.1/cstdarg"
 3637              		.file 30 "/Library/DaisyToolchain/0.2.0/arm/arm-none-eabi/include/c++/10.3.1/cstdio"
 3638              		.file 31 "/Library/DaisyToolchain/0.2.0/arm/arm-none-eabi/include/c++/10.3.1/cstring"
 3639              		.file 32 "/Library/DaisyToolchain/0.2.0/arm/arm-none-eabi/include/c++/10.3.1/cwchar"
 3640              		.file 33 "/Library/DaisyToolchain/0.2.0/arm/arm-none-eabi/include/c++/10.3.1/clocale"
 3641              		.file 34 "/Library/DaisyToolchain/0.2.0/arm/arm-none-eabi/include/c++/10.3.1/bits/basic_string.h"
 3642              		.file 35 "/Library/DaisyToolchain/0.2.0/arm/arm-none-eabi/include/c++/10.3.1/bits/stl_iterator.h"
 3643              		.file 36 "/Library/DaisyToolchain/0.2.0/arm/arm-none-eabi/include/c++/10.3.1/bits/predefined_ops.h
 3644              		.file 37 "/Library/DaisyToolchain/0.2.0/arm/arm-none-eabi/include/sys/_types.h"
 3645              		.file 38 "/Library/DaisyToolchain/0.2.0/arm/arm-none-eabi/include/sys/reent.h"
 3646              		.file 39 "/Library/DaisyToolchain/0.2.0/arm/arm-none-eabi/include/sys/lock.h"
ARM GAS  /var/folders/5h/m58cqcc50w3bl35rb6m75qwc0000gn/T//ccMbPTFj.s 			page 110


 3647              		.file 40 "/Library/DaisyToolchain/0.2.0/arm/arm-none-eabi/include/math.h"
 3648              		.file 41 "/Library/DaisyToolchain/0.2.0/arm/arm-none-eabi/include/stdlib.h"
 3649              		.file 42 "/Library/DaisyToolchain/0.2.0/arm/arm-none-eabi/include/c++/10.3.1/math.h"
 3650              		.file 43 "/Library/DaisyToolchain/0.2.0/arm/arm-none-eabi/include/c++/10.3.1/stdlib.h"
 3651              		.file 44 "../../libDaisy//src/per/tim.h"
 3652              		.file 45 "../../libDaisy//src/per/sai.h"
 3653              		.file 46 "../../libDaisy//src/hid/ctrl.h"
 3654              		.file 47 "../../libDaisy//src/util/wav_format.h"
 3655              		.file 48 "../../libDaisy//src/dev/max11300.h"
 3656              		.file 49 "../../libDaisy//src/dev/sdram.h"
 3657              		.file 50 "/Library/DaisyToolchain/0.2.0/arm/lib/gcc/arm-none-eabi/10.3.1/include/stdarg.h"
 3658              		.file 51 "/Library/DaisyToolchain/0.2.0/arm/arm-none-eabi/include/stdio.h"
 3659              		.file 52 "/Library/DaisyToolchain/0.2.0/arm/arm-none-eabi/include/string.h"
 3660              		.file 53 "../../DaisySP//Source/Control/adenv.h"
 3661              		.file 54 "../../DaisySP//Source/Utility/dsp.h"
 3662              		.file 55 "/Library/DaisyToolchain/0.2.0/arm/arm-none-eabi/include/wchar.h"
 3663              		.file 56 "/Library/DaisyToolchain/0.2.0/arm/arm-none-eabi/include/locale.h"
 3664              		.file 57 "../../libDaisy//src/dev/sr_595.h"
 3665              		.file 58 "<built-in>"
ARM GAS  /var/folders/5h/m58cqcc50w3bl35rb6m75qwc0000gn/T//ccMbPTFj.s 			page 111


DEFINED SYMBOLS
                            *ABS*:0000000000000000 JE-909.cpp
/var/folders/5h/m58cqcc50w3bl35rb6m75qwc0000gn/T//ccMbPTFj.s:19     .text._ZN5daisy6SwitchD2Ev:0000000000000000 $t
/var/folders/5h/m58cqcc50w3bl35rb6m75qwc0000gn/T//ccMbPTFj.s:26     .text._ZN5daisy6SwitchD2Ev:0000000000000000 _ZN5daisy6SwitchD2Ev
/var/folders/5h/m58cqcc50w3bl35rb6m75qwc0000gn/T//ccMbPTFj.s:26     .text._ZN5daisy6SwitchD2Ev:0000000000000000 _ZN5daisy6SwitchD1Ev
/var/folders/5h/m58cqcc50w3bl35rb6m75qwc0000gn/T//ccMbPTFj.s:43     .text._ZN5daisy8patch_sm12DaisyPatchSMD2Ev:0000000000000000 $t
/var/folders/5h/m58cqcc50w3bl35rb6m75qwc0000gn/T//ccMbPTFj.s:50     .text._ZN5daisy8patch_sm12DaisyPatchSMD2Ev:0000000000000000 _ZN5daisy8patch_sm12DaisyPatchSMD2Ev
/var/folders/5h/m58cqcc50w3bl35rb6m75qwc0000gn/T//ccMbPTFj.s:50     .text._ZN5daisy8patch_sm12DaisyPatchSMD2Ev:0000000000000000 _ZN5daisy8patch_sm12DaisyPatchSMD1Ev
/var/folders/5h/m58cqcc50w3bl35rb6m75qwc0000gn/T//ccMbPTFj.s:108    .text._ZN7Kick9097ProcessEv:0000000000000000 $t
/var/folders/5h/m58cqcc50w3bl35rb6m75qwc0000gn/T//ccMbPTFj.s:115    .text._ZN7Kick9097ProcessEv:0000000000000000 _ZN7Kick9097ProcessEv
/var/folders/5h/m58cqcc50w3bl35rb6m75qwc0000gn/T//ccMbPTFj.s:969    .text._ZN7Kick9097ProcessEv:00000000000002c8 $d
/var/folders/5h/m58cqcc50w3bl35rb6m75qwc0000gn/T//ccMbPTFj.s:990    .text._Z13AudioCallbackPKPKfPPfj:0000000000000000 $t
/var/folders/5h/m58cqcc50w3bl35rb6m75qwc0000gn/T//ccMbPTFj.s:997    .text._Z13AudioCallbackPKPKfPPfj:0000000000000000 _Z13AudioCallbackPKPKfPPfj
/var/folders/5h/m58cqcc50w3bl35rb6m75qwc0000gn/T//ccMbPTFj.s:1917   .text._Z13AudioCallbackPKPKfPPfj:00000000000002b4 $d
/var/folders/5h/m58cqcc50w3bl35rb6m75qwc0000gn/T//ccMbPTFj.s:1942   .text._Z11TriggerDuckv:0000000000000000 $t
/var/folders/5h/m58cqcc50w3bl35rb6m75qwc0000gn/T//ccMbPTFj.s:1949   .text._Z11TriggerDuckv:0000000000000000 _Z11TriggerDuckv
/var/folders/5h/m58cqcc50w3bl35rb6m75qwc0000gn/T//ccMbPTFj.s:1966   .text._Z11TriggerDuckv:000000000000000c $d
/var/folders/5h/m58cqcc50w3bl35rb6m75qwc0000gn/T//ccMbPTFj.s:1971   .text._Z11ProcessDuckv:0000000000000000 $t
/var/folders/5h/m58cqcc50w3bl35rb6m75qwc0000gn/T//ccMbPTFj.s:1978   .text._Z11ProcessDuckv:0000000000000000 _Z11ProcessDuckv
/var/folders/5h/m58cqcc50w3bl35rb6m75qwc0000gn/T//ccMbPTFj.s:2018   .text._Z11ProcessDuckv:000000000000002c $d
/var/folders/5h/m58cqcc50w3bl35rb6m75qwc0000gn/T//ccMbPTFj.s:2025   .text.startup.main:0000000000000000 $t
/var/folders/5h/m58cqcc50w3bl35rb6m75qwc0000gn/T//ccMbPTFj.s:2032   .text.startup.main:0000000000000000 main
/var/folders/5h/m58cqcc50w3bl35rb6m75qwc0000gn/T//ccMbPTFj.s:3194   .text.startup.main:0000000000000250 $d
/var/folders/5h/m58cqcc50w3bl35rb6m75qwc0000gn/T//ccMbPTFj.s:3216   .text.startup._GLOBAL__sub_I_hw:0000000000000000 $t
/var/folders/5h/m58cqcc50w3bl35rb6m75qwc0000gn/T//ccMbPTFj.s:3222   .text.startup._GLOBAL__sub_I_hw:0000000000000000 _GLOBAL__sub_I_hw
/var/folders/5h/m58cqcc50w3bl35rb6m75qwc0000gn/T//ccMbPTFj.s:3505   .text.startup._GLOBAL__sub_I_hw:0000000000000044 $d
/var/folders/5h/m58cqcc50w3bl35rb6m75qwc0000gn/T//ccMbPTFj.s:3517   .init_array:0000000000000000 $d
/var/folders/5h/m58cqcc50w3bl35rb6m75qwc0000gn/T//ccMbPTFj.s:3565   .bss.trig_was_high:0000000000000000 trig_was_high
/var/folders/5h/m58cqcc50w3bl35rb6m75qwc0000gn/T//ccMbPTFj.s:3552   .bss.kick_muted:0000000000000000 kick_muted
/var/folders/5h/m58cqcc50w3bl35rb6m75qwc0000gn/T//ccMbPTFj.s:3572   .data.duck_coeff:0000000000000000 duck_coeff
/var/folders/5h/m58cqcc50w3bl35rb6m75qwc0000gn/T//ccMbPTFj.s:3539   .bss.duck_env:0000000000000000 duck_env
/var/folders/5h/m58cqcc50w3bl35rb6m75qwc0000gn/T//ccMbPTFj.s:3579   .data.kick:0000000000000000 kick
/var/folders/5h/m58cqcc50w3bl35rb6m75qwc0000gn/T//ccMbPTFj.s:3559   .bss.toggle:0000000000000000 toggle
/var/folders/5h/m58cqcc50w3bl35rb6m75qwc0000gn/T//ccMbPTFj.s:3532   .bss.button:0000000000000000 button
/var/folders/5h/m58cqcc50w3bl35rb6m75qwc0000gn/T//ccMbPTFj.s:3546   .bss.hw:0000000000000000 hw
/var/folders/5h/m58cqcc50w3bl35rb6m75qwc0000gn/T//ccMbPTFj.s:3528   .bss.button:0000000000000000 $d
/var/folders/5h/m58cqcc50w3bl35rb6m75qwc0000gn/T//ccMbPTFj.s:3535   .bss.duck_env:0000000000000000 $d
/var/folders/5h/m58cqcc50w3bl35rb6m75qwc0000gn/T//ccMbPTFj.s:3542   .bss.hw:0000000000000000 $d
/var/folders/5h/m58cqcc50w3bl35rb6m75qwc0000gn/T//ccMbPTFj.s:3553   .bss.kick_muted:0000000000000000 $d
/var/folders/5h/m58cqcc50w3bl35rb6m75qwc0000gn/T//ccMbPTFj.s:3555   .bss.toggle:0000000000000000 $d
/var/folders/5h/m58cqcc50w3bl35rb6m75qwc0000gn/T//ccMbPTFj.s:3566   .bss.trig_was_high:0000000000000000 $d
/var/folders/5h/m58cqcc50w3bl35rb6m75qwc0000gn/T//ccMbPTFj.s:3568   .data.duck_coeff:0000000000000000 $d
/var/folders/5h/m58cqcc50w3bl35rb6m75qwc0000gn/T//ccMbPTFj.s:3575   .data.kick:0000000000000000 $d
                           .group:0000000000000000 _ZN5daisy6SwitchD5Ev
                           .group:0000000000000000 _ZN5daisy8patch_sm12DaisyPatchSMD5Ev

UNDEFINED SYMBOLS
powf
tanhf
_ZN5daisy8patch_sm12DaisyPatchSM21ProcessAnalogControlsEv
_ZN5daisy8patch_sm12DaisyPatchSM22ProcessDigitalControlsEv
_ZN5daisy6Switch8DebounceEv
_ZN5daisy8patch_sm12DaisyPatchSM11GetAdcValueEi
expf
_ZN5daisy8patch_sm12DaisyPatchSM6SetLedEb
_ZN5daisy8patch_sm12DaisyPatchSM4InitEv
_ZN5daisy8patch_sm12DaisyPatchSM17SetAudioBlockSizeEj
ARM GAS  /var/folders/5h/m58cqcc50w3bl35rb6m75qwc0000gn/T//ccMbPTFj.s 			page 112


_ZN5daisy8patch_sm12DaisyPatchSM18SetAudioSampleRateENS_9SaiHandle6Config10SampleRateE
_ZN5daisy8patch_sm12DaisyPatchSM15AudioSampleRateEv
_ZN5daisy8patch_sm12DaisyPatchSM17AudioCallbackRateEv
_ZN5daisy6Switch4InitE12dsy_gpio_pinf
sinf
cosf
_ZN5daisy8patch_sm12DaisyPatchSM8StartAdcEv
_ZN5daisy8patch_sm12DaisyPatchSM10StartAudioEPFvPKPKfPPfjE
__aeabi_atexit
__dso_handle
